amount,status,date,fee_id,user_id,affiliate_id,created_at
2620,Pagado,1999-02-01,1,2548,4,1977-05-01 00:00:00.000000000
20,Pagado,2001-12-01,1,2548,4,2001-12-01 00:00:00.000000000
720,Pagado,2002-03-01,1,2548,4,1999-03-01 00:00:00.000000000
1240,Pagado,2004-04-01,1,2548,10,1999-03-01 00:00:00.000000000
2720,Pagado,1999-05-01,1,2548,12,1977-05-01 00:00:00.000000000
1020,Pagado,1995-12-01,1,2548,13,1987-07-01 00:00:00.000000000
280,Pagado,2001-04-01,1,2548,17,2000-03-01 00:00:00.000000000
200,Pagado,2002-02-01,1,2548,17,2001-05-01 00:00:00.000000000
200,Pagado,2002-12-01,1,2548,17,2002-03-01 00:00:00.000000000
200,Pagado,2003-10-01,1,2548,17,2003-01-01 00:00:00.000000000
200,Pagado,2004-08-01,1,2548,17,2003-11-01 00:00:00.000000000
200,Pagado,2005-06-01,1,2548,17,2004-09-01 00:00:00.000000000
200,Pagado,2006-04-01,1,2548,17,2005-07-01 00:00:00.000000000
80,Pagado,2002-04-01,1,2548,19,2002-01-01 00:00:00.000000000
3280,Pagado,2010-08-01,1,2548,24,1997-01-01 00:00:00.000000000
3290,Pagado,2024-03-01,1,2548,24,2010-09-01 00:00:00.000000000
200,Pagado,2000-12-01,1,2548,27,2000-03-01 00:00:00.000000000
240,Pagado,2001-02-01,1,2548,27,2000-03-01 00:00:00.000000000
420,Pagado,2002-11-01,1,2548,27,2001-03-01 00:00:00.000000000
20,Pagado,2002-12-01,1,2548,27,2002-12-01 00:00:00.000000000
100,Pagado,2003-05-01,1,2548,27,2003-01-01 00:00:00.000000000
140,Pagado,2004-10-01,1,2548,27,2004-04-01 00:00:00.000000000
40,Pagado,2004-12-01,1,2548,27,2004-11-01 00:00:00.000000000
280,Pagado,2006-02-01,1,2548,27,2005-01-01 00:00:00.000000000
620,Pagado,2003-09-01,1,2548,28,2001-03-01 00:00:00.000000000
500,Pagado,2005-10-01,1,2548,28,2003-10-01 00:00:00.000000000
40,Pagado,2005-12-01,1,2548,28,2005-11-01 00:00:00.000000000
240,Pagado,2006-12-01,1,2548,28,2006-01-01 00:00:00.000000000
100,Pagado,2007-05-01,1,2548,28,2007-01-01 00:00:00.000000000
20,Pagado,2007-06-01,1,2548,28,2007-06-01 00:00:00.000000000
40,Pagado,2007-08-01,1,2548,28,2007-07-01 00:00:00.000000000
80,Pagado,2007-12-01,1,2548,28,2007-09-01 00:00:00.000000000
60,Pagado,2008-03-01,1,2548,28,2008-01-01 00:00:00.000000000
20,Pagado,2008-04-01,1,2548,28,2008-04-01 00:00:00.000000000
20,Pagado,2008-05-01,1,2548,28,2008-05-01 00:00:00.000000000
40,Pagado,2008-07-01,1,2548,28,2008-06-01 00:00:00.000000000
20,Pagado,2001-12-01,1,2548,29,2001-12-01 00:00:00.000000000
60,Pagado,2002-03-01,1,2548,32,2002-01-01 00:00:00.000000000
40,Pagado,2002-05-01,1,2548,32,2002-04-01 00:00:00.000000000
60,Pagado,2002-08-01,1,2548,32,2002-06-01 00:00:00.000000000
80,Pagado,2002-12-01,1,2548,32,2002-09-01 00:00:00.000000000
80,Pagado,2003-04-01,1,2548,32,2003-01-01 00:00:00.000000000
100,Pagado,2003-09-01,1,2548,32,2003-05-01 00:00:00.000000000
20,Pagado,2001-12-01,1,2548,35,2001-12-01 00:00:00.000000000
2620,Pagado,1999-02-01,1,2548,36,1977-05-01 00:00:00.000000000
1240,Pagado,2004-04-01,1,2548,36,1999-03-01 00:00:00.000000000
6580,Pagado,2004-09-01,1,2548,40,1977-05-01 00:00:00.000000000
2610,Pagado,1999-02-01,1,2548,41,1977-06-01 00:00:00.000000000
620,Pagado,2001-09-01,1,2548,41,1999-03-01 00:00:00.000000000
280,Pagado,2002-11-01,1,2548,41,2001-10-01 00:00:00.000000000
160,Pagado,2003-07-01,1,2548,41,2002-12-01 00:00:00.000000000
40,Pagado,2003-09-01,1,2548,41,2003-08-01 00:00:00.000000000
2610,Pagado,1999-02-01,1,2548,47,1977-06-01 00:00:00.000000000
1260,Pagado,2004-05-01,1,2548,47,1999-03-01 00:00:00.000000000
380,Pagado,1995-12-01,1,2548,48,1977-06-01 00:00:00.000000000
2600,Pagado,1999-02-01,1,2548,49,1977-06-01 00:00:00.000000000
460,Pagado,2001-01-01,1,2548,49,1999-03-01 00:00:00.000000000
20,Pagado,2001-12-01,1,2548,50,2001-12-01 00:00:00.000000000
20,Pagado,2001-12-01,1,2548,61,2001-12-01 00:00:00.000000000
60,Pagado,2002-03-01,1,2548,62,2002-01-01 00:00:00.000000000
80,Pagado,2002-07-01,1,2548,62,2002-04-01 00:00:00.000000000
60,Pagado,2002-10-01,1,2548,62,2002-08-01 00:00:00.000000000
80,Pagado,2003-02-01,1,2548,62,2002-11-01 00:00:00.000000000
660,Pagado,2005-11-01,1,2548,62,2003-03-01 00:00:00.000000000
2110,Pagado,1999-02-01,1,2548,67,1978-06-01 00:00:00.000000000
1000,Pagado,2004-11-01,1,2548,68,2000-10-01 00:00:00.000000000
1000,Pagado,2009-01-01,1,2548,68,2004-12-01 00:00:00.000000000
200,Pagado,2009-11-01,1,2548,68,2009-02-01 00:00:00.000000000
200,Pagado,2010-09-01,1,2548,68,2009-12-01 00:00:00.000000000
260,Pagado,2011-10-01,1,2548,68,2010-10-01 00:00:00.000000000
300,Pagado,2012-01-01,1,2548,68,2011-11-01 00:00:00.000000000
200,Pagado,2001-06-01,1,2548,70,2000-09-01 00:00:00.000000000
200,Pagado,2002-04-01,1,2548,70,2001-07-01 00:00:00.000000000
80,Pagado,2002-08-01,1,2548,70,2002-05-01 00:00:00.000000000
20,Pagado,2002-09-01,1,2548,70,2002-09-01 00:00:00.000000000
100,Pagado,2004-12-01,1,2548,70,2004-08-01 00:00:00.000000000
100,Pagado,2005-05-01,1,2548,70,2005-01-01 00:00:00.000000000
80,Pagado,2005-09-01,1,2548,70,2005-06-01 00:00:00.000000000
40,Pagado,2005-11-01,1,2548,70,2005-10-01 00:00:00.000000000
180,Pagado,2006-06-01,1,2548,70,2005-10-01 00:00:00.000000000
60,Pagado,2006-09-01,1,2548,70,2006-07-01 00:00:00.000000000
60,Pagado,2006-12-01,1,2548,70,2006-10-01 00:00:00.000000000
160,Pagado,2007-08-01,1,2548,70,2007-01-01 00:00:00.000000000
20,Pagado,2007-09-01,1,2548,70,2007-09-01 00:00:00.000000000
80,Pagado,2007-12-01,1,2548,70,2007-09-01 00:00:00.000000000
100,Pagado,2008-05-01,1,2548,70,2008-01-01 00:00:00.000000000
40,Pagado,2008-07-01,1,2548,70,2008-06-01 00:00:00.000000000
20,Pagado,2008-08-01,1,2548,70,2008-08-01 00:00:00.000000000
40,Pagado,2008-11-01,1,2548,70,2008-10-01 00:00:00.000000000
60,Pagado,2009-02-01,1,2548,70,2008-12-01 00:00:00.000000000
100,Pagado,2009-07-01,1,2548,70,2009-03-01 00:00:00.000000000
100,Pagado,2009-12-01,1,2548,70,2009-08-01 00:00:00.000000000
100,Pagado,2010-05-01,1,2548,70,2010-01-01 00:00:00.000000000
60,Pagado,2010-08-01,1,2548,70,2010-06-01 00:00:00.000000000
40,Pagado,2010-09-01,1,2548,70,2010-08-01 00:00:00.000000000
60,Pagado,2010-12-01,1,2548,70,2010-10-01 00:00:00.000000000
100,Pagado,2011-05-01,1,2548,70,2011-01-01 00:00:00.000000000
40,Pagado,2011-07-01,1,2548,70,2011-06-01 00:00:00.000000000
100,Pagado,2011-12-01,1,2548,70,2011-08-01 00:00:00.000000000
240,Pagado,2012-12-01,1,2548,70,2012-01-01 00:00:00.000000000
100,Pagado,2013-05-01,1,2548,70,2013-01-01 00:00:00.000000000
140,Pagado,2013-12-01,1,2548,70,2013-06-01 00:00:00.000000000
40,Pagado,2014-02-01,1,2548,70,2014-01-01 00:00:00.000000000
60,Pagado,2014-05-01,1,2548,70,2014-03-01 00:00:00.000000000
140,Pagado,2014-12-01,1,2548,70,2014-06-01 00:00:00.000000000
100,Pagado,2015-10-01,1,2548,70,2015-06-01 00:00:00.000000000
100,Pagado,2016-03-01,1,2548,70,2015-11-01 00:00:00.000000000
200,Pagado,2017-01-01,1,2548,70,2016-04-01 00:00:00.000000000
20,Pagado,2017-02-01,1,2548,70,2017-02-01 00:00:00.000000000
20,Pagado,2017-03-01,1,2548,70,2017-03-01 00:00:00.000000000
20,Pagado,2017-04-01,1,2548,70,2017-04-01 00:00:00.000000000
20,Pagado,2017-05-01,1,2548,70,2017-05-01 00:00:00.000000000
20,Pagado,2017-06-01,1,2548,70,2017-06-01 00:00:00.000000000
100,Pagado,2017-11-01,1,2548,70,2017-07-01 00:00:00.000000000
260,Pagado,2018-12-01,1,2548,70,2017-12-01 00:00:00.000000000
240,Pagado,2019-12-01,1,2548,70,2019-01-01 00:00:00.000000000
140,Pagado,2020-07-01,1,2548,70,2020-01-01 00:00:00.000000000
1140,Pagado,2005-09-01,1,2548,71,2000-03-01 00:00:00.000000000
120,Pagado,2001-12-01,1,2548,73,2001-07-01 00:00:00.000000000
60,Pagado,2002-03-01,1,2548,73,2002-01-01 00:00:00.000000000
100,Pagado,2002-08-01,1,2548,73,2002-04-01 00:00:00.000000000
760,Pagado,2005-11-01,1,2548,73,2002-10-01 00:00:00.000000000
340,Pagado,1999-02-01,1,2548,74,1996-05-01 00:00:00.000000000
380,Pagado,2000-09-01,1,2548,74,1999-03-01 00:00:00.000000000
200,Pagado,2002-02-01,1,2548,80,2001-05-01 00:00:00.000000000
60,Pagado,2002-05-01,1,2548,80,2002-03-01 00:00:00.000000000
100,Pagado,2002-10-01,1,2548,80,2002-06-01 00:00:00.000000000
200,Pagado,2003-08-01,1,2548,80,2002-11-01 00:00:00.000000000
2400,Pagado,1989-12-01,1,2548,88,1980-01-01 00:00:00.000000000
180,Pagado,1990-11-01,1,2548,88,1990-03-01 00:00:00.000000000
240,Pagado,2001-02-01,1,2548,96,2000-03-01 00:00:00.000000000
200,Pagado,2001-12-01,1,2548,96,2001-03-01 00:00:00.000000000
120,Pagado,2004-11-01,1,2548,96,2004-06-01 00:00:00.000000000
300,Pagado,2003-06-01,1,2548,97,2002-04-01 00:00:00.000000000
300,Pagado,2004-09-01,1,2548,97,2003-07-01 00:00:00.000000000
300,Pagado,2005-12-01,1,2548,97,2004-10-01 00:00:00.000000000
1040,Pagado,2002-04-01,1,2548,98,1996-01-01 00:00:00.000000000
780,Pagado,2005-07-01,1,2548,98,2002-05-01 00:00:00.000000000
40,Pagado,2005-09-01,1,2548,98,2005-08-01 00:00:00.000000000
60,Pagado,2004-09-01,1,2548,99,2004-07-01 00:00:00.000000000
120,Pagado,2005-05-01,1,2548,99,2004-12-01 00:00:00.000000000
1100,Pagado,2009-12-01,1,2548,99,2005-06-01 00:00:00.000000000
100,Pagado,2005-04-01,1,2548,100,2004-12-01 00:00:00.000000000
2310,Pagado,1999-02-01,1,2548,112,1979-12-01 00:00:00.000000000
80,Pagado,1999-06-01,1,2548,112,1999-03-01 00:00:00.000000000
2310,Pagado,1999-02-01,1,2548,114,1979-12-01 00:00:00.000000000
20,Pagado,2001-12-01,1,2548,114,2001-12-01 00:00:00.000000000
780,Pagado,2002-05-01,1,2548,114,1999-03-01 00:00:00.000000000
1260,Pagado,2007-08-01,1,2548,114,2002-06-01 00:00:00.000000000
740,Pagado,2010-09-01,1,2548,114,2007-09-01 00:00:00.000000000
120,Pagado,2002-12-01,1,2548,117,2002-01-01 00:00:00.000000000
100,Pagado,2003-10-01,1,2548,117,2003-01-01 00:00:00.000000000
120,Pagado,2004-10-01,1,2548,117,2003-11-01 00:00:00.000000000
100,Pagado,2005-03-01,1,2548,117,2004-11-01 00:00:00.000000000
100,Pagado,2005-08-01,1,2548,117,2005-04-01 00:00:00.000000000
2290,Pagado,1999-02-01,1,2548,120,1980-02-01 00:00:00.000000000
1620,Pagado,2005-11-01,1,2548,120,1999-03-01 00:00:00.000000000
300,Pagado,2001-10-01,1,2548,121,2000-08-01 00:00:00.000000000
200,Pagado,2002-08-01,1,2548,121,2001-11-01 00:00:00.000000000
80,Pagado,2002-12-01,1,2548,121,2002-09-01 00:00:00.000000000
100,Pagado,2003-05-01,1,2548,121,2003-01-01 00:00:00.000000000
20,Pagado,2003-06-01,1,2548,121,2003-06-01 00:00:00.000000000
60,Pagado,2003-09-01,1,2548,121,2003-07-01 00:00:00.000000000
60,Pagado,2003-12-01,1,2548,121,2003-10-01 00:00:00.000000000
20,Pagado,2003-12-01,1,2548,121,2003-12-01 00:00:00.000000000
40,Pagado,2004-02-01,1,2548,121,2004-01-01 00:00:00.000000000
60,Pagado,2004-03-01,1,2548,121,2004-01-01 00:00:00.000000000
1200,Pagado,2004-05-01,1,2548,121,1999-03-01 00:00:00.000000000
20,Pagado,2005-03-01,1,2548,121,2005-03-01 00:00:00.000000000
20,Pagado,2005-04-01,1,2548,121,2005-04-01 00:00:00.000000000
40,Pagado,2005-06-01,1,2548,121,2005-05-01 00:00:00.000000000
60,Pagado,2005-09-01,1,2548,121,2005-07-01 00:00:00.000000000
20,Pagado,2005-10-01,1,2548,121,2005-10-01 00:00:00.000000000
20,Pagado,2005-11-01,1,2548,121,2005-11-01 00:00:00.000000000
200,Pagado,2006-10-01,1,2548,121,2006-01-01 00:00:00.000000000
280,Pagado,2007-12-01,1,2548,121,2006-11-01 00:00:00.000000000
200,Pagado,2008-10-01,1,2548,121,2008-01-01 00:00:00.000000000
280,Pagado,2009-12-01,1,2548,121,2008-11-01 00:00:00.000000000
20,Pagado,2010-01-01,1,2548,121,2010-01-01 00:00:00.000000000
220,Pagado,2010-12-01,1,2548,121,2010-02-01 00:00:00.000000000
720,Pagado,2013-12-01,1,2548,121,2011-01-01 00:00:00.000000000
140,Pagado,2000-04-01,1,2548,122,1999-10-01 00:00:00.000000000
200,Pagado,2001-02-01,1,2548,122,2000-05-01 00:00:00.000000000
200,Pagado,2001-12-01,1,2548,122,2001-03-01 00:00:00.000000000
200,Pagado,2002-08-01,1,2548,122,2002-11-01 00:00:00.000000000
200,Pagado,2002-10-01,1,2548,122,2002-01-01 00:00:00.000000000
20,Pagado,2003-09-01,1,2548,122,2003-09-01 00:00:00.000000000
100,Pagado,2004-02-01,1,2548,122,2003-10-01 00:00:00.000000000
100,Pagado,2004-07-01,1,2548,122,2004-03-01 00:00:00.000000000
100,Pagado,2004-12-01,1,2548,122,2004-08-01 00:00:00.000000000
240,Pagado,2005-12-01,1,2548,122,2005-01-01 00:00:00.000000000
4320,Pagado,2023-12-01,1,2548,122,2006-01-01 00:00:00.000000000
90,Pagado,2024-03-01,1,2548,122,2024-01-01 00:00:00.000000000
60,Pagado,1999-02-01,1,2548,123,1998-09-01 00:00:00.000000000
60,Pagado,1999-05-01,1,2548,123,1999-03-01 00:00:00.000000000
60,Pagado,1999-08-01,1,2548,123,1999-06-01 00:00:00.000000000
60,Pagado,1999-11-01,1,2548,123,1999-09-01 00:00:00.000000000
60,Pagado,2000-02-01,1,2548,123,1999-12-01 00:00:00.000000000
60,Pagado,2000-02-01,1,2548,123,1999-12-01 00:00:00.000000000
200,Pagado,2001-03-01,1,2548,123,2000-06-01 00:00:00.000000000
100,Pagado,2001-08-01,1,2548,123,2001-04-01 00:00:00.000000000
200,Pagado,2002-06-01,1,2548,123,2001-09-01 00:00:00.000000000
100,Pagado,2002-12-01,1,2548,123,2002-07-01 00:00:00.000000000
100,Pagado,2003-04-01,1,2548,123,2002-12-01 00:00:00.000000000
123,Pagado,2003-06-01,1,2548,123,2003-05-01 00:00:00.000000000
60,Pagado,2003-09-01,1,2548,123,2003-07-01 00:00:00.000000000
20,Pagado,2003-10-01,1,2548,123,2003-10-01 00:00:00.000000000
20,Pagado,2003-11-01,1,2548,123,2003-11-01 00:00:00.000000000
20,Pagado,2003-12-01,1,2548,123,2003-12-01 00:00:00.000000000
20,Pagado,2004-01-01,1,2548,123,2004-01-01 00:00:00.000000000
20,Pagado,2004-03-01,1,2548,123,2004-03-01 00:00:00.000000000
80,Pagado,2004-12-01,1,2548,123,2004-09-01 00:00:00.000000000
20,Pagado,2005-01-01,1,2548,123,2005-01-01 00:00:00.000000000
80,Pagado,2005-05-01,1,2548,123,2005-02-01 00:00:00.000000000
40,Pagado,2005-07-01,1,2548,123,2005-06-01 00:00:00.000000000
60,Pagado,2005-10-01,1,2548,123,2005-08-01 00:00:00.000000000
40,Pagado,2005-12-01,1,2548,123,2005-11-01 00:00:00.000000000
120,Pagado,2006-06-01,1,2548,123,2006-01-01 00:00:00.000000000
2240,Pagado,1999-02-01,1,2548,124,1980-07-01 00:00:00.000000000
20,Pagado,2001-12-01,1,2548,124,2001-12-01 00:00:00.000000000
1260,Pagado,2004-05-01,1,2548,124,1999-03-01 00:00:00.000000000
1060,Pagado,2008-10-01,1,2548,124,2004-06-01 00:00:00.000000000
200,Pagado,2009-08-01,1,2548,124,2008-11-01 00:00:00.000000000
4340,Pagado,2000-02-01,1,2548,126,1982-02-01 00:00:00.000000000
160,Pagado,2000-10-01,1,2548,126,2000-03-01 00:00:00.000000000
140,Pagado,2002-03-01,1,2548,127,2001-09-01 00:00:00.000000000
200,Pagado,2003-01-01,1,2548,127,2002-04-01 00:00:00.000000000
140,Pagado,2003-08-01,1,2548,127,2003-02-01 00:00:00.000000000
60,Pagado,2007-08-01,1,2548,127,2007-06-01 00:00:00.000000000
60,Pagado,2007-11-01,1,2548,127,2007-09-01 00:00:00.000000000
100,Pagado,2009-05-01,1,2548,127,2009-01-01 00:00:00.000000000
190,Pagado,1999-05-01,1,2548,128,1998-02-01 00:00:00.000000000
200,Pagado,2000-03-01,1,2548,128,1999-06-01 00:00:00.000000000
200,Pagado,2001-01-01,1,2548,128,2000-04-01 00:00:00.000000000
200,Pagado,2001-11-01,1,2548,128,2001-02-01 00:00:00.000000000
100,Pagado,2002-04-01,1,2548,128,2001-12-01 00:00:00.000000000
1870,Pagado,1997-12-01,1,2548,131,1982-06-01 00:00:00.000000000
380,Pagado,1999-02-01,1,2548,133,1996-01-01 00:00:00.000000000
660,Pagado,2001-11-01,1,2548,133,1999-03-01 00:00:00.000000000
20,Pagado,2001-12-01,1,2548,133,2001-12-01 00:00:00.000000000
60,Pagado,2002-03-01,1,2548,133,2002-01-01 00:00:00.000000000
650,Pagado,1999-02-01,1,2548,134,1993-10-01 00:00:00.000000000
180,Pagado,1999-11-01,1,2548,134,1999-03-01 00:00:00.000000000
390,Pagado,1985-10-01,1,2548,139,1985-08-01 00:00:00.000000000
se le dejo sms,Pagado,2001-12-01,1,2548,141,2001-12-01 00:00:00.000000000
1260,Pagado,2004-05-01,1,2548,141,1999-03-01 00:00:00.000000000
1760,Pagado,1997-02-01,1,2548,146,1982-07-01 00:00:00.000000000
200,Pagado,1997-11-01,1,2548,146,1997-02-01 00:00:00.000000000
120,Pagado,2002-12-01,1,2548,147,2002-07-01 00:00:00.000000000
120,Pagado,2003-12-01,1,2548,147,2003-07-01 00:00:00.000000000
120,Pagado,2004-06-01,1,2548,147,2004-01-01 00:00:00.000000000
120,Pagado,2005-12-01,1,2548,147,2005-07-01 00:00:00.000000000
120,Pagado,2006-06-01,1,2548,147,2006-01-01 00:00:00.000000000
120,Pagado,2006-12-01,1,2548,147,2006-07-01 00:00:00.000000000
120,Pagado,2007-06-01,1,2548,147,2007-01-01 00:00:00.000000000
120,Pagado,2007-06-01,1,2548,147,2007-01-01 00:00:00.000000000
120,Pagado,2007-12-01,1,2548,147,2007-07-01 00:00:00.000000000
120,Pagado,2008-06-01,1,2548,147,2008-01-01 00:00:00.000000000
120,Pagado,2008-12-01,1,2548,147,2008-07-01 00:00:00.000000000
120,Pagado,2009-06-01,1,2548,147,2009-01-01 00:00:00.000000000
120,Pagado,2009-12-01,1,2548,147,2009-07-01 00:00:00.000000000
120,Pagado,2010-06-01,1,2548,147,2010-01-01 00:00:00.000000000
120,Pagado,2010-12-01,1,2548,147,2010-07-01 00:00:00.000000000
120,Pagado,2011-06-01,1,2548,147,2011-01-01 00:00:00.000000000
120,Pagado,2011-12-01,1,2548,147,2011-07-01 00:00:00.000000000
120,Pagado,2012-06-01,1,2548,147,2012-01-01 00:00:00.000000000
120,Pagado,2012-12-01,1,2548,147,2012-07-01 00:00:00.000000000
1660,Pagado,1999-12-01,1,2548,149,1987-01-01 00:00:00.000000000
20,Pagado,2001-12-01,1,2548,153,2001-12-01 00:00:00.000000000
1420,Pagado,2008-11-01,1,2548,153,2003-01-01 00:00:00.000000000
1000,Pagado,1987-11-01,1,2548,156,1983-10-01 00:00:00.000000000
1930,Pagado,1999-03-01,1,2548,158,1983-04-01 00:00:00.000000000
1560,Pagado,1999-07-01,1,2548,159,1987-01-01 00:00:00.000000000
20,Pagado,2001-12-01,1,2548,161,2001-12-01 00:00:00.000000000
500,Pagado,2006-06-01,1,2548,161,2004-06-01 00:00:00.000000000
200,Pagado,2007-05-01,1,2548,161,2006-08-01 00:00:00.000000000
300,Pagado,2008-08-01,1,2548,161,2007-06-01 00:00:00.000000000
20,Pagado,2001-12-01,1,2548,162,2001-12-01 00:00:00.000000000
100,Pagado,2002-10-01,1,2548,162,2002-06-01 00:00:00.000000000
100,Pagado,2003-03-01,1,2548,162,2002-11-01 00:00:00.000000000
100,Pagado,2003-03-01,1,2548,162,2002-11-01 00:00:00.000000000
2230,Pagado,2000-03-01,1,2548,163,1982-10-01 00:00:00.000000000
20,Pagado,2001-12-01,1,2548,165,2001-12-01 00:00:00.000000000
2150,Pagado,2002-04-01,1,2548,165,1987-02-01 00:00:00.000000000
20,Pagado,2001-12-01,1,2548,166,2001-12-01 00:00:00.000000000
1060,Pagado,2008-10-01,1,2548,166,2004-06-01 00:00:00.000000000
1600,Pagado,1999-09-01,1,2548,167,1987-01-01 00:00:00.000000000
1600,Pagado,2007-01-01,1,2548,170,2000-06-01 00:00:00.000000000
220,Pagado,2007-12-01,1,2548,170,2007-02-01 00:00:00.000000000
210,Pagado,1999-02-01,1,2548,171,1997-06-01 00:00:00.000000000
200,Pagado,1999-12-01,1,2548,171,1999-03-01 00:00:00.000000000
100,Pagado,2000-05-01,1,2548,171,2000-01-01 00:00:00.000000000
100,Pagado,2000-10-01,1,2548,171,2000-06-01 00:00:00.000000000
100,Pagado,2001-03-01,1,2548,171,2000-11-01 00:00:00.000000000
20,Pagado,2001-12-01,1,2548,172,2001-12-01 00:00:00.000000000
1420,Pagado,2005-11-01,1,2548,173,2000-01-01 00:00:00.000000000
1690,Pagado,1996-12-01,1,2548,176,1982-12-01 00:00:00.000000000
1480,Pagado,1999-03-01,1,2548,179,1983-06-01 00:00:00.000000000
20,Pagado,2001-12-01,1,2548,182,2001-12-01 00:00:00.000000000
1240,Pagado,2004-05-01,1,2548,182,1999-03-01 00:00:00.000000000
20,Pagado,2001-12-01,1,2548,183,2001-12-01 00:00:00.000000000
1240,Pagado,2004-05-01,1,2548,183,1999-03-01 00:00:00.000000000
200,Pagado,1998-12-01,1,2548,184,1997-05-01 00:00:00.000000000
20,Pagado,1999-02-01,1,2548,184,1999-01-01 00:00:00.000000000
140,Pagado,1999-09-01,1,2548,184,1999-03-01 00:00:00.000000000
60,Pagado,2002-09-01,1,2548,187,2002-07-01 00:00:00.000000000
60,Pagado,2002-11-01,1,2548,187,2002-10-01 00:00:00.000000000
120,Pagado,2003-06-01,1,2548,187,2003-01-01 00:00:00.000000000
40,Pagado,2003-08-01,1,2548,187,2003-07-01 00:00:00.000000000
80,Pagado,2003-12-01,1,2548,187,2003-09-01 00:00:00.000000000
240,Pagado,2004-12-01,1,2548,187,2004-01-01 00:00:00.000000000
40,Pagado,2005-02-01,1,2548,187,2005-01-01 00:00:00.000000000
40,Pagado,2005-04-01,1,2548,187,2005-03-01 00:00:00.000000000
60,Pagado,2005-07-01,1,2548,187,2005-05-01 00:00:00.000000000
60,Pagado,2005-10-01,1,2548,187,2005-08-01 00:00:00.000000000
40,Pagado,2005-12-01,1,2548,187,2005-11-01 00:00:00.000000000
150,Pagado,1999-03-01,1,2548,188,1998-01-01 00:00:00.000000000
200,Pagado,2000-01-01,1,2548,188,1999-04-01 00:00:00.000000000
200,Pagado,2000-11-01,1,2548,188,2000-02-01 00:00:00.000000000
100,Pagado,2001-05-01,1,2548,188,2001-01-01 00:00:00.000000000
100,Pagado,2001-10-01,1,2548,188,2001-06-01 00:00:00.000000000
200,Pagado,2002-08-01,1,2548,188,2001-11-01 00:00:00.000000000
100,Pagado,2003-01-01,1,2548,188,2002-09-01 00:00:00.000000000
240,Pagado,2004-01-01,1,2548,188,2003-02-01 00:00:00.000000000
40,Pagado,2005-11-01,1,2548,188,2004-12-01 00:00:00.000000000
80,Pagado,2006-03-01,1,2548,188,2005-12-01 00:00:00.000000000
1000,Pagado,2010-05-01,1,2548,188,2006-04-01 00:00:00.000000000
1000,Pagado,2014-07-01,1,2548,188,2010-06-01 00:00:00.000000000
1000,Pagado,2018-08-01,1,2548,188,2014-08-01 00:00:00.000000000
700,Pagado,2021-07-01,1,2548,188,2018-09-01 00:00:00.000000000
500,Pagado,2023-08-01,1,2548,188,2021-08-01 00:00:00.000000000
100,Pagado,2024-01-01,1,2548,188,2023-09-01 00:00:00.000000000
180,Pagado,2024-07-01,1,2548,188,2024-02-01 00:00:00.000000000
150,Pagado,2024-12-01,1,2548,188,2024-08-01 00:00:00.000000000
210,Pagado,2025-07-01,1,2548,188,2025-01-01 00:00:00.000000000
150,Pagado,2025-12-01,1,2548,188,2025-08-01 00:00:00.000000000
300,Pagado,2026-10-01,1,2548,188,2026-01-01 00:00:00.000000000
20,Pagado,2001-12-01,1,2548,193,2001-12-01 00:00:00.000000000
40,Pagado,2002-08-01,1,2548,193,2002-07-01 00:00:00.000000000
80,Pagado,2002-12-01,1,2548,193,2002-09-01 00:00:00.000000000
100,Pagado,2003-05-01,1,2548,193,2003-01-01 00:00:00.000000000
140,Pagado,2003-12-01,1,2548,193,2003-06-01 00:00:00.000000000
200,Pagado,2004-10-01,1,2548,193,2004-01-01 00:00:00.000000000
100,Pagado,2005-03-01,1,2548,193,2004-11-01 00:00:00.000000000
200,Pagado,2006-01-01,1,2548,193,2005-04-01 00:00:00.000000000
200,Pagado,2006-11-01,1,2548,193,2006-02-01 00:00:00.000000000
100,Pagado,2007-04-01,1,2548,193,2006-12-01 00:00:00.000000000
160,Pagado,2007-12-01,1,2548,193,2007-05-01 00:00:00.000000000
60,Pagado,2008-03-01,1,2548,193,2008-01-01 00:00:00.000000000
40,Pagado,2008-05-01,1,2548,193,2008-04-01 00:00:00.000000000
60,Pagado,2008-08-01,1,2548,193,2008-06-01 00:00:00.000000000
20,Pagado,2008-09-01,1,2548,193,2008-09-01 00:00:00.000000000
20,Pagado,2008-10-01,1,2548,193,2008-10-01 00:00:00.000000000
20,Pagado,2008-11-01,1,2548,193,2008-11-01 00:00:00.000000000
20,Pagado,2008-12-01,1,2548,193,2008-12-01 00:00:00.000000000
60,Pagado,2009-03-01,1,2548,193,2009-01-01 00:00:00.000000000
40,Pagado,2009-05-01,1,2548,193,2009-04-01 00:00:00.000000000
40,Pagado,2009-07-01,1,2548,193,2009-06-01 00:00:00.000000000
20,Pagado,2009-08-01,1,2548,193,2009-08-01 00:00:00.000000000
40,Pagado,2009-10-01,1,2548,193,2009-09-01 00:00:00.000000000
20,Pagado,2009-11-01,1,2548,193,2009-11-01 00:00:00.000000000
40,Pagado,2010-01-01,1,2548,193,2009-12-01 00:00:00.000000000
40,Pagado,2010-03-01,1,2548,193,2010-02-01 00:00:00.000000000
40,Pagado,2010-05-01,1,2548,193,2010-04-01 00:00:00.000000000
100,Pagado,2010-10-01,1,2548,193,2010-06-01 00:00:00.000000000
20,Pagado,2010-11-01,1,2548,193,2010-11-01 00:00:00.000000000
80,Pagado,2011-03-01,1,2548,193,2010-12-01 00:00:00.000000000
60,Pagado,2011-06-01,1,2548,193,2011-04-01 00:00:00.000000000
60,Pagado,2011-09-01,1,2548,193,2011-07-01 00:00:00.000000000
40,Pagado,2011-11-01,1,2548,193,2011-10-01 00:00:00.000000000
80,Pagado,2012-03-01,1,2548,193,2011-12-01 00:00:00.000000000
40,Pagado,2012-05-01,1,2548,193,2012-04-01 00:00:00.000000000
60,Pagado,2012-08-01,1,2548,193,2012-06-01 00:00:00.000000000
60,Pagado,2012-11-01,1,2548,193,2012-09-01 00:00:00.000000000
60,Pagado,2013-02-01,1,2548,193,2012-12-01 00:00:00.000000000
60,Pagado,2013-05-01,1,2548,193,2013-03-01 00:00:00.000000000
60,Pagado,2013-08-01,1,2548,193,2013-06-01 00:00:00.000000000
60,Pagado,2013-11-01,1,2548,193,2013-09-01 00:00:00.000000000
20,Pagado,2013-12-01,1,2548,193,2013-12-01 00:00:00.000000000
80,Pagado,2014-04-01,1,2548,193,2014-01-01 00:00:00.000000000
20,Pagado,2014-05-01,1,2548,193,2014-05-01 00:00:00.000000000
20,Pagado,2014-06-01,1,2548,193,2014-06-01 00:00:00.000000000
20,Pagado,2014-07-01,1,2548,193,2014-07-01 00:00:00.000000000
40,Pagado,2014-09-01,1,2548,193,2014-08-01 00:00:00.000000000
60,Pagado,2014-12-01,1,2548,193,2014-10-01 00:00:00.000000000
100,Pagado,2015-05-01,1,2548,193,2015-01-01 00:00:00.000000000
40,Pagado,2015-10-01,1,2548,193,2015-09-01 00:00:00.000000000
80,Pagado,2016-04-01,1,2548,193,2016-01-01 00:00:00.000000000
100,Pagado,2016-09-01,1,2548,193,2016-05-01 00:00:00.000000000
60,Pagado,2016-12-01,1,2548,193,2016-10-01 00:00:00.000000000
60,Pagado,2017-03-01,1,2548,193,2017-01-01 00:00:00.000000000
80,Pagado,2017-07-01,1,2548,193,2017-04-01 00:00:00.000000000
40,Pagado,2017-09-01,1,2548,193,2017-08-01 00:00:00.000000000
60,Pagado,2017-12-01,1,2548,193,2017-10-01 00:00:00.000000000
100,Pagado,2018-05-01,1,2548,193,2018-01-01 00:00:00.000000000
100,Pagado,2018-10-01,1,2548,193,2018-06-01 00:00:00.000000000
40,Pagado,2018-12-01,1,2548,193,2018-11-01 00:00:00.000000000
100,Pagado,2019-05-01,1,2548,193,2019-01-01 00:00:00.000000000
80,Pagado,2019-09-01,1,2548,193,2019-06-01 00:00:00.000000000
60,Pagado,2019-12-01,1,2548,193,2019-10-01 00:00:00.000000000
100,Pagado,2020-05-01,1,2548,193,2020-01-01 00:00:00.000000000
100,Pagado,2020-10-01,1,2548,193,2020-06-01 00:00:00.000000000
40,Pagado,2020-12-01,1,2548,193,2020-11-01 00:00:00.000000000
60,Pagado,2021-03-01,1,2548,193,2021-01-01 00:00:00.000000000
100,Pagado,2021-08-01,1,2548,193,2021-04-01 00:00:00.000000000
80,Pagado,2021-12-01,1,2548,193,2021-09-01 00:00:00.000000000
180,Pagado,2022-09-01,1,2548,193,2022-01-01 00:00:00.000000000
20,Pagado,2022-10-01,1,2548,193,2022-10-01 00:00:00.000000000
800,Pagado,2003-08-01,1,2548,195,2000-05-01 00:00:00.000000000
20,Pagado,2001-12-01,1,2548,198,2001-12-01 00:00:00.000000000
1240,Pagado,2004-05-01,1,2548,198,1999-03-01 00:00:00.000000000
400,Pagado,1995-06-01,1,2548,201,1985-03-01 00:00:00.000000000
200,Pagado,1996-04-01,1,2548,201,1995-07-01 00:00:00.000000000
120,Pagado,2001-09-01,1,2548,201,2001-04-01 00:00:00.000000000
300,Pagado,2002-12-01,1,2548,201,2001-10-01 00:00:00.000000000
40,Pagado,2003-02-01,1,2548,201,2003-01-01 00:00:00.000000000
60,Pagado,2003-03-01,1,2548,201,2003-01-01 00:00:00.000000000
40,Pagado,2003-05-01,1,2548,201,2003-04-01 00:00:00.000000000
20,Pagado,2003-06-01,1,2548,201,2003-06-01 00:00:00.000000000
140,Pagado,1999-10-01,1,2548,203,1999-04-01 00:00:00.000000000
40,Pagado,1999-12-01,1,2548,203,1999-11-01 00:00:00.000000000
120,Pagado,2000-06-01,1,2548,203,2000-01-01 00:00:00.000000000
120,Pagado,2000-12-01,1,2548,203,2000-07-01 00:00:00.000000000
240,Pagado,2001-12-01,1,2548,203,2001-01-01 00:00:00.000000000
80,Pagado,2002-04-01,1,2548,203,2002-01-01 00:00:00.000000000
4020,Pagado,2019-01-01,1,2548,203,2002-05-01 00:00:00.000000000
60,Pagado,2001-04-01,1,2548,204,2001-02-01 00:00:00.000000000
204,Pagado,2001-10-01,1,2548,204,2001-07-01 00:00:00.000000000
60,Pagado,2001-12-01,1,2548,204,2001-10-01 00:00:00.000000000
40,Pagado,2002-03-01,1,2548,204,2002-02-01 00:00:00.000000000
204,Pagado,2002-06-01,1,2548,204,2002-04-01 00:00:00.000000000
60,Pagado,2002-09-01,1,2548,204,2002-07-01 00:00:00.000000000
20,Pagado,2003-01-01,1,2548,204,2003-01-01 00:00:00.000000000
40,Pagado,2003-03-01,1,2548,204,2003-02-01 00:00:00.000000000
40,Pagado,2003-05-01,1,2548,204,2003-04-01 00:00:00.000000000
40,Pagado,2003-07-01,1,2548,204,2003-06-01 00:00:00.000000000
20,Pagado,2003-08-01,1,2548,204,2003-08-01 00:00:00.000000000
40,Pagado,2003-10-01,1,2548,204,2003-09-01 00:00:00.000000000
20,Pagado,2003-11-01,1,2548,204,2003-11-01 00:00:00.000000000
20,Pagado,2003-12-01,1,2548,204,2003-12-01 00:00:00.000000000
40,Pagado,2004-04-01,1,2548,204,2004-03-01 00:00:00.000000000
40,Pagado,2004-06-01,1,2548,204,2001-05-01 00:00:00.000000000
200,Pagado,2005-02-01,1,2548,204,2004-05-01 00:00:00.000000000
20,Pagado,2005-03-01,1,2548,204,2005-03-01 00:00:00.000000000
40,Pagado,2005-05-01,1,2548,204,2005-04-01 00:00:00.000000000
20,Pagado,2005-06-01,1,2548,204,2005-06-01 00:00:00.000000000
100,Pagado,2005-11-01,1,2548,204,2005-07-01 00:00:00.000000000
60,Pagado,2006-02-01,1,2548,204,2005-12-01 00:00:00.000000000
80,Pagado,2006-06-01,1,2548,204,2006-03-01 00:00:00.000000000
60,Pagado,2006-09-01,1,2548,204,2006-07-01 00:00:00.000000000
40,Pagado,2006-11-01,1,2548,204,2006-10-01 00:00:00.000000000
40,Pagado,2007-01-01,1,2548,204,2006-12-01 00:00:00.000000000
40,Pagado,2007-03-01,1,2548,204,2007-02-01 00:00:00.000000000
40,Pagado,2007-05-01,1,2548,204,2007-04-01 00:00:00.000000000
40,Pagado,2007-07-01,1,2548,204,2007-06-01 00:00:00.000000000
40,Pagado,2007-09-01,1,2548,204,2007-08-01 00:00:00.000000000
40,Pagado,2007-11-01,1,2548,204,2007-10-01 00:00:00.000000000
40,Pagado,2008-05-01,1,2548,204,2008-04-01 00:00:00.000000000
40,Pagado,2008-07-01,1,2548,204,2008-06-01 00:00:00.000000000
20,Pagado,2008-08-01,1,2548,204,2008-08-01 00:00:00.000000000
300,Pagado,2009-11-01,1,2548,204,2008-09-01 00:00:00.000000000
500,Pagado,2011-12-01,1,2548,204,2009-12-01 00:00:00.000000000
960,Pagado,2015-12-01,1,2548,204,2012-01-01 00:00:00.000000000
1880,Pagado,2023-10-01,1,2548,204,2016-01-01 00:00:00.000000000
2100,Pagado,2000-12-01,1,2548,205,1985-05-01 00:00:00.000000000
1510,Pagado,1997-12-01,1,2548,206,1985-06-01 00:00:00.000000000
2000,Pagado,2009-02-01,1,2548,207,2000-11-01 00:00:00.000000000
500,Pagado,2010-12-01,1,2548,208,2008-12-01 00:00:00.000000000
100,Pagado,2011-05-01,1,2548,208,2011-01-01 00:00:00.000000000
120,Pagado,2011-11-01,1,2548,208,2011-06-01 00:00:00.000000000
120,Pagado,2012-05-01,1,2548,208,2011-12-01 00:00:00.000000000
140,Pagado,2012-12-01,1,2548,208,2012-06-01 00:00:00.000000000
240,Pagado,2013-12-01,1,2548,208,2013-01-01 00:00:00.000000000
220,Pagado,2014-11-01,1,2548,208,2014-01-01 00:00:00.000000000
240,Pagado,2015-11-01,1,2548,208,2014-12-01 00:00:00.000000000
240,Pagado,2016-11-01,1,2548,208,2015-12-01 00:00:00.000000000
2130,Pagado,2000-12-01,1,2548,210,1985-02-01 00:00:00.000000000
120,Pagado,1997-12-01,1,2548,211,1997-01-01 00:00:00.000000000
220,Pagado,2000-03-01,1,2548,211,1999-05-01 00:00:00.000000000
20,Pagado,2001-12-01,1,2548,211,2001-12-01 00:00:00.000000000
1000,Pagado,2004-05-01,1,2548,211,2000-04-01 00:00:00.000000000
20,Pagado,2001-12-01,1,2548,212,2001-12-01 00:00:00.000000000
1260,Pagado,2004-05-01,1,2548,212,1999-03-01 00:00:00.000000000
200,Pagado,2002-10-01,1,2548,213,2002-01-01 00:00:00.000000000
20,Pagado,2002-11-01,1,2548,213,2002-11-01 00:00:00.000000000
160,Pagado,2003-07-01,1,2548,213,2002-12-01 00:00:00.000000000
20,Pagado,2003-08-01,1,2548,213,2003-08-01 00:00:00.000000000
20,Pagado,2003-09-01,1,2548,213,2003-09-01 00:00:00.000000000
100,Pagado,2004-02-01,1,2548,213,2003-10-01 00:00:00.000000000
200,Pagado,2004-12-01,1,2548,213,2004-03-01 00:00:00.000000000
100,Pagado,2005-05-01,1,2548,213,2005-01-01 00:00:00.000000000
100,Pagado,2005-10-01,1,2548,213,2005-06-01 00:00:00.000000000
100,Pagado,2006-03-01,1,2548,213,2005-11-01 00:00:00.000000000
100,Pagado,2006-08-01,1,2548,213,2006-04-01 00:00:00.000000000
100,Pagado,2007-01-01,1,2548,213,2006-09-01 00:00:00.000000000
100,Pagado,2007-06-01,1,2548,213,2007-02-01 00:00:00.000000000
100,Pagado,2007-11-01,1,2548,213,2007-07-01 00:00:00.000000000
100,Pagado,2008-09-01,1,2548,213,2008-05-01 00:00:00.000000000
20,Pagado,2001-12-01,1,2548,214,2001-12-01 00:00:00.000000000
200,Pagado,2001-05-01,1,2548,215,2000-08-01 00:00:00.000000000
40,Pagado,2001-07-01,1,2548,215,2001-07-01 00:00:00.000000000
200,Pagado,2002-05-01,1,2548,215,2001-08-01 00:00:00.000000000
200,Pagado,2003-03-01,1,2548,215,2002-06-01 00:00:00.000000000
140,Pagado,2004-10-01,1,2548,215,2004-04-01 00:00:00.000000000
40,Pagado,2004-12-01,1,2548,215,2004-11-01 00:00:00.000000000
100,Pagado,2005-05-01,1,2548,215,2005-01-01 00:00:00.000000000
20,Pagado,2005-08-01,1,2548,215,2005-08-01 00:00:00.000000000
100,Pagado,2006-01-01,1,2548,215,2005-09-01 00:00:00.000000000
60,Pagado,2006-04-01,1,2548,215,2006-02-01 00:00:00.000000000
100,Pagado,2006-09-01,1,2548,215,2006-05-01 00:00:00.000000000
80,Pagado,2007-01-01,1,2548,215,2006-10-01 00:00:00.000000000
440,Pagado,2008-11-01,1,2548,215,2007-02-01 00:00:00.000000000
20,Pagado,2001-12-01,1,2548,216,2001-12-01 00:00:00.000000000
60,Pagado,2002-08-01,1,2548,216,2002-06-01 00:00:00.000000000
200,Pagado,2003-08-01,1,2548,216,2002-11-01 00:00:00.000000000
240,Pagado,2004-08-01,1,2548,216,2003-09-01 00:00:00.000000000
1180,Pagado,1996-03-01,1,2548,225,1986-06-01 00:00:00.000000000
120,Pagado,2001-06-01,1,2548,226,2001-01-01 00:00:00.000000000
120,Pagado,2001-12-01,1,2548,226,2001-07-01 00:00:00.000000000
120,Pagado,2002-06-01,1,2548,226,2002-01-01 00:00:00.000000000
200,Pagado,2003-04-01,1,2548,226,2002-06-01 00:00:00.000000000
200,Pagado,2004-02-01,1,2548,226,2203-05-01 00:00:00.000000000
200,Pagado,2004-12-01,1,2548,226,2004-03-01 00:00:00.000000000
240,Pagado,2005-12-01,1,2548,226,2005-01-01 00:00:00.000000000
240,Pagado,2006-12-01,1,2548,226,2006-01-01 00:00:00.000000000
240,Pagado,2007-12-01,1,2548,226,2007-01-01 00:00:00.000000000
140,Pagado,2008-07-01,1,2548,226,2008-01-01 00:00:00.000000000
320,Pagado,2009-11-01,1,2548,226,2008-08-01 00:00:00.000000000
1830,Pagado,1997-07-01,1,2548,229,1981-05-01 00:00:00.000000000
560,Pagado,2003-12-01,1,2548,235,2001-09-01 00:00:00.000000000
230,Pagado,1999-02-01,1,2548,237,1997-04-01 00:00:00.000000000
260,Pagado,2000-03-01,1,2548,237,1999-03-01 00:00:00.000000000
200,Pagado,2001-11-01,1,2548,237,2001-02-01 00:00:00.000000000
200,Pagado,2001-11-01,1,2548,237,2001-02-01 00:00:00.000000000
20,Pagado,2001-12-01,1,2548,238,2001-12-01 00:00:00.000000000
1000,Pagado,2009-03-01,1,2548,238,2005-02-01 00:00:00.000000000
200,Pagado,2013-01-01,1,2548,238,2004-04-01 00:00:00.000000000
1100,Pagado,2013-10-01,1,2548,238,2009-04-01 00:00:00.000000000
100,Pagado,2014-03-01,1,2548,238,2013-11-01 00:00:00.000000000
100,Pagado,2014-08-01,1,2548,238,2014-04-01 00:00:00.000000000
460,Pagado,2016-09-01,1,2548,238,2014-11-01 00:00:00.000000000
360,Pagado,2018-03-01,1,2548,238,2016-10-01 00:00:00.000000000
100,Pagado,2002-01-01,1,2548,241,2001-10-01 00:00:00.000000000
100,Pagado,2002-06-01,1,2548,241,2002-02-01 00:00:00.000000000
60,Pagado,2002-09-01,1,2548,241,2002-07-01 00:00:00.000000000
100,Pagado,2003-02-01,1,2548,241,2002-10-01 00:00:00.000000000
100,Pagado,2003-07-01,1,2548,241,2003-03-01 00:00:00.000000000
740,Pagado,2011-12-01,1,2548,243,2008-12-01 00:00:00.000000000
240,Pagado,2012-12-01,1,2548,243,2012-01-01 00:00:00.000000000
200,Pagado,2002-09-01,1,2548,248,2001-12-01 00:00:00.000000000
260,Pagado,2003-10-01,1,2548,248,2002-10-01 00:00:00.000000000
20,Pagado,2001-12-01,1,2548,250,2001-12-01 00:00:00.000000000
200,Pagado,2009-07-01,1,2548,250,2008-10-01 00:00:00.000000000
500,Pagado,2010-01-01,1,2548,250,2008-01-01 00:00:00.000000000
200,Pagado,2012-06-01,1,2548,250,2011-09-01 00:00:00.000000000
200,Pagado,2013-04-01,1,2548,250,2012-07-01 00:00:00.000000000
500,Pagado,2015-05-01,1,2548,250,2013-05-01 00:00:00.000000000
620,Pagado,2017-12-01,1,2548,250,2015-06-01 00:00:00.000000000
160,Pagado,2005-05-01,1,2548,255,2004-10-01 00:00:00.000000000
20,Pagado,2001-12-01,1,2548,256,2001-12-01 00:00:00.000000000
60,Pagado,2006-11-01,1,2548,256,2006-09-01 00:00:00.000000000
20,Pagado,2001-12-01,1,2548,259,2001-12-01 00:00:00.000000000
20,Pagado,2001-12-01,1,2548,260,2001-12-01 00:00:00.000000000
280,Pagado,2002-03-01,1,2548,260,2001-02-01 00:00:00.000000000
1520,Pagado,1999-11-01,1,2548,265,1999-02-01 00:00:00.000000000
200,Pagado,2000-07-01,1,2548,266,1999-10-01 00:00:00.000000000
1000,Pagado,2004-08-01,1,2548,266,1997-01-01 00:00:00.000000000
20,Pagado,2005-10-01,1,2548,266,2005-10-01 00:00:00.000000000
120,Pagado,2005-11-01,1,2548,266,2005-06-01 00:00:00.000000000
200,Pagado,2006-09-01,1,2548,266,2005-12-01 00:00:00.000000000
200,Pagado,2007-08-01,1,2548,266,2006-11-01 00:00:00.000000000
20,Pagado,2001-12-01,1,2548,267,2001-12-01 00:00:00.000000000
200,Pagado,2009-09-01,1,2548,267,2008-12-01 00:00:00.000000000
60,Pagado,2009-12-01,1,2548,267,2009-10-01 00:00:00.000000000
240,Pagado,2010-12-01,1,2548,267,2009-10-01 00:00:00.000000000
240,Pagado,2011-12-01,1,2548,267,2011-01-01 00:00:00.000000000
220,Pagado,2012-11-01,1,2548,267,2012-01-01 00:00:00.000000000
260,Pagado,2013-12-01,1,2548,267,2012-12-01 00:00:00.000000000
200,Pagado,2014-10-01,1,2548,267,2014-01-01 00:00:00.000000000
40,Pagado,2014-12-01,1,2548,267,2014-11-01 00:00:00.000000000
240,Pagado,2015-12-01,1,2548,267,2015-01-01 00:00:00.000000000
240,Pagado,2016-12-01,1,2548,267,2016-01-01 00:00:00.000000000
240,Pagado,2017-12-01,1,2548,267,2017-01-01 00:00:00.000000000
240,Pagado,2018-12-01,1,2548,267,2018-01-01 00:00:00.000000000
100,Pagado,2020-05-01,1,2548,267,2020-01-01 00:00:00.000000000
140,Pagado,2020-12-01,1,2548,267,2020-06-01 00:00:00.000000000
240,Pagado,2021-12-01,1,2548,267,2021-01-01 00:00:00.000000000
240,Pagado,2022-12-01,1,2548,267,2022-01-01 00:00:00.000000000
240,Pagado,2023-12-01,1,2548,267,2023-01-01 00:00:00.000000000
180,Pagado,2024-06-01,1,2548,267,2024-01-01 00:00:00.000000000
180,Pagado,2024-12-01,1,2548,267,2024-07-01 00:00:00.000000000
180,Pagado,2025-06-01,1,2548,267,2025-01-01 00:00:00.000000000
180,Pagado,2025-12-01,1,2548,267,2025-07-01 00:00:00.000000000
180,Pagado,2026-06-01,1,2548,267,2026-01-01 00:00:00.000000000
20,Pagado,2001-12-01,1,2548,268,2001-12-01 00:00:00.000000000
740,Pagado,2008-10-01,1,2548,268,2005-10-01 00:00:00.000000000
20,Pagado,2001-12-01,1,2548,269,2001-12-01 00:00:00.000000000
260,Pagado,2009-12-01,1,2548,269,2008-12-01 00:00:00.000000000
120,Pagado,2010-06-01,1,2548,269,2010-01-01 00:00:00.000000000
120,Pagado,2010-12-01,1,2548,269,2010-07-01 00:00:00.000000000
240,Pagado,2011-12-01,1,2548,269,2011-01-01 00:00:00.000000000
60,Pagado,2012-03-01,1,2548,269,2012-01-01 00:00:00.000000000
180,Pagado,2012-12-01,1,2548,269,2012-04-01 00:00:00.000000000
20,Pagado,2013-01-01,1,2548,269,2013-01-01 00:00:00.000000000
20,Pagado,2013-02-01,1,2548,269,2013-02-01 00:00:00.000000000
20,Pagado,2013-05-01,1,2548,269,2013-05-01 00:00:00.000000000
40,Pagado,2013-05-01,1,2548,269,2013-04-01 00:00:00.000000000
140,Pagado,2013-12-01,1,2548,269,2013-06-01 00:00:00.000000000
240,Pagado,2014-12-01,1,2548,269,2014-01-01 00:00:00.000000000
240,Pagado,2016-12-01,1,2548,269,2016-01-01 00:00:00.000000000
240,Pagado,2017-12-01,1,2548,269,2017-01-01 00:00:00.000000000
240,Pagado,2018-12-01,1,2548,269,2018-01-01 00:00:00.000000000
240,Pagado,2019-12-01,1,2548,269,2019-01-01 00:00:00.000000000
40,Pagado,2020-02-01,1,2548,269,2020-01-01 00:00:00.000000000
200,Pagado,2020-05-01,1,2548,269,2020-08-01 00:00:00.000000000
140,Pagado,2021-12-01,1,2548,269,2021-06-01 00:00:00.000000000
240,Pagado,2022-12-01,1,2548,269,2022-01-01 00:00:00.000000000
240,Pagado,2023-12-01,1,2548,269,2023-01-01 00:00:00.000000000
270,Pagado,2024-09-01,1,2548,269,2024-01-01 00:00:00.000000000
90,Pagado,2024-12-01,1,2548,269,2024-10-01 00:00:00.000000000
360,Pagado,2025-12-01,1,2548,269,2025-01-01 00:00:00.000000000
20,Pagado,2001-12-01,1,2548,270,2001-12-01 00:00:00.000000000
1260,Pagado,2004-05-01,1,2548,270,1999-03-01 00:00:00.000000000
1140,Pagado,2004-09-01,1,2548,271,2000-01-01 00:00:00.000000000
20,Pagado,2004-10-01,1,2548,271,2004-10-01 00:00:00.000000000
40,Pagado,2004-12-01,1,2548,271,2004-11-01 00:00:00.000000000
200,Pagado,2007-12-01,1,2548,271,2007-03-01 00:00:00.000000000
20,Pagado,2001-12-01,1,2548,272,2001-12-01 00:00:00.000000000
500,Pagado,2006-06-01,1,2548,272,2004-06-01 00:00:00.000000000
300,Pagado,2007-09-01,1,2548,272,2006-07-01 00:00:00.000000000
500,Pagado,2010-10-01,1,2548,272,2008-10-01 00:00:00.000000000
210,Pagado,2024-12-01,1,2548,272,2024-06-01 00:00:00.000000000
980,Pagado,1997-12-01,1,2548,273,1989-11-01 00:00:00.000000000
60,Pagado,1999-02-01,1,2548,274,1998-09-01 00:00:00.000000000
300,Pagado,1990-07-01,1,2548,275,1989-05-01 00:00:00.000000000
20,Pagado,2001-12-01,1,2548,276,2001-12-01 00:00:00.000000000
100,Pagado,2010-01-01,1,2548,276,2009-09-01 00:00:00.000000000
260,Pagado,2011-02-01,1,2548,276,2010-02-01 00:00:00.000000000
40,Pagado,2012-02-01,1,2548,276,2012-01-01 00:00:00.000000000
200,Pagado,2012-12-01,1,2548,276,2011-03-01 00:00:00.000000000
300,Pagado,2013-05-01,1,2548,276,2012-03-01 00:00:00.000000000
340,Pagado,2014-10-01,1,2548,276,2013-06-01 00:00:00.000000000
240,Pagado,2015-10-01,1,2548,276,2014-11-01 00:00:00.000000000
260,Pagado,2016-11-01,1,2548,276,2015-11-01 00:00:00.000000000
220,Pagado,2017-10-01,1,2548,276,2016-12-01 00:00:00.000000000
200,Pagado,2018-08-01,1,2548,276,2017-11-01 00:00:00.000000000
60,Pagado,2018-11-01,1,2548,276,2018-09-01 00:00:00.000000000
100,Pagado,2019-04-01,1,2548,276,2018-12-01 00:00:00.000000000
120,Pagado,2019-10-01,1,2548,276,2019-05-01 00:00:00.000000000
1140,Pagado,1999-01-01,1,2548,277,1989-08-01 00:00:00.000000000
20,Pagado,2001-12-01,1,2548,280,2001-12-01 00:00:00.000000000
1140,Pagado,1999-02-01,1,2548,281,1989-09-01 00:00:00.000000000
20,Pagado,2001-12-01,1,2548,281,2001-12-01 00:00:00.000000000
1260,Pagado,2004-05-01,1,2548,281,1999-03-01 00:00:00.000000000
1490,Pagado,2000-08-01,1,2548,282,1989-10-01 00:00:00.000000000
20,Pagado,2001-12-01,1,2548,284,2001-12-01 00:00:00.000000000
400,Pagado,2010-06-01,1,2548,284,2008-11-01 00:00:00.000000000
500,Pagado,2012-07-01,1,2548,284,2010-07-01 00:00:00.000000000
520,Pagado,2014-09-01,1,2548,284,2012-08-01 00:00:00.000000000
80,Pagado,2015-01-01,1,2548,284,2014-10-01 00:00:00.000000000
220,Pagado,2015-12-01,1,2548,284,2015-02-01 00:00:00.000000000
240,Pagado,2016-12-01,1,2548,284,2016-01-01 00:00:00.000000000
240,Pagado,2017-12-01,1,2548,284,2017-01-01 00:00:00.000000000
240,Pagado,2018-12-01,1,2548,284,2018-01-01 00:00:00.000000000
240,Pagado,2019-12-01,1,2548,284,2019-01-01 00:00:00.000000000
240,Pagado,2020-12-01,1,2548,284,2020-01-01 00:00:00.000000000
240,Pagado,2021-12-01,1,2548,284,2021-01-01 00:00:00.000000000
480,Pagado,2023-12-01,1,2548,284,2022-01-01 00:00:00.000000000
60,Pagado,1999-02-01,1,2548,286,1998-09-01 00:00:00.000000000
340,Pagado,2000-07-01,1,2548,286,1999-03-01 00:00:00.000000000
1260,Pagado,2005-10-01,1,2548,286,2000-08-01 00:00:00.000000000
20,Pagado,2005-11-01,1,2548,286,2005-11-01 00:00:00.000000000
20,Pagado,2005-12-01,1,2548,286,2005-12-01 00:00:00.000000000
20,Pagado,2001-12-01,1,2548,288,2001-12-01 00:00:00.000000000
1000,Pagado,1994-04-01,1,2548,289,1990-03-01 00:00:00.000000000
240,Pagado,1995-04-01,1,2548,289,1994-05-01 00:00:00.000000000
300,Pagado,1996-07-01,1,2548,289,1995-05-01 00:00:00.000000000
500,Pagado,1998-08-01,1,2548,289,1996-08-01 00:00:00.000000000
540,Pagado,2002-05-01,1,2548,290,2000-03-01 00:00:00.000000000
60,Pagado,2005-09-01,1,2548,290,2005-07-01 00:00:00.000000000
20,Pagado,2005-10-01,1,2548,290,2005-10-01 00:00:00.000000000
60,Pagado,2006-01-01,1,2548,290,2005-11-01 00:00:00.000000000
20,Pagado,2006-02-01,1,2548,290,2006-02-01 00:00:00.000000000
120,Pagado,2006-08-01,1,2548,290,2006-03-01 00:00:00.000000000
80,Pagado,2006-12-01,1,2548,290,2006-09-01 00:00:00.000000000
100,Pagado,2007-05-01,1,2548,290,2007-01-01 00:00:00.000000000
100,Pagado,2007-10-01,1,2548,290,2007-06-01 00:00:00.000000000
40,Pagado,2007-12-01,1,2548,290,2007-11-01 00:00:00.000000000
120,Pagado,2008-06-01,1,2548,290,2008-01-01 00:00:00.000000000
220,Pagado,2009-05-01,1,2548,290,2008-07-01 00:00:00.000000000
120,Pagado,2009-11-01,1,2548,290,2009-06-01 00:00:00.000000000
120,Pagado,2010-05-01,1,2548,290,2009-12-01 00:00:00.000000000
140,Pagado,2010-12-01,1,2548,290,2010-06-01 00:00:00.000000000
220,Pagado,2011-11-01,1,2548,290,2011-01-01 00:00:00.000000000
120,Pagado,2012-05-01,1,2548,290,2011-12-01 00:00:00.000000000
140,Pagado,2012-12-01,1,2548,290,2012-06-01 00:00:00.000000000
220,Pagado,2013-11-01,1,2548,290,2013-01-01 00:00:00.000000000
240,Pagado,2014-11-01,1,2548,290,2013-12-01 00:00:00.000000000
240,Pagado,2016-11-01,1,2548,290,2015-12-01 00:00:00.000000000
240,Pagado,2017-11-01,1,2548,290,2016-12-01 00:00:00.000000000
240,Pagado,2018-11-01,1,2548,290,2017-12-01 00:00:00.000000000
240,Pagado,2019-11-01,1,2548,290,2018-12-01 00:00:00.000000000
260,Pagado,2020-12-01,1,2548,290,2019-12-01 00:00:00.000000000
240,Pagado,2021-12-01,1,2548,290,2021-01-01 00:00:00.000000000
180,Pagado,2022-09-01,1,2548,290,2022-01-01 00:00:00.000000000
2820,Pagado,2006-07-01,1,2548,291,1990-07-01 00:00:00.000000000
200,Pagado,2002-06-01,1,2548,292,2001-09-01 00:00:00.000000000
40,Pagado,2002-08-01,1,2548,292,2002-07-01 00:00:00.000000000
40,Pagado,2002-10-01,1,2548,292,2002-09-01 00:00:00.000000000
760,Pagado,2011-12-01,1,2548,292,2008-11-01 00:00:00.000000000
2270,Pagado,2004-04-01,1,2548,293,1990-08-01 00:00:00.000000000
100,Pagado,2000-05-01,1,2548,294,2000-01-01 00:00:00.000000000
100,Pagado,2000-10-01,1,2548,294,2000-06-01 00:00:00.000000000
60,Pagado,2001-03-01,1,2548,294,2000-11-01 00:00:00.000000000
100,Pagado,2001-08-01,1,2548,294,2001-04-01 00:00:00.000000000
100,Pagado,2002-01-01,1,2548,294,2001-09-01 00:00:00.000000000
40,Pagado,2003-02-01,1,2548,294,2003-01-01 00:00:00.000000000
40,Pagado,2003-04-01,1,2548,294,2003-03-01 00:00:00.000000000
100,Pagado,2003-09-01,1,2548,294,2003-05-01 00:00:00.000000000
20,Pagado,2003-10-01,1,2548,294,2003-10-01 00:00:00.000000000
20,Pagado,2003-11-01,1,2548,294,2003-11-01 00:00:00.000000000
200,Pagado,2004-11-01,1,2548,294,2004-02-01 00:00:00.000000000
240,Pagado,2005-11-01,1,2548,294,2004-12-01 00:00:00.000000000
600,Pagado,2008-05-01,1,2548,294,2005-12-01 00:00:00.000000000
200,Pagado,2009-03-01,1,2548,294,2008-06-01 00:00:00.000000000
200,Pagado,2010-01-01,1,2548,294,2009-04-01 00:00:00.000000000
200,Pagado,2010-11-01,1,2548,294,2010-02-01 00:00:00.000000000
200,Pagado,2011-09-01,1,2548,294,2010-12-01 00:00:00.000000000
200,Pagado,2012-07-01,1,2548,294,2011-10-01 00:00:00.000000000
200,Pagado,2013-05-01,1,2548,294,2012-08-01 00:00:00.000000000
280,Pagado,2014-05-01,1,2548,294,2013-06-01 00:00:00.000000000
360,Pagado,2015-11-01,1,2548,294,2014-06-01 00:00:00.000000000
360,Pagado,2017-05-01,1,2548,294,2015-12-01 00:00:00.000000000
1000,Pagado,1999-01-01,1,2548,295,1990-10-01 00:00:00.000000000
740,Pagado,2011-11-01,1,2548,296,2008-11-01 00:00:00.000000000
20,Pagado,2001-12-01,1,2548,297,2001-12-01 00:00:00.000000000
240,Pagado,2009-11-01,1,2548,297,2008-12-01 00:00:00.000000000
200,Pagado,2010-09-01,1,2548,297,2009-12-01 00:00:00.000000000
790,Pagado,1997-07-01,1,2548,298,1991-01-01 00:00:00.000000000
280,Pagado,2002-04-01,1,2548,300,2001-03-01 00:00:00.000000000
2220,Pagado,2004-05-01,1,2548,301,1991-03-01 00:00:00.000000000
200,Pagado,2003-08-01,1,2548,302,2002-11-01 00:00:00.000000000
200,Pagado,2004-06-01,1,2548,302,2003-09-01 00:00:00.000000000
200,Pagado,2005-04-01,1,2548,302,2004-07-01 00:00:00.000000000
200,Pagado,2006-02-01,1,2548,302,2005-05-01 00:00:00.000000000
200,Pagado,2006-12-01,1,2548,302,2006-03-01 00:00:00.000000000
200,Pagado,2012-02-01,1,2548,302,2011-05-01 00:00:00.000000000
1220,Pagado,2005-04-01,1,2548,303,1999-03-01 00:00:00.000000000
400,Pagado,2010-08-01,1,2548,304,2009-01-01 00:00:00.000000000
320,Pagado,2011-12-01,1,2548,304,2010-09-01 00:00:00.000000000
480,Pagado,2013-12-01,1,2548,304,2012-01-01 00:00:00.000000000
240,Pagado,2014-12-01,1,2548,304,2014-01-01 00:00:00.000000000
240,Pagado,2015-12-01,1,2548,304,2015-01-01 00:00:00.000000000
180,Pagado,2016-09-01,1,2548,304,2016-01-01 00:00:00.000000000
60,Pagado,2016-12-01,1,2548,304,2016-10-01 00:00:00.000000000
440,Pagado,2018-12-01,1,2548,304,2017-01-01 00:00:00.000000000
100,Pagado,2019-03-01,1,2548,304,2018-11-01 00:00:00.000000000
340,Pagado,2020-10-01,1,2548,304,2019-06-01 00:00:00.000000000
40,Pagado,2020-12-01,1,2548,304,2020-11-01 00:00:00.000000000
200,Pagado,2021-10-01,1,2548,304,2021-01-01 00:00:00.000000000
40,Pagado,2021-12-01,1,2548,304,2021-11-01 00:00:00.000000000
160,Pagado,2022-08-01,1,2548,304,2022-01-01 00:00:00.000000000
80,Pagado,2022-12-12,1,2548,304,2022-09-01 00:00:00.000000000
120,Pagado,2023-06-01,1,2548,304,2023-01-01 00:00:00.000000000
120,Pagado,2023-12-01,1,2548,304,2023-07-01 00:00:00.000000000
360,Pagado,2024-12-01,1,2548,304,2024-01-01 00:00:00.000000000
180,Pagado,2025-06-01,1,2548,304,2025-01-01 00:00:00.000000000
180,Pagado,2025-12-01,1,2548,304,2025-07-01 00:00:00.000000000
490,Pagado,1995-06-01,1,2548,305,1991-06-01 00:00:00.000000000
140,Pagado,2002-03-01,1,2548,306,2001-09-01 00:00:00.000000000
880,Pagado,2005-11-01,1,2548,306,2002-04-01 00:00:00.000000000
540,Pagado,2011-01-01,1,2548,306,2008-11-01 00:00:00.000000000
220,Pagado,2011-12-01,1,2548,306,2011-02-01 00:00:00.000000000
60,Pagado,2012-03-01,1,2548,306,2012-01-01 00:00:00.000000000
20,Pagado,2012-04-01,1,2548,306,2012-04-01 00:00:00.000000000
60,Pagado,2012-07-01,1,2548,306,2012-05-01 00:00:00.000000000
40,Pagado,2012-09-01,1,2548,306,2012-08-01 00:00:00.000000000
20,Pagado,2012-10-01,1,2548,306,2012-10-01 00:00:00.000000000
20,Pagado,2012-11-01,1,2548,306,2012-11-01 00:00:00.000000000
40,Pagado,2013-01-01,1,2548,306,2012-12-01 00:00:00.000000000
100,Pagado,2013-06-01,1,2548,306,2013-02-01 00:00:00.000000000
60,Pagado,2013-09-01,1,2548,306,2013-07-01 00:00:00.000000000
60,Pagado,2013-12-01,1,2548,306,2013-10-01 00:00:00.000000000
100,Pagado,2014-05-01,1,2548,306,2014-01-01 00:00:00.000000000
40,Pagado,2014-07-01,1,2548,306,2014-06-01 00:00:00.000000000
20,Pagado,2014-08-01,1,2548,306,2014-08-01 00:00:00.000000000
80,Pagado,2014-12-01,1,2548,306,2014-09-01 00:00:00.000000000
120,Pagado,2015-06-01,1,2548,306,2015-01-01 00:00:00.000000000
40,Pagado,2015-08-01,1,2548,306,2015-07-01 00:00:00.000000000
80,Pagado,2015-12-01,1,2548,306,2015-09-01 00:00:00.000000000
100,Pagado,2016-05-01,1,2548,306,2016-01-01 00:00:00.000000000
80,Pagado,2016-09-01,1,2548,306,2016-06-01 00:00:00.000000000
60,Pagado,2016-12-01,1,2548,306,2016-10-01 00:00:00.000000000
100,Pagado,2017-05-01,1,2548,306,2017-01-01 00:00:00.000000000
100,Pagado,2017-10-01,1,2548,306,2011-06-01 00:00:00.000000000
140,Pagado,2018-10-01,1,2548,306,2018-04-01 00:00:00.000000000
40,Pagado,2018-12-01,1,2548,306,2018-11-01 00:00:00.000000000
200,Pagado,2019-10-01,1,2548,306,2019-01-01 00:00:00.000000000
40,Pagado,2019-12-01,1,2548,306,2019-11-01 00:00:00.000000000
80,Pagado,2020-04-01,1,2548,306,2020-01-01 00:00:00.000000000
100,Pagado,2020-09-01,1,2548,306,2020-05-01 00:00:00.000000000
60,Pagado,2020-12-01,1,2548,306,2020-10-01 00:00:00.000000000
240,Pagado,2021-12-01,1,2548,306,2021-01-01 00:00:00.000000000
240,Pagado,2022-12-01,1,2548,306,2022-01-01 00:00:00.000000000
240,Pagado,2023-12-01,1,2548,306,2023-01-01 00:00:00.000000000
180,Pagado,2024-06-01,1,2548,306,2024-01-01 00:00:00.000000000
180,Pagado,2024-12-01,1,2548,306,2024-07-01 00:00:00.000000000
210,Pagado,2025-10-01,1,2548,306,2025-04-01 00:00:00.000000000
90,Pagado,2026-03-01,1,2548,306,2026-01-01 00:00:00.000000000
520,Pagado,1995-12-01,1,2548,307,1991-09-01 00:00:00.000000000
120,Pagado,2023-11-01,1,2548,309,2023-06-01 00:00:00.000000000
740,Pagado,2025-12-01,1,2548,309,2023-12-01 00:00:00.000000000
20,Pagado,2002-12-01,1,2548,310,2002-12-01 00:00:00.000000000
240,Pagado,2003-12-01,1,2548,310,2003-01-01 00:00:00.000000000
20,Pagado,2001-12-01,1,2548,312,2001-12-01 00:00:00.000000000
520,Pagado,2010-12-01,1,2548,312,2008-11-01 00:00:00.000000000
40,Pagado,2011-02-01,1,2548,312,2011-01-01 00:00:00.000000000
40,Pagado,2011-04-01,1,2548,312,2011-03-01 00:00:00.000000000
80,Pagado,2011-08-01,1,2548,312,2011-05-01 00:00:00.000000000
80,Pagado,2011-12-01,1,2548,312,2011-09-01 00:00:00.000000000
100,Pagado,2012-05-01,1,2548,312,2012-01-01 00:00:00.000000000
200,Pagado,2013-03-01,1,2548,312,2012-06-01 00:00:00.000000000
80,Pagado,2013-07-01,1,2548,312,2013-04-01 00:00:00.000000000
100,Pagado,2013-12-01,1,2548,312,2013-08-01 00:00:00.000000000
20,Pagado,2014-01-01,1,2548,312,2014-01-01 00:00:00.000000000
220,Pagado,2014-12-01,1,2548,312,2014-02-01 00:00:00.000000000
240,Pagado,2015-12-01,1,2548,312,2015-01-01 00:00:00.000000000
240,Pagado,2016-12-01,1,2548,312,2016-01-01 00:00:00.000000000
240,Pagado,2017-12-01,1,2548,312,2017-01-01 00:00:00.000000000
80,Pagado,2018-04-01,1,2548,312,2018-01-01 00:00:00.000000000
120,Pagado,2018-10-01,1,2548,312,2018-05-01 00:00:00.000000000
260,Pagado,2019-11-01,1,2548,312,2018-11-01 00:00:00.000000000
40,Pagado,2020-01-01,1,2548,312,2019-12-01 00:00:00.000000000
460,Pagado,2021-12-01,1,2548,312,2020-02-01 00:00:00.000000000
240,Pagado,2022-12-01,1,2548,312,2022-01-01 00:00:00.000000000
240,Pagado,2023-12-01,1,2548,312,2023-01-01 00:00:00.000000000
300,Pagado,2024-10-01,1,2548,312,2024-01-01 00:00:00.000000000
420,Pagado,2025-12-01,1,2548,312,2024-11-01 00:00:00.000000000
20,Pagado,2004-03-01,1,2548,314,2004-03-01 00:00:00.000000000
20,Pagado,2001-12-01,1,2548,315,2001-12-01 00:00:00.000000000
2170,Pagado,2004-05-01,1,2548,315,1991-08-01 00:00:00.000000000
200,Pagado,2000-04-01,1,2548,319,1999-07-01 00:00:00.000000000
450,Pagado,1995-12-01,1,2548,320,1992-05-01 00:00:00.000000000
400,Pagado,2003-03-01,1,2548,325,2001-08-01 00:00:00.000000000
100,Pagado,2004-01-01,1,2548,325,2003-09-01 00:00:00.000000000
100,Pagado,2004-06-01,1,2548,325,2004-02-01 00:00:00.000000000
100,Pagado,2004-11-01,1,2548,325,2004-07-01 00:00:00.000000000
100,Pagado,2005-04-01,1,2548,325,2004-12-01 00:00:00.000000000
100,Pagado,2005-09-01,1,2548,325,2005-05-01 00:00:00.000000000
500,Pagado,2007-10-01,1,2548,325,2005-10-01 00:00:00.000000000
100,Pagado,2008-03-01,1,2548,325,2007-11-01 00:00:00.000000000
500,Pagado,1994-09-01,1,2548,326,1992-09-01 00:00:00.000000000
40,Pagado,1997-06-01,1,2548,326,1997-05-01 00:00:00.000000000
100,Pagado,1997-11-01,1,2548,326,1997-07-01 00:00:00.000000000
20,Pagado,2001-12-01,1,2548,329,2001-12-01 00:00:00.000000000
240,Pagado,2009-10-01,1,2548,329,2008-11-01 00:00:00.000000000
440,Pagado,2003-02-01,1,2548,331,2001-05-01 00:00:00.000000000
100,Pagado,2003-07-01,1,2548,331,2003-03-01 00:00:00.000000000
570,Pagado,2025-12-01,1,2548,331,2024-06-01 00:00:00.000000000
360,Pagado,2026-12-01,1,2548,331,2026-01-01 00:00:00.000000000
20,Pagado,2001-12-01,1,2548,332,2001-12-01 00:00:00.000000000
20,Pagado,2001-12-01,1,2548,333,2001-12-01 00:00:00.000000000
500,Pagado,2002-01-01,1,2548,337,2000-01-01 00:00:00.000000000
860,Pagado,2005-08-01,1,2548,337,2002-02-01 00:00:00.000000000
800,Pagado,2008-12-01,1,2548,337,2005-09-01 00:00:00.000000000
640,Pagado,2011-08-01,1,2548,337,2009-01-01 00:00:00.000000000
400,Pagado,2013-04-01,1,2548,337,2011-09-01 00:00:00.000000000
20,Pagado,2001-12-01,1,2548,341,2001-12-01 00:00:00.000000000
520,Pagado,2010-12-01,1,2548,341,2008-11-01 00:00:00.000000000
200,Pagado,2011-10-01,1,2548,341,2011-01-01 00:00:00.000000000
460,Pagado,1997-06-01,1,2548,343,1993-09-01 00:00:00.000000000
20,Pagado,2001-12-01,1,2548,345,2001-12-01 00:00:00.000000000
2200,Pagado,2012-02-01,1,2548,345,2003-01-01 00:00:00.000000000
480,Pagado,2014-02-01,1,2548,345,2012-03-01 00:00:00.000000000
720,Pagado,2017-02-01,1,2548,345,2014-03-01 00:00:00.000000000
240,Pagado,2018-02-01,1,2548,345,2017-03-01 00:00:00.000000000
20,Pagado,2001-12-01,1,2548,346,2001-12-01 00:00:00.000000000
20,Pagado,2001-12-01,1,2548,348,2001-12-01 00:00:00.000000000
80,Pagado,2006-01-01,1,2548,348,2005-10-01 00:00:00.000000000
180,Pagado,2006-10-01,1,2548,348,2006-02-01 00:00:00.000000000
100,Pagado,2007-03-01,1,2548,348,2006-11-01 00:00:00.000000000
120,Pagado,2007-09-01,1,2548,348,2007-04-01 00:00:00.000000000
220,Pagado,2008-08-01,1,2548,348,2007-10-01 00:00:00.000000000
200,Pagado,2009-06-01,1,2548,348,2008-09-01 00:00:00.000000000
350,Pagado,1999-02-01,1,2548,352,1996-04-01 00:00:00.000000000
40,Pagado,1999-04-01,1,2548,352,1999-03-01 00:00:00.000000000
600,Pagado,2002-11-01,1,2548,353,1996-09-01 00:00:00.000000000
20,Pagado,2001-12-01,1,2548,354,2001-12-01 00:00:00.000000000
20,Pagado,2004-06-01,1,2548,354,2004-06-01 00:00:00.000000000
80,Pagado,2006-06-01,1,2548,354,2006-03-01 00:00:00.000000000
380,Pagado,2002-12-01,1,2548,355,2001-06-01 00:00:00.000000000
180,Pagado,2003-09-01,1,2548,355,2003-01-01 00:00:00.000000000
60,Pagado,2003-12-01,1,2548,355,2003-10-01 00:00:00.000000000
100,Pagado,2004-10-01,1,2548,355,2004-06-01 00:00:00.000000000
160,Pagado,2005-06-01,1,2548,355,2004-11-01 00:00:00.000000000
560,Pagado,2007-10-01,1,2548,355,2006-07-01 00:00:00.000000000
40,Pagado,2007-12-01,1,2548,355,2007-11-01 00:00:00.000000000
240,Pagado,2009-11-01,1,2548,355,2008-12-01 00:00:00.000000000
260,Pagado,2010-12-01,1,2548,355,2009-12-01 00:00:00.000000000
100,Pagado,2011-05-01,1,2548,355,2011-01-01 00:00:00.000000000
40,Pagado,2011-07-01,1,2548,355,2011-06-01 00:00:00.000000000
100,Pagado,2011-12-01,1,2548,355,2011-08-01 00:00:00.000000000
200,Pagado,2012-11-01,1,2548,355,2012-02-01 00:00:00.000000000
240,Pagado,2013-11-01,1,2548,355,2012-12-01 00:00:00.000000000
240,Pagado,2014-11-01,1,2548,355,2013-12-01 00:00:00.000000000
260,Pagado,2015-12-01,1,2548,355,2014-12-01 00:00:00.000000000
240,Pagado,2016-12-01,1,2548,355,2016-01-01 00:00:00.000000000
240,Pagado,2017-12-01,1,2548,355,2017-01-01 00:00:00.000000000
240,Pagado,2018-12-01,1,2548,355,2018-01-01 00:00:00.000000000
240,Pagado,2019-12-01,1,2548,355,2019-01-01 00:00:00.000000000
240,Pagado,2020-12-01,1,2548,355,2020-01-01 00:00:00.000000000
240,Pagado,2021-12-01,1,2548,355,2021-01-01 00:00:00.000000000
240,Pagado,2022-12-01,1,2548,355,2022-01-01 00:00:00.000000000
240,Pagado,2023-12-01,1,2548,355,2023-01-01 00:00:00.000000000
360,Pagado,2024-12-01,1,2548,355,2024-01-01 00:00:00.000000000
360,Pagado,2025-12-01,1,2548,355,2025-01-01 00:00:00.000000000
240,Pagado,2000-12-01,1,2548,356,2000-01-01 00:00:00.000000000
300,Pagado,2002-03-01,1,2548,356,2001-01-01 00:00:00.000000000
200,Pagado,2005-04-01,1,2548,356,2004-07-01 00:00:00.000000000
600,Pagado,2007-10-01,1,2548,356,2005-05-01 00:00:00.000000000
40,Pagado,2007-12-01,1,2548,356,2007-11-01 00:00:00.000000000
100,Pagado,2008-05-01,1,2548,356,2008-01-01 00:00:00.000000000
100,Pagado,2008-10-01,1,2548,356,2008-06-01 00:00:00.000000000
500,Pagado,2010-11-01,1,2548,356,2008-11-01 00:00:00.000000000
20,Pagado,2010-12-01,1,2548,356,2010-12-01 00:00:00.000000000
60,Pagado,2011-03-01,1,2548,356,2011-01-01 00:00:00.000000000
100,Pagado,2011-08-01,1,2548,356,2011-04-01 00:00:00.000000000
60,Pagado,2011-11-01,1,2548,356,2011-09-01 00:00:00.000000000
100,Pagado,2012-04-01,1,2548,356,2011-12-01 00:00:00.000000000
100,Pagado,2012-09-01,1,2548,356,2012-05-01 00:00:00.000000000
60,Pagado,2012-12-01,1,2548,356,2012-10-01 00:00:00.000000000
60,Pagado,2013-03-01,1,2548,356,2013-01-01 00:00:00.000000000
20,Pagado,2013-04-01,1,2548,356,2013-04-01 00:00:00.000000000
20,Pagado,2013-05-01,1,2548,356,2013-05-01 00:00:00.000000000
20,Pagado,2013-06-01,1,2548,356,2013-06-01 00:00:00.000000000
20,Pagado,2013-07-01,1,2548,356,2013-07-01 00:00:00.000000000
20,Pagado,2013-08-01,1,2548,356,2013-08-01 00:00:00.000000000
20,Pagado,2013-09-01,1,2548,356,2013-09-01 00:00:00.000000000
40,Pagado,2013-11-01,1,2548,356,2013-10-01 00:00:00.000000000
40,Pagado,2014-01-01,1,2548,356,2013-12-01 00:00:00.000000000
100,Pagado,2014-06-01,1,2548,356,2014-02-01 00:00:00.000000000
100,Pagado,2014-11-01,1,2548,356,2014-07-01 00:00:00.000000000
100,Pagado,2015-04-01,1,2548,356,2014-12-01 00:00:00.000000000
100,Pagado,2015-09-01,1,2548,356,2015-05-01 00:00:00.000000000
100,Pagado,2016-02-01,1,2548,356,2015-10-01 00:00:00.000000000
140,Pagado,2016-09-01,1,2548,356,2016-03-01 00:00:00.000000000
60,Pagado,2016-12-01,1,2548,356,2016-10-01 00:00:00.000000000
240,Pagado,2017-12-01,1,2548,356,2017-01-01 00:00:00.000000000
100,Pagado,2018-05-01,1,2548,356,2018-01-01 00:00:00.000000000
100,Pagado,2018-10-01,1,2548,356,2018-06-01 00:00:00.000000000
40,Pagado,2018-12-01,1,2548,356,2018-11-01 00:00:00.000000000
240,Pagado,2019-12-01,1,2548,356,2019-01-01 00:00:00.000000000
100,Pagado,2020-05-01,1,2548,356,2020-01-01 00:00:00.000000000
140,Pagado,2020-12-01,1,2548,356,2020-06-01 00:00:00.000000000
240,Pagado,2021-12-01,1,2548,356,2021-01-01 00:00:00.000000000
240,Pagado,2022-12-01,1,2548,356,2022-01-01 00:00:00.000000000
100,Pagado,2023-05-01,1,2548,356,2023-01-01 00:00:00.000000000
140,Pagado,2023-12-01,1,2548,356,2023-06-01 00:00:00.000000000
150,Pagado,2024-05-01,1,2548,356,2024-01-01 00:00:00.000000000
210,Pagado,2024-12-01,1,2548,356,2024-06-01 00:00:00.000000000
360,Pagado,2025-12-01,1,2548,356,2025-01-01 00:00:00.000000000
20,Pagado,1997-01-01,1,2548,361,1997-01-01 00:00:00.000000000
20,Pagado,1997-02-01,1,2548,361,1997-02-01 00:00:00.000000000
1840,Pagado,2005-10-01,1,2548,361,1997-03-01 00:00:00.000000000
500,Pagado,2007-11-01,1,2548,361,2005-11-01 00:00:00.000000000
100,Pagado,2000-12-01,1,2548,362,2000-08-01 00:00:00.000000000
240,Pagado,2003-03-01,1,2548,362,2002-04-01 00:00:00.000000000
200,Pagado,2004-01-01,1,2548,362,2003-04-01 00:00:00.000000000
20,Pagado,2001-12-01,1,2548,365,2001-12-01 00:00:00.000000000
100,Pagado,2002-01-01,1,2548,366,2001-09-01 00:00:00.000000000
100,Pagado,2002-06-01,1,2548,366,2002-02-01 00:00:00.000000000
120,Pagado,2002-12-01,1,2548,366,2002-07-01 00:00:00.000000000
20,Pagado,2001-12-01,1,2548,367,2001-12-01 00:00:00.000000000
80,Pagado,2009-03-01,1,2548,367,2008-12-01 00:00:00.000000000
280,Pagado,2010-05-01,1,2548,367,2009-04-01 00:00:00.000000000
60,Pagado,2010-08-01,1,2548,367,2010-06-01 00:00:00.000000000
80,Pagado,2010-12-01,1,2548,367,2010-09-01 00:00:00.000000000
240,Pagado,2011-12-01,1,2548,367,2011-01-01 00:00:00.000000000
240,Pagado,2012-12-01,1,2548,367,2012-01-01 00:00:00.000000000
240,Pagado,2013-12-01,1,2548,367,2013-01-01 00:00:00.000000000
240,Pagado,2014-12-01,1,2548,367,2014-01-01 00:00:00.000000000
240,Pagado,2015-12-01,1,2548,367,2015-01-01 00:00:00.000000000
240,Pagado,2016-12-01,1,2548,367,2016-01-01 00:00:00.000000000
240,Pagado,2017-12-01,1,2548,367,2017-01-01 00:00:00.000000000
240,Pagado,2018-12-01,1,2548,367,2018-01-01 00:00:00.000000000
240,Pagado,2019-12-01,1,2548,367,2019-01-01 00:00:00.000000000
120,Pagado,2020-06-01,1,2548,367,2020-01-01 00:00:00.000000000
120,Pagado,2020-12-01,1,2548,367,2020-07-01 00:00:00.000000000
240,Pagado,2021-12-01,1,2548,367,2021-01-01 00:00:00.000000000
240,Pagado,2022-12-01,1,2548,367,2022-01-01 00:00:00.000000000
240,Pagado,2023-12-01,1,2548,367,2023-01-01 00:00:00.000000000
360,Pagado,2024-12-01,1,2548,367,2024-01-01 00:00:00.000000000
360,Pagado,2025-12-01,1,2548,367,2025-01-01 00:00:00.000000000
260,Pagado,2005-09-01,1,2548,369,2004-09-01 00:00:00.000000000
1120,Pagado,2010-05-01,1,2548,369,2005-10-01 00:00:00.000000000
500,Pagado,2012-06-01,1,2548,369,2010-06-01 00:00:00.000000000
240,Pagado,2013-06-01,1,2548,369,2012-07-01 00:00:00.000000000
240,Pagado,2014-06-01,1,2548,369,2013-07-01 00:00:00.000000000
240,Pagado,2015-06-01,1,2548,369,2014-07-01 00:00:00.000000000
240,Pagado,2016-06-01,1,2548,369,2015-07-01 00:00:00.000000000
240,Pagado,2017-06-01,1,2548,369,2016-07-01 00:00:00.000000000
240,Pagado,2019-06-01,1,2548,369,2018-07-01 00:00:00.000000000
380,Pagado,2021-01-01,1,2548,369,2019-07-01 00:00:00.000000000
450,Pagado,1999-06-01,1,2548,372,1995-02-01 00:00:00.000000000
20,Pagado,2001-12-01,1,2548,373,2001-12-01 00:00:00.000000000
20,Pagado,2001-12-01,1,2548,374,2001-12-01 00:00:00.000000000
500,Pagado,2003-04-01,1,2548,375,2001-04-01 00:00:00.000000000
40,Pagado,2003-03-01,1,2548,379,2003-02-01 00:00:00.000000000
60,Pagado,2003-06-01,1,2548,379,2003-04-01 00:00:00.000000000
60,Pagado,2003-09-01,1,2548,379,2003-07-01 00:00:00.000000000
20,Pagado,2001-12-01,1,2548,380,2001-12-01 00:00:00.000000000
220,Pagado,2011-10-01,1,2548,380,2010-12-01 00:00:00.000000000
100,Pagado,1996-02-01,1,2548,381,1995-10-01 00:00:00.000000000
100,Pagado,1996-07-01,1,2548,381,1996-03-01 00:00:00.000000000
100,Pagado,1996-12-01,1,2548,381,1996-08-01 00:00:00.000000000
200,Pagado,1997-10-01,1,2548,381,1997-01-01 00:00:00.000000000
20,Pagado,2001-12-01,1,2548,383,2001-12-01 00:00:00.000000000
140,Pagado,2010-05-01,1,2548,383,2009-11-01 00:00:00.000000000
1200,Pagado,2015-05-01,1,2548,383,2010-06-01 00:00:00.000000000
2040,Pagado,2023-11-01,1,2548,383,2015-06-01 00:00:00.000000000
20,Pagado,2023-12-01,1,2548,383,2023-12-01 00:00:00.000000000
300,Pagado,2001-05-01,1,2548,384,2000-03-01 00:00:00.000000000
20,Pagado,2001-12-01,1,2548,387,2001-12-01 00:00:00.000000000
300,Pagado,2004-05-01,1,2548,387,2003-03-01 00:00:00.000000000
100,Pagado,2001-12-01,1,2548,390,2001-08-01 00:00:00.000000000
100,Pagado,2002-05-01,1,2548,390,2002-01-01 00:00:00.000000000
140,Pagado,2002-12-01,1,2548,390,2002-06-01 00:00:00.000000000
200,Pagado,2003-11-01,1,2548,390,2003-02-01 00:00:00.000000000
200,Pagado,2004-09-01,1,2548,390,2003-12-01 00:00:00.000000000
720,Pagado,2005-05-01,1,2548,392,2001-08-01 00:00:00.000000000
40,Pagado,2005-07-01,1,2548,392,2005-06-01 00:00:00.000000000
720,Pagado,2003-09-01,1,2548,393,2000-10-01 00:00:00.000000000
60,Pagado,2003-12-01,1,2548,393,2003-10-01 00:00:00.000000000
320,Pagado,2005-11-01,1,2548,393,2004-08-01 00:00:00.000000000
200,Pagado,2006-09-01,1,2548,393,2005-12-01 00:00:00.000000000
300,Pagado,2007-12-01,1,2548,393,2006-10-01 00:00:00.000000000
260,Pagado,2009-01-01,1,2548,393,2008-01-01 00:00:00.000000000
260,Pagado,2010-02-01,1,2548,393,2009-02-01 00:00:00.000000000
40,Pagado,2010-04-01,1,2548,393,2010-03-01 00:00:00.000000000
260,Pagado,2011-05-01,1,2548,393,2010-05-01 00:00:00.000000000
300,Pagado,2012-08-01,1,2548,393,2011-06-01 00:00:00.000000000
100,Pagado,2013-01-01,1,2548,393,2012-09-01 00:00:00.000000000
220,Pagado,2013-12-01,1,2548,393,2012-02-01 00:00:00.000000000
100,Pagado,2014-05-01,1,2548,393,2014-01-01 00:00:00.000000000
1580,Pagado,2020-12-01,1,2548,393,2014-06-01 00:00:00.000000000
240,Pagado,2021-12-01,1,2548,393,2021-01-01 00:00:00.000000000
240,Pagado,2022-12-01,1,2548,393,2022-01-01 00:00:00.000000000
240,Pagado,2023-12-01,1,2548,393,2023-01-01 00:00:00.000000000
360,Pagado,2024-12-01,1,2548,393,2024-01-01 00:00:00.000000000
360,Pagado,2025-12-01,1,2548,393,2025-01-01 00:00:00.000000000
80,Pagado,2001-12-01,1,2548,396,2001-09-01 00:00:00.000000000
40,Pagado,2002-02-01,1,2548,396,2002-01-01 00:00:00.000000000
60,Pagado,2002-05-01,1,2548,396,2002-03-01 00:00:00.000000000
40,Pagado,2002-07-01,1,2548,396,2002-06-01 00:00:00.000000000
40,Pagado,2002-09-01,1,2548,396,2002-08-01 00:00:00.000000000
60,Pagado,2002-12-01,1,2548,396,2002-10-01 00:00:00.000000000
40,Pagado,2003-02-01,1,2548,396,2003-01-01 00:00:00.000000000
60,Pagado,2004-05-01,1,2548,396,2004-03-01 00:00:00.000000000
380,Pagado,2004-12-01,1,2548,396,2003-06-01 00:00:00.000000000
20,Pagado,2005-01-01,1,2548,396,2005-01-01 00:00:00.000000000
20,Pagado,2005-02-01,1,2548,396,2005-02-01 00:00:00.000000000
400,Pagado,2007-01-01,1,2548,396,2005-06-01 00:00:00.000000000
40,Pagado,2007-03-01,1,2548,396,2007-02-01 00:00:00.000000000
20,Pagado,2007-04-01,1,2548,396,2007-04-01 00:00:00.000000000
40,Pagado,2007-06-01,1,2548,396,2007-03-01 00:00:00.000000000
20,Pagado,2007-07-01,1,2548,396,2007-07-01 00:00:00.000000000
20,Pagado,2007-08-01,1,2548,396,2007-08-01 00:00:00.000000000
20,Pagado,2007-09-01,1,2548,396,2007-09-01 00:00:00.000000000
40,Pagado,2007-11-01,1,2548,396,2007-10-01 00:00:00.000000000
40,Pagado,2008-01-01,1,2548,396,2007-12-01 00:00:00.000000000
20,Pagado,2008-03-01,1,2548,396,2008-03-01 00:00:00.000000000
40,Pagado,2008-05-01,1,2548,396,2008-04-01 00:00:00.000000000
20,Pagado,2008-06-01,1,2548,396,2008-06-01 00:00:00.000000000
60,Pagado,2008-09-01,1,2548,396,2008-07-01 00:00:00.000000000
80,Pagado,2008-09-01,1,2548,396,2008-06-01 00:00:00.000000000
140,Pagado,2009-05-01,1,2548,396,2008-11-01 00:00:00.000000000
280,Pagado,2010-11-01,1,2548,396,2009-10-01 00:00:00.000000000
40,Pagado,2011-01-01,1,2548,396,2010-12-01 00:00:00.000000000
20,Pagado,2011-02-01,1,2548,396,2011-02-01 00:00:00.000000000
40,Pagado,2011-04-01,1,2548,396,2011-03-01 00:00:00.000000000
140,Pagado,2011-11-01,1,2548,396,2011-05-01 00:00:00.000000000
140,Pagado,2012-06-01,1,2548,396,2011-12-01 00:00:00.000000000
120,Pagado,2012-12-01,1,2548,396,2012-07-01 00:00:00.000000000
500,Pagado,2015-01-01,1,2548,396,2013-01-01 00:00:00.000000000
1220,Pagado,2020-02-01,1,2548,396,2015-02-01 00:00:00.000000000
100,Pagado,2020-07-01,1,2548,396,2020-03-01 00:00:00.000000000
200,Pagado,2021-05-01,1,2548,396,2020-08-01 00:00:00.000000000
100,Pagado,2021-10-01,1,2548,396,2021-06-01 00:00:00.000000000
200,Pagado,2022-08-01,1,2548,396,2021-11-01 00:00:00.000000000
300,Pagado,2023-11-01,1,2548,396,2022-09-01 00:00:00.000000000
740,Pagado,2025-12-01,1,2548,396,2023-12-01 00:00:00.000000000
20,Pagado,2001-12-01,1,2548,397,2001-12-01 00:00:00.000000000
120,Pagado,2002-10-01,1,2548,397,2002-05-01 00:00:00.000000000
120,Pagado,2003-04-01,1,2548,397,2002-11-01 00:00:00.000000000
20,Pagado,2003-05-01,1,2548,397,2003-05-01 00:00:00.000000000
200,Pagado,2005-01-01,1,2548,397,2004-04-01 00:00:00.000000000
80,Pagado,2005-05-01,1,2548,397,2005-02-01 00:00:00.000000000
380,Pagado,2006-12-01,1,2548,397,2005-06-01 00:00:00.000000000
160,Pagado,2007-08-01,1,2548,397,2007-01-01 00:00:00.000000000
300,Pagado,2008-11-01,1,2548,397,2007-09-01 00:00:00.000000000
260,Pagado,2009-12-01,1,2548,397,2008-12-01 00:00:00.000000000
200,Pagado,2010-10-01,1,2548,397,2010-01-01 00:00:00.000000000
40,Pagado,2010-12-01,1,2548,397,2010-11-01 00:00:00.000000000
240,Pagado,2011-12-01,1,2548,397,2011-01-01 00:00:00.000000000
240,Pagado,2012-12-01,1,2548,397,2012-01-01 00:00:00.000000000
140,Pagado,2013-12-01,1,2548,397,2013-06-01 00:00:00.000000000
240,Pagado,2014-12-01,1,2548,397,2014-01-01 00:00:00.000000000
240,Pagado,2015-12-01,1,2548,397,2015-01-01 00:00:00.000000000
240,Pagado,2016-12-01,1,2548,397,2016-01-01 00:00:00.000000000
240,Pagado,2017-12-01,1,2548,397,2011-01-01 00:00:00.000000000
240,Pagado,2018-12-01,1,2548,397,2018-01-01 00:00:00.000000000
240,Pagado,2019-12-01,1,2548,397,2019-01-01 00:00:00.000000000
20,Pagado,2001-12-01,1,2548,398,2001-12-01 00:00:00.000000000
120,Pagado,2008-06-01,1,2548,398,2008-01-01 00:00:00.000000000
100,Pagado,2008-11-01,1,2548,398,2008-07-01 00:00:00.000000000
100,Pagado,1999-12-01,1,2548,401,1999-08-01 00:00:00.000000000
120,Pagado,2000-12-01,1,2548,401,2000-07-01 00:00:00.000000000
120,Pagado,2001-12-01,1,2548,401,2001-07-01 00:00:00.000000000
120,Pagado,2002-06-01,1,2548,401,2000-01-01 00:00:00.000000000
260,Pagado,2003-01-01,1,2548,401,2002-01-01 00:00:00.000000000
120,Pagado,2003-07-01,1,2548,401,2003-02-01 00:00:00.000000000
100,Pagado,2003-12-01,1,2548,401,2003-08-01 00:00:00.000000000
40,Pagado,2004-02-01,1,2548,401,2004-01-01 00:00:00.000000000
140,Pagado,2005-02-01,1,2548,401,2004-08-01 00:00:00.000000000
80,Pagado,2005-06-01,1,2548,401,2005-03-01 00:00:00.000000000
80,Pagado,2005-10-01,1,2548,401,2005-07-01 00:00:00.000000000
100,Pagado,2006-03-01,1,2548,401,2005-11-01 00:00:00.000000000
100,Pagado,2006-08-01,1,2548,401,2006-04-01 00:00:00.000000000
240,Pagado,2001-12-01,1,2548,402,2001-01-01 00:00:00.000000000
240,Pagado,2002-12-01,1,2548,402,2002-01-01 00:00:00.000000000
200,Pagado,2003-10-01,1,2548,402,2003-01-01 00:00:00.000000000
200,Pagado,2004-08-01,1,2548,402,2003-11-01 00:00:00.000000000
20,Pagado,2001-12-01,1,2548,403,2001-12-01 00:00:00.000000000
20,Pagado,2001-12-01,1,2548,404,2001-12-01 00:00:00.000000000
1000,Pagado,2008-05-01,1,2548,404,2004-04-01 00:00:00.000000000
100,Pagado,2009-03-01,1,2548,404,2008-11-01 00:00:00.000000000
400,Pagado,2002-11-01,1,2548,407,2001-04-01 00:00:00.000000000
20,Pagado,2002-12-01,1,2548,407,2002-12-01 00:00:00.000000000
800,Pagado,2001-02-01,1,2548,410,1996-08-01 00:00:00.000000000
540,Pagado,2003-05-01,1,2548,410,2001-03-01 00:00:00.000000000
360,Pagado,2005-09-01,1,2548,410,2004-04-01 00:00:00.000000000
200,Pagado,2006-07-01,1,2548,410,2005-10-01 00:00:00.000000000
240,Pagado,2002-10-01,1,2548,414,2001-11-01 00:00:00.000000000
140,Pagado,2004-10-01,1,2548,414,2004-04-01 00:00:00.000000000
140,Pagado,2005-05-01,1,2548,414,2004-11-01 00:00:00.000000000
200,Pagado,2005-08-01,1,2548,414,2002-11-01 00:00:00.000000000
80,Pagado,2005-12-01,1,2548,414,2005-09-01 00:00:00.000000000
200,Pagado,2006-10-01,1,2548,414,2006-01-01 00:00:00.000000000
120,Pagado,2007-04-01,1,2548,414,2006-11-01 00:00:00.000000000
60,Pagado,2007-07-01,1,2548,414,2007-05-01 00:00:00.000000000
60,Pagado,2007-10-01,1,2548,414,2007-08-01 00:00:00.000000000
40,Pagado,2007-12-01,1,2548,414,2007-11-01 00:00:00.000000000
1890,Pagado,2005-10-01,1,2548,415,1996-10-01 00:00:00.000000000
20,Pagado,2005-11-01,1,2548,415,2005-11-01 00:00:00.000000000
20,Pagado,2001-12-01,1,2548,416,2001-12-01 00:00:00.000000000
240,Pagado,2009-10-01,1,2548,416,2008-11-01 00:00:00.000000000
1900,Pagado,2021-11-01,1,2548,416,2014-01-01 00:00:00.000000000
500,Pagado,2023-12-01,1,2548,416,2021-12-01 00:00:00.000000000
360,Pagado,2024-12-01,1,2548,416,2024-01-01 00:00:00.000000000
360,Pagado,2025-12-01,1,2548,416,2025-01-01 00:00:00.000000000
300,Pagado,2026-10-01,1,2548,416,2026-01-01 00:00:00.000000000
240,Pagado,2001-09-01,1,2548,417,1996-11-01 00:00:00.000000000
200,Pagado,1999-10-01,1,2548,418,1999-01-01 00:00:00.000000000
520,Pagado,2000-03-01,1,2548,419,1997-01-01 00:00:00.000000000
20,Pagado,2001-09-01,1,2548,420,2001-09-01 00:00:00.000000000
20,Pagado,2001-10-01,1,2548,420,2001-10-01 00:00:00.000000000
20,Pagado,2001-11-01,1,2548,420,2001-11-01 00:00:00.000000000
80,Pagado,2007-08-01,1,2548,420,2007-05-01 00:00:00.000000000
80,Pagado,2007-12-01,1,2548,420,2007-09-01 00:00:00.000000000
20,Pagado,2008-01-01,1,2548,420,2008-01-01 00:00:00.000000000
20,Pagado,2008-02-01,1,2548,420,2008-02-01 00:00:00.000000000
20,Pagado,2008-03-01,1,2548,420,2008-03-01 00:00:00.000000000
140,Pagado,2008-10-01,1,2548,420,2008-04-01 00:00:00.000000000
100,Pagado,2009-03-01,1,2548,420,2008-11-01 00:00:00.000000000
100,Pagado,2009-08-01,1,2548,420,2009-04-01 00:00:00.000000000
200,Pagado,2010-06-01,1,2548,420,2009-09-01 00:00:00.000000000
200,Pagado,2011-04-01,1,2548,420,2010-07-01 00:00:00.000000000
480,Pagado,2013-04-01,1,2548,420,2010-05-01 00:00:00.000000000
480,Pagado,2015-04-01,1,2548,420,2013-05-01 00:00:00.000000000
400,Pagado,2016-12-01,1,2548,420,2015-05-01 00:00:00.000000000
1120,Pagado,2021-08-01,1,2548,420,2017-01-01 00:00:00.000000000
40,Pagado,2021-10-01,1,2548,420,2021-09-01 00:00:00.000000000
40,Pagado,2021-12-01,1,2548,420,2021-11-01 00:00:00.000000000
240,Pagado,2022-12-01,1,2548,420,2022-01-01 00:00:00.000000000
240,Pagado,2023-12-01,1,2548,420,2023-01-01 00:00:00.000000000
600,Pagado,2025-08-01,1,2548,420,2024-01-01 00:00:00.000000000
120,Pagado,2025-12-01,1,2548,420,2025-09-01 00:00:00.000000000
100,Pagado,1999-02-01,1,2548,424,1998-05-01 00:00:00.000000000
40,Pagado,1999-04-01,1,2548,424,1999-03-01 00:00:00.000000000
40,Pagado,1999-06-01,1,2548,424,1999-05-01 00:00:00.000000000
40,Pagado,1999-08-01,1,2548,424,1999-07-01 00:00:00.000000000
40,Pagado,1999-10-01,1,2548,424,1999-09-01 00:00:00.000000000
100,Pagado,2000-03-01,1,2548,424,1999-11-01 00:00:00.000000000
100,Pagado,2000-08-01,1,2548,424,2000-04-01 00:00:00.000000000
40,Pagado,2000-10-01,1,2548,424,2000-09-01 00:00:00.000000000
100,Pagado,2001-03-01,1,2548,424,2000-11-01 00:00:00.000000000
40,Pagado,2001-05-01,1,2548,424,2001-04-01 00:00:00.000000000
60,Pagado,2001-08-01,1,2548,424,2002-06-01 00:00:00.000000000
40,Pagado,2001-10-01,1,2548,424,2001-09-01 00:00:00.000000000
40,Pagado,2001-12-01,1,2548,424,2001-11-01 00:00:00.000000000
60,Pagado,2002-03-01,1,2548,424,2002-01-01 00:00:00.000000000
100,Pagado,2002-08-01,1,2548,424,2002-04-01 00:00:00.000000000
1080,Pagado,2004-06-01,1,2548,428,2000-01-01 00:00:00.000000000
240,Pagado,2005-06-01,1,2548,428,2004-07-01 00:00:00.000000000
920,Pagado,2002-04-01,1,2548,432,1997-11-01 00:00:00.000000000
20,Pagado,2001-12-01,1,2548,434,2001-12-01 00:00:00.000000000
20,Pagado,2001-12-01,1,2548,439,2001-12-01 00:00:00.000000000
200,Pagado,2003-10-01,1,2548,439,2003-01-01 00:00:00.000000000
500,Pagado,1999-09-01,1,2548,442,1997-09-01 00:00:00.000000000
200,Pagado,2000-04-01,1,2548,443,1999-07-01 00:00:00.000000000
100,Pagado,2000-09-01,1,2548,443,2000-05-01 00:00:00.000000000
100,Pagado,2001-02-01,1,2548,443,2000-10-01 00:00:00.000000000
100,Pagado,2001-10-01,1,2548,443,2001-06-01 00:00:00.000000000
160,Pagado,2004-11-01,1,2548,443,2004-04-01 00:00:00.000000000
100,Pagado,2005-04-01,1,2548,443,2004-12-01 00:00:00.000000000
500,Pagado,2007-05-01,1,2548,443,2005-05-01 00:00:00.000000000
500,Pagado,2009-06-01,1,2548,443,2007-06-01 00:00:00.000000000
300,Pagado,2010-09-01,1,2548,443,2009-07-01 00:00:00.000000000
360,Pagado,2012-03-01,1,2548,443,2010-10-01 00:00:00.000000000
360,Pagado,2013-09-01,1,2548,443,2012-04-01 00:00:00.000000000
300,Pagado,2014-12-01,1,2548,443,2013-10-01 00:00:00.000000000
200,Pagado,2002-10-01,1,2548,444,2002-01-01 00:00:00.000000000
200,Pagado,2004-09-01,1,2548,444,2003-12-01 00:00:00.000000000
60,Pagado,2004-12-01,1,2548,444,2004-10-01 00:00:00.000000000
80,Pagado,2005-04-01,1,2548,444,2005-01-01 00:00:00.000000000
80,Pagado,2005-08-01,1,2548,444,2005-05-01 00:00:00.000000000
200,Pagado,2006-06-01,1,2548,444,2005-09-01 00:00:00.000000000
320,Pagado,2007-10-01,1,2548,444,2006-07-01 00:00:00.000000000
500,Pagado,2009-11-01,1,2548,444,2007-11-01 00:00:00.000000000
180,Pagado,2010-08-01,1,2548,444,2009-12-01 00:00:00.000000000
80,Pagado,2010-12-01,1,2548,444,2010-09-01 00:00:00.000000000
20,Pagado,2011-01-01,1,2548,444,2011-01-01 00:00:00.000000000
220,Pagado,2011-12-01,1,2548,444,2011-02-01 00:00:00.000000000
240,Pagado,2012-12-01,1,2548,444,2012-01-01 00:00:00.000000000
240,Pagado,2013-12-01,1,2548,444,2013-01-01 00:00:00.000000000
200,Pagado,2014-10-01,1,2548,444,2014-01-01 00:00:00.000000000
40,Pagado,2014-12-01,1,2548,444,2014-11-01 00:00:00.000000000
40,Pagado,2015-02-01,1,2548,444,2015-01-01 00:00:00.000000000
200,Pagado,2015-12-01,1,2548,444,2015-03-01 00:00:00.000000000
200,Pagado,2016-10-01,1,2548,444,2016-01-01 00:00:00.000000000
200,Pagado,2017-10-01,1,2548,444,2017-01-01 00:00:00.000000000
260,Pagado,2018-11-01,1,2548,444,2017-11-01 00:00:00.000000000
80,Pagado,2019-03-01,1,2548,444,2018-12-01 00:00:00.000000000
160,Pagado,2019-11-01,1,2548,444,2019-04-01 00:00:00.000000000
40,Pagado,2020-01-01,1,2548,444,2019-12-01 00:00:00.000000000
20,Pagado,2020-02-01,1,2548,444,2020-02-01 00:00:00.000000000
200,Pagado,2020-12-01,1,2548,444,2020-03-01 00:00:00.000000000
240,Pagado,2021-12-01,1,2548,444,2021-01-01 00:00:00.000000000
40,Pagado,2022-02-01,1,2548,444,2022-01-01 00:00:00.000000000
200,Pagado,2022-12-01,1,2548,444,2022-03-01 00:00:00.000000000
60,Pagado,2023-03-01,1,2548,444,2023-01-01 00:00:00.000000000
120,Pagado,2023-09-01,1,2548,444,2023-04-01 00:00:00.000000000
60,Pagado,2023-12-01,1,2548,444,2023-10-01 00:00:00.000000000
300,Pagado,2024-10-01,1,2548,444,2024-01-01 00:00:00.000000000
60,Pagado,2024-12-01,1,2548,444,2024-11-01 00:00:00.000000000
90,Pagado,2025-03-01,1,2548,444,2025-01-01 00:00:00.000000000
270,Pagado,2025-12-01,1,2548,444,2025-04-01 00:00:00.000000000
400,Pagado,2002-02-01,1,2548,445,1997-10-01 00:00:00.000000000
80,Pagado,2002-10-01,1,2548,445,2002-03-01 00:00:00.000000000
20,Pagado,2002-12-01,1,2548,445,2002-11-01 00:00:00.000000000
85,Pagado,1999-02-01,1,2548,446,1997-10-01 00:00:00.000000000
80,Pagado,2004-09-01,1,2548,450,2004-06-01 00:00:00.000000000
20,Pagado,2001-12-01,1,2548,451,2001-12-01 00:00:00.000000000
300,Pagado,2010-01-01,1,2548,451,2008-11-01 00:00:00.000000000
20,Pagado,2001-12-01,1,2548,452,2001-12-01 00:00:00.000000000
60,Pagado,2005-04-01,1,2548,452,2005-02-01 00:00:00.000000000
100,Pagado,1998-04-01,1,2548,455,1997-12-01 00:00:00.000000000
200,Pagado,1999-06-01,1,2548,455,1998-04-01 00:00:00.000000000
40,Pagado,2001-12-01,1,2548,456,2001-11-01 00:00:00.000000000
20,Pagado,2002-01-01,1,2548,456,2002-01-01 00:00:00.000000000
20,Pagado,2002-03-01,1,2548,456,2002-03-01 00:00:00.000000000
20,Pagado,2002-04-01,1,2548,456,2002-04-01 00:00:00.000000000
200,Pagado,2001-08-01,1,2548,457,2000-11-01 00:00:00.000000000
240,Pagado,2002-06-01,1,2548,457,2001-07-01 00:00:00.000000000
200,Pagado,2003-04-01,1,2548,457,2002-07-01 00:00:00.000000000
60,Pagado,2003-07-01,1,2548,457,2003-05-01 00:00:00.000000000
160,Pagado,2004-12-01,1,2548,457,2004-05-01 00:00:00.000000000
100,Pagado,2001-06-01,1,2548,458,2001-02-01 00:00:00.000000000
200,Pagado,2002-04-01,1,2548,458,2001-07-01 00:00:00.000000000
160,Pagado,2002-12-01,1,2548,458,2002-05-01 00:00:00.000000000
160,Pagado,2003-08-01,1,2548,458,2003-01-01 00:00:00.000000000
20,Pagado,2001-12-01,1,2548,462,2001-12-01 00:00:00.000000000
20,Pagado,2001-12-01,1,2548,466,2001-12-01 00:00:00.000000000
120,Pagado,2002-12-01,1,2548,467,2002-01-01 00:00:00.000000000
120,Pagado,2003-12-01,1,2548,467,2003-01-01 00:00:00.000000000
120,Pagado,2004-12-01,1,2548,467,2004-01-01 00:00:00.000000000
1580,Pagado,2005-05-01,1,2548,472,1998-07-01 00:00:00.000000000
100,Pagado,2005-10-01,1,2548,472,2005-06-01 00:00:00.000000000
100,Pagado,2006-03-01,1,2548,472,2005-11-01 00:00:00.000000000
100,Pagado,2006-08-01,1,2548,472,2006-04-01 00:00:00.000000000
100,Pagado,2007-01-01,1,2548,472,2006-09-01 00:00:00.000000000
100,Pagado,2007-06-01,1,2548,472,2007-02-01 00:00:00.000000000
600,Pagado,2009-12-01,1,2548,472,2007-07-01 00:00:00.000000000
1000,Pagado,2014-02-01,1,2548,472,2010-01-01 00:00:00.000000000
240,Pagado,2015-02-01,1,2548,472,2014-03-01 00:00:00.000000000
240,Pagado,2016-02-01,1,2548,472,2015-03-01 00:00:00.000000000
20,Pagado,2001-12-01,1,2548,473,2001-12-01 00:00:00.000000000
3140,Pagado,2020-01-01,1,2548,473,2007-01-01 00:00:00.000000000
500,Pagado,2022-02-01,1,2548,473,2020-02-01 00:00:00.000000000
400,Pagado,2023-10-01,1,2548,473,2023-03-01 00:00:00.000000000
40,Pagado,2023-12-01,1,2548,473,2023-11-01 00:00:00.000000000
360,Pagado,2024-12-01,1,2548,473,2024-01-01 00:00:00.000000000
360,Pagado,2025-12-01,1,2548,473,2025-01-01 00:00:00.000000000
120,Pagado,2002-06-01,1,2548,476,2002-01-01 00:00:00.000000000
120,Pagado,2002-12-01,1,2548,476,2002-07-01 00:00:00.000000000
140,Pagado,2003-07-01,1,2548,476,2003-01-01 00:00:00.000000000
40,Pagado,2003-09-01,1,2548,476,2003-08-01 00:00:00.000000000
20,Pagado,2003-10-01,1,2548,476,2003-10-01 00:00:00.000000000
40,Pagado,2003-12-01,1,2548,476,2003-11-01 00:00:00.000000000
60,Pagado,2004-03-01,1,2548,476,2004-01-01 00:00:00.000000000
180,Pagado,2004-12-01,1,2548,476,2004-04-01 00:00:00.000000000
40,Pagado,2005-02-01,1,2548,476,2005-01-01 00:00:00.000000000
40,Pagado,2005-04-01,1,2548,476,2005-03-01 00:00:00.000000000
20,Pagado,2005-05-01,1,2548,476,2005-05-01 00:00:00.000000000
40,Pagado,2005-07-01,1,2548,476,2005-06-01 00:00:00.000000000
200,Pagado,2006-05-01,1,2548,476,2005-08-01 00:00:00.000000000
100,Pagado,2006-10-01,1,2548,476,2006-06-01 00:00:00.000000000
100,Pagado,2007-03-01,1,2548,476,2006-11-01 00:00:00.000000000
60,Pagado,2007-06-01,1,2548,476,2007-04-01 00:00:00.000000000
40,Pagado,2007-08-01,1,2548,476,2007-07-01 00:00:00.000000000
60,Pagado,2007-11-01,1,2548,476,2007-09-01 00:00:00.000000000
100,Pagado,2008-04-01,1,2548,476,2007-12-01 00:00:00.000000000
160,Pagado,2008-12-01,1,2548,476,2008-05-01 00:00:00.000000000
280,Pagado,2010-11-01,1,2548,476,2009-10-01 00:00:00.000000000
40,Pagado,2011-02-01,1,2548,476,2011-01-01 00:00:00.000000000
80,Pagado,2011-06-01,1,2548,476,2011-03-01 00:00:00.000000000
20,Pagado,2011-07-01,1,2548,476,2011-07-01 00:00:00.000000000
100,Pagado,2011-12-01,1,2548,476,2011-08-01 00:00:00.000000000
100,Pagado,2012-05-01,1,2548,476,2012-01-01 00:00:00.000000000
140,Pagado,2012-12-01,1,2548,476,2012-06-01 00:00:00.000000000
240,Pagado,2013-12-01,1,2548,476,2013-01-01 00:00:00.000000000
200,Pagado,2014-10-01,1,2548,476,2014-01-01 00:00:00.000000000
200,Pagado,2015-08-01,1,2548,476,2014-11-01 00:00:00.000000000
980,Pagado,2019-09-01,1,2548,476,2015-09-01 00:00:00.000000000
580,Pagado,2002-05-01,1,2548,477,2000-01-01 00:00:00.000000000
477,Pagado,2002-06-01,1,2548,477,2002-06-01 00:00:00.000000000
20,Pagado,2002-07-01,1,2548,477,2002-07-01 00:00:00.000000000
40,Pagado,2002-09-01,1,2548,477,2002-08-01 00:00:00.000000000
20,Pagado,2002-10-01,1,2548,477,2002-10-01 00:00:00.000000000
200,Pagado,2003-08-01,1,2548,477,2002-11-01 00:00:00.000000000
600,Pagado,2006-02-01,1,2548,477,2003-09-01 00:00:00.000000000
240,Pagado,2007-02-01,1,2548,477,2006-03-01 00:00:00.000000000
20,Pagado,2007-03-01,1,2548,477,2007-03-01 00:00:00.000000000
200,Pagado,2008-01-01,1,2548,477,2007-04-01 00:00:00.000000000
20,Pagado,2008-02-01,1,2548,477,2008-02-01 00:00:00.000000000
20,Pagado,2008-03-01,1,2548,477,2008-03-01 00:00:00.000000000
100,Pagado,2009-04-01,1,2548,477,2008-12-01 00:00:00.000000000
40,Pagado,2001-04-01,1,2548,478,2001-03-01 00:00:00.000000000
135,Pagado,1999-12-01,1,2548,479,1998-08-01 00:00:00.000000000
40,Pagado,2000-04-01,1,2548,479,2000-01-01 00:00:00.000000000
100,Pagado,2001-02-01,1,2548,479,2000-05-01 00:00:00.000000000
80,Pagado,2001-10-01,1,2548,479,2001-03-01 00:00:00.000000000
20,Pagado,2001-12-01,1,2548,479,2001-11-01 00:00:00.000000000
400,Pagado,2003-12-01,1,2548,479,2002-05-01 00:00:00.000000000
300,Pagado,2005-06-01,1,2548,479,2004-04-01 00:00:00.000000000
100,Pagado,2005-11-01,1,2548,479,2005-07-01 00:00:00.000000000
160,Pagado,2006-07-01,1,2548,479,2005-12-01 00:00:00.000000000
200,Pagado,2007-03-01,1,2548,479,2006-08-01 00:00:00.000000000
720,Pagado,2010-05-01,1,2548,479,2007-06-01 00:00:00.000000000
120,Pagado,2010-11-01,1,2548,479,2010-06-01 00:00:00.000000000
100,Pagado,2011-04-01,1,2548,479,2010-12-01 00:00:00.000000000
120,Pagado,2011-10-01,1,2548,479,2011-05-01 00:00:00.000000000
280,Pagado,2012-12-01,1,2548,479,2011-11-01 00:00:00.000000000
240,Pagado,2013-12-01,1,2548,479,2013-01-01 00:00:00.000000000
480,Pagado,2000-10-01,1,2548,480,2000-01-01 00:00:00.000000000
300,Pagado,2002-01-01,1,2548,480,2000-11-01 00:00:00.000000000
1200,Pagado,2007-01-01,1,2548,480,2002-02-01 00:00:00.000000000
300,Pagado,2013-02-01,1,2548,480,2012-01-01 00:00:00.000000000
900,Pagado,2016-11-01,1,2548,480,2013-03-01 00:00:00.000000000
700,Pagado,2002-02-01,1,2548,482,1999-04-01 00:00:00.000000000
100,Pagado,2002-07-01,1,2548,482,2002-03-01 00:00:00.000000000
40,Pagado,2002-09-01,1,2548,482,2002-08-01 00:00:00.000000000
200,Pagado,2003-07-01,1,2548,482,2002-10-01 00:00:00.000000000
360,Pagado,2002-02-01,1,2548,483,1999-03-01 00:00:00.000000000
300,Pagado,2002-10-01,1,2548,484,2001-08-01 00:00:00.000000000
120,Pagado,2003-04-01,1,2548,484,2002-11-01 00:00:00.000000000
120,Pagado,2003-10-01,1,2548,484,2003-05-01 00:00:00.000000000
120,Pagado,2004-04-01,1,2548,484,2003-11-01 00:00:00.000000000
120,Pagado,2005-06-01,1,2548,484,2005-01-01 00:00:00.000000000
120,Pagado,2005-12-01,1,2548,484,2005-07-01 00:00:00.000000000
120,Pagado,2006-06-01,1,2548,484,2006-01-01 00:00:00.000000000
120,Pagado,2006-12-01,1,2548,484,2006-07-01 00:00:00.000000000
120,Pagado,2007-06-01,1,2548,484,2007-01-01 00:00:00.000000000
120,Pagado,2007-12-01,1,2548,484,2007-07-01 00:00:00.000000000
160,Pagado,2008-08-01,1,2548,484,2008-01-01 00:00:00.000000000
40,Pagado,2008-10-01,1,2548,484,2008-09-01 00:00:00.000000000
20,Pagado,2008-11-01,1,2548,484,2008-11-01 00:00:00.000000000
20,Pagado,2008-12-01,1,2548,484,2008-12-01 00:00:00.000000000
40,Pagado,2009-02-01,1,2548,484,2009-01-01 00:00:00.000000000
200,Pagado,2009-12-01,1,2548,484,2009-03-01 00:00:00.000000000
100,Pagado,2010-05-01,1,2548,484,2010-01-01 00:00:00.000000000
80,Pagado,2010-09-01,1,2548,484,2010-06-01 00:00:00.000000000
60,Pagado,2010-12-01,1,2548,484,2010-10-01 00:00:00.000000000
200,Pagado,2011-10-01,1,2548,484,2011-01-01 00:00:00.000000000
40,Pagado,2011-12-01,1,2548,484,2011-11-01 00:00:00.000000000
140,Pagado,2012-07-01,1,2548,484,2012-01-01 00:00:00.000000000
100,Pagado,2012-12-01,1,2548,484,2012-08-01 00:00:00.000000000
240,Pagado,2013-12-01,1,2548,484,2013-01-01 00:00:00.000000000
20,Pagado,2014-01-01,1,2548,484,2014-01-01 00:00:00.000000000
220,Pagado,2014-12-01,1,2548,484,2014-02-01 00:00:00.000000000
240,Pagado,2015-12-01,1,2548,484,2015-01-01 00:00:00.000000000
240,Pagado,2019-12-01,1,2548,484,2019-01-01 00:00:00.000000000
240,Pagado,2020-12-01,1,2548,484,2020-01-01 00:00:00.000000000
240,Pagado,2021-12-01,1,2548,484,2021-01-01 00:00:00.000000000
240,Pagado,2022-12-01,1,2548,484,2022-01-01 00:00:00.000000000
240,Pagado,2023-12-01,1,2548,484,2023-01-01 00:00:00.000000000
360,Pagado,2024-12-01,1,2548,484,2024-01-01 00:00:00.000000000
360,Pagado,2025-12-01,1,2548,484,2025-01-01 00:00:00.000000000
420,Pagado,2002-05-01,1,2548,485,2001-09-01 00:00:00.000000000
20,Pagado,2002-06-01,1,2548,485,2002-06-01 00:00:00.000000000
340,Pagado,2003-11-01,1,2548,485,2002-07-01 00:00:00.000000000
20,Pagado,2003-12-01,1,2548,485,2003-12-01 00:00:00.000000000
20,Pagado,2004-01-01,1,2548,485,2004-01-01 00:00:00.000000000
20,Pagado,2004-02-01,1,2548,485,2004-02-01 00:00:00.000000000
320,Pagado,2005-06-01,1,2548,485,2004-03-01 00:00:00.000000000
60,Pagado,1999-09-01,1,2548,486,1999-07-01 00:00:00.000000000
100,Pagado,2000-02-01,1,2548,486,1999-10-01 00:00:00.000000000
100,Pagado,2000-07-01,1,2548,486,2000-03-01 00:00:00.000000000
100,Pagado,2000-12-01,1,2548,486,2000-08-01 00:00:00.000000000
20,Pagado,2001-12-01,1,2548,487,2001-12-01 00:00:00.000000000
480,Pagado,2002-06-01,1,2548,488,2000-07-01 00:00:00.000000000
100,Pagado,2003-05-01,1,2548,488,2003-01-01 00:00:00.000000000
120,Pagado,2004-08-01,1,2548,488,2004-03-01 00:00:00.000000000
40,Pagado,2004-10-01,1,2548,488,2004-09-01 00:00:00.000000000
140,Pagado,2005-05-01,1,2548,488,2004-11-01 00:00:00.000000000
660,Pagado,2008-02-01,1,2548,488,2005-06-01 00:00:00.000000000
560,Pagado,2010-06-01,1,2548,488,2008-03-01 00:00:00.000000000
120,Pagado,2010-12-01,1,2548,488,2010-07-01 00:00:00.000000000
80,Pagado,2011-04-01,1,2548,488,2011-01-01 00:00:00.000000000
160,Pagado,2011-12-01,1,2548,488,2011-05-01 00:00:00.000000000
100,Pagado,2012-05-01,1,2548,488,2012-01-01 00:00:00.000000000
100,Pagado,2012-10-01,1,2548,488,2012-06-01 00:00:00.000000000
40,Pagado,2012-12-01,1,2548,488,2012-11-01 00:00:00.000000000
60,Pagado,2013-03-01,1,2548,488,2013-01-01 00:00:00.000000000
100,Pagado,2013-10-01,1,2548,488,2013-04-01 00:00:00.000000000
20,Pagado,2013-11-01,1,2548,488,2013-11-01 00:00:00.000000000
100,Pagado,2014-04-01,1,2548,488,2013-12-01 00:00:00.000000000
160,Pagado,2014-12-01,1,2548,488,2014-05-01 00:00:00.000000000
220,Pagado,2015-11-01,1,2548,488,2015-01-01 00:00:00.000000000
240,Pagado,2016-11-01,1,2548,488,2015-12-01 00:00:00.000000000
240,Pagado,2017-11-01,1,2548,488,2016-12-01 00:00:00.000000000
240,Pagado,2004-12-01,1,2548,490,2004-01-01 00:00:00.000000000
160,Pagado,2005-08-01,1,2548,490,2009-01-01 00:00:00.000000000
520,Pagado,2007-10-01,1,2548,490,2005-09-01 00:00:00.000000000
60,Pagado,2008-01-01,1,2548,490,2007-11-01 00:00:00.000000000
1000,Pagado,2003-04-01,1,2548,491,1999-03-01 00:00:00.000000000
100,Pagado,2003-09-01,1,2548,491,2003-05-01 00:00:00.000000000
200,Pagado,2004-07-01,1,2548,491,2003-10-01 00:00:00.000000000
1540,Pagado,2010-12-01,1,2548,491,2004-08-01 00:00:00.000000000
100,Pagado,2011-05-01,1,2548,491,2011-01-01 00:00:00.000000000
200,Pagado,2012-03-01,1,2548,491,2011-06-01 00:00:00.000000000
120,Pagado,2012-09-01,1,2548,491,2012-04-01 00:00:00.000000000
60,Pagado,2012-12-01,1,2548,491,2012-10-01 00:00:00.000000000
240,Pagado,2013-12-01,1,2548,491,2013-01-01 00:00:00.000000000
480,Pagado,2015-12-01,1,2548,491,2014-01-01 00:00:00.000000000
500,Pagado,2016-01-01,1,2548,491,2014-01-01 00:00:00.000000000
220,Pagado,2018-12-01,1,2548,491,2018-02-01 00:00:00.000000000
340,Pagado,2020-05-01,1,2548,491,2019-01-01 00:00:00.000000000
140,Pagado,2020-12-01,1,2548,491,2020-06-01 00:00:00.000000000
200,Pagado,2021-10-01,1,2548,491,2021-01-01 00:00:00.000000000
40,Pagado,2021-12-01,1,2548,491,2021-11-01 00:00:00.000000000
240,Pagado,2022-12-01,1,2548,491,2022-01-01 00:00:00.000000000
160,Pagado,2023-12-01,1,2548,491,2023-05-01 00:00:00.000000000
300,Pagado,2024-10-01,1,2548,491,2024-01-01 00:00:00.000000000
60,Pagado,2024-12-01,1,2548,491,2024-11-01 00:00:00.000000000
360,Pagado,2025-12-01,1,2548,491,2025-01-01 00:00:00.000000000
260,Pagado,2002-05-01,1,2548,492,2001-05-01 00:00:00.000000000
100,Pagado,2002-10-01,1,2548,492,2002-06-01 00:00:00.000000000
520,Pagado,2004-12-01,1,2548,492,2002-11-01 00:00:00.000000000
520,Pagado,2007-02-01,1,2548,492,2005-01-01 00:00:00.000000000
20,Pagado,2007-05-01,1,2548,492,2007-05-01 00:00:00.000000000
40,Pagado,2007-05-01,1,2548,492,2007-04-01 00:00:00.000000000
20,Pagado,2007-06-01,1,2548,492,2007-06-01 00:00:00.000000000
20,Pagado,2008-05-01,1,2548,492,2008-05-01 00:00:00.000000000
570,Pagado,2025-12-01,1,2548,492,2024-06-01 00:00:00.000000000
100,Pagado,2000-12-01,1,2548,493,2000-08-01 00:00:00.000000000
100,Pagado,2001-05-01,1,2548,493,2001-01-01 00:00:00.000000000
100,Pagado,2001-10-01,1,2548,493,2001-06-01 00:00:00.000000000
200,Pagado,2003-01-01,1,2548,493,2002-04-01 00:00:00.000000000
200,Pagado,2008-08-01,1,2548,493,2007-11-01 00:00:00.000000000
1000,Pagado,2012-10-01,1,2548,493,2008-09-01 00:00:00.000000000
60,Pagado,2013-01-01,1,2548,493,2012-11-01 00:00:00.000000000
200,Pagado,2014-11-01,1,2548,493,2013-02-01 00:00:00.000000000
500,Pagado,2015-12-01,1,2548,493,2013-12-01 00:00:00.000000000
500,Pagado,2018-01-01,1,2548,493,2016-01-01 00:00:00.000000000
400,Pagado,2019-09-01,1,2548,493,2018-02-01 00:00:00.000000000
200,Pagado,2020-05-01,1,2548,493,2020-08-01 00:00:00.000000000
200,Pagado,2020-07-01,1,2548,493,2019-10-01 00:00:00.000000000
140,Pagado,2021-12-01,1,2548,493,2021-06-01 00:00:00.000000000
100,Pagado,2022-05-01,1,2548,493,2022-01-01 00:00:00.000000000
100,Pagado,2022-10-01,1,2548,493,2022-06-01 00:00:00.000000000
100,Pagado,2023-03-01,1,2548,493,2022-11-01 00:00:00.000000000
200,Pagado,2024-01-01,1,2548,493,2023-04-01 00:00:00.000000000
340,Pagado,2024-12-01,1,2548,493,2024-02-01 00:00:00.000000000
20,Pagado,2001-12-01,1,2548,494,2001-12-01 00:00:00.000000000
100,Pagado,2000-04-01,1,2548,495,1999-12-01 00:00:00.000000000
100,Pagado,2000-09-01,1,2548,495,2000-05-01 00:00:00.000000000
100,Pagado,2001-02-01,1,2548,495,2000-10-01 00:00:00.000000000
100,Pagado,2001-07-01,1,2548,495,2001-03-01 00:00:00.000000000
100,Pagado,2001-12-01,1,2548,495,2001-08-01 00:00:00.000000000
100,Pagado,2002-05-01,1,2548,495,2002-01-01 00:00:00.000000000
100,Pagado,2002-10-01,1,2548,495,2002-06-01 00:00:00.000000000
60,Pagado,2003-01-01,1,2548,495,2002-11-01 00:00:00.000000000
100,Pagado,2003-06-01,1,2548,495,2003-02-01 00:00:00.000000000
40,Pagado,2003-08-01,1,2548,495,2003-07-01 00:00:00.000000000
40,Pagado,2003-10-01,1,2548,495,2003-09-01 00:00:00.000000000
80,Pagado,2004-02-01,1,2548,495,2003-11-01 00:00:00.000000000
120,Pagado,2005-04-01,1,2548,495,2004-11-01 00:00:00.000000000
100,Pagado,2005-09-01,1,2548,495,2005-05-01 00:00:00.000000000
40,Pagado,2005-11-01,1,2548,495,2005-10-01 00:00:00.000000000
60,Pagado,2006-06-01,1,2548,495,2006-04-01 00:00:00.000000000
120,Pagado,2006-12-01,1,2548,495,2006-07-01 00:00:00.000000000
20,Pagado,2007-01-01,1,2548,495,2007-01-01 00:00:00.000000000
200,Pagado,2007-11-01,1,2548,495,2007-02-01 00:00:00.000000000
80,Pagado,2008-03-01,1,2548,495,2007-12-01 00:00:00.000000000
520,Pagado,2010-05-01,1,2548,495,2008-04-01 00:00:00.000000000
120,Pagado,2010-11-01,1,2548,495,2010-06-01 00:00:00.000000000
240,Pagado,2011-11-01,1,2548,495,2010-12-01 00:00:00.000000000
240,Pagado,2012-11-01,1,2548,495,2011-12-01 00:00:00.000000000
240,Pagado,2013-11-01,1,2548,495,2012-12-01 00:00:00.000000000
240,Pagado,2014-11-01,1,2548,495,2013-12-01 00:00:00.000000000
260,Pagado,2015-12-01,1,2548,495,2014-12-01 00:00:00.000000000
240,Pagado,2016-12-01,1,2548,495,2016-01-01 00:00:00.000000000
240,Pagado,2017-12-01,1,2548,495,2017-01-01 00:00:00.000000000
240,Pagado,2018-12-01,1,2548,495,2018-01-01 00:00:00.000000000
240,Pagado,2019-12-01,1,2548,495,2019-01-01 00:00:00.000000000
100,Pagado,2020-05-01,1,2548,495,2020-01-01 00:00:00.000000000
140,Pagado,2020-12-01,1,2548,495,2020-06-01 00:00:00.000000000
240,Pagado,2021-12-01,1,2548,495,2021-01-01 00:00:00.000000000
240,Pagado,2022-12-01,1,2548,495,2022-01-01 00:00:00.000000000
40,Pagado,2023-12-01,1,2548,495,2023-11-01 00:00:00.000000000
360,Pagado,2024-12-01,1,2548,495,2024-01-01 00:00:00.000000000
360,Pagado,2025-12-01,1,2548,495,2025-01-01 00:00:00.000000000
230,Pagado,1999-12-01,1,2548,496,1998-12-01 00:00:00.000000000
20,Pagado,2000-01-01,1,2548,496,2000-01-01 00:00:00.000000000
300,Pagado,2001-04-01,1,2548,496,2000-02-01 00:00:00.000000000
260,Pagado,2002-05-01,1,2548,496,2001-05-01 00:00:00.000000000
100,Pagado,2002-10-01,1,2548,496,2002-06-01 00:00:00.000000000
20,Pagado,2003-03-01,1,2548,496,2003-01-01 00:00:00.000000000
520,Pagado,2010-12-01,1,2548,496,2008-11-01 00:00:00.000000000
200,Pagado,2011-10-01,1,2548,496,2011-01-01 00:00:00.000000000
200,Pagado,2012-08-01,1,2548,496,2011-11-01 00:00:00.000000000
300,Pagado,2013-11-01,1,2548,496,2012-09-01 00:00:00.000000000
240,Pagado,2014-11-01,1,2548,496,2013-12-01 00:00:00.000000000
240,Pagado,2015-11-01,1,2548,496,2014-12-01 00:00:00.000000000
240,Pagado,2016-11-01,1,2548,496,2015-12-01 00:00:00.000000000
240,Pagado,2017-11-01,1,2548,496,2016-12-01 00:00:00.000000000
260,Pagado,2018-12-01,1,2548,496,2017-12-01 00:00:00.000000000
100,Pagado,2019-05-01,1,2548,496,2019-01-01 00:00:00.000000000
100,Pagado,2019-10-01,1,2548,496,2019-06-01 00:00:00.000000000
280,Pagado,2020-12-01,1,2548,496,2019-11-01 00:00:00.000000000
40,Pagado,2021-02-01,1,2548,496,2021-01-01 00:00:00.000000000
200,Pagado,2021-12-01,1,2548,496,2021-03-01 00:00:00.000000000
240,Pagado,2022-12-01,1,2548,496,2022-01-01 00:00:00.000000000
60,Pagado,2023-03-01,1,2548,496,2023-01-01 00:00:00.000000000
40,Pagado,2023-12-01,1,2548,496,2023-11-01 00:00:00.000000000
360,Pagado,2024-12-01,1,2548,496,2024-01-01 00:00:00.000000000
300,Pagado,2025-10-01,1,2548,496,2025-01-01 00:00:00.000000000
100,Pagado,2002-08-01,1,2548,497,2002-04-01 00:00:00.000000000
100,Pagado,2003-01-01,1,2548,497,2002-09-01 00:00:00.000000000
100,Pagado,2003-06-01,1,2548,497,2003-01-01 00:00:00.000000000
100,Pagado,2005-03-01,1,2548,497,2004-11-01 00:00:00.000000000
100,Pagado,2005-08-01,1,2548,497,2005-04-01 00:00:00.000000000
100,Pagado,2006-01-01,1,2548,497,2005-09-01 00:00:00.000000000
100,Pagado,2006-06-01,1,2548,497,2006-02-01 00:00:00.000000000
100,Pagado,2006-11-01,1,2548,497,2006-07-01 00:00:00.000000000
120,Pagado,2007-05-01,1,2548,497,2006-12-01 00:00:00.000000000
100,Pagado,2007-10-01,1,2548,497,2007-06-01 00:00:00.000000000
100,Pagado,2008-03-01,1,2548,497,2007-10-01 00:00:00.000000000
100,Pagado,2009-01-01,1,2548,497,2008-09-01 00:00:00.000000000
100,Pagado,2009-06-01,1,2548,497,2009-02-01 00:00:00.000000000
100,Pagado,2009-11-01,1,2548,497,2009-07-01 00:00:00.000000000
100,Pagado,2010-04-01,1,2548,497,2009-12-01 00:00:00.000000000
100,Pagado,2010-09-01,1,2548,497,2010-05-01 00:00:00.000000000
100,Pagado,2011-02-01,1,2548,497,2010-10-01 00:00:00.000000000
100,Pagado,2011-07-01,1,2548,497,2011-03-01 00:00:00.000000000
100,Pagado,2011-12-01,1,2548,497,2011-08-01 00:00:00.000000000
100,Pagado,2012-05-01,1,2548,497,2012-01-01 00:00:00.000000000
140,Pagado,2012-12-01,1,2548,497,2012-06-01 00:00:00.000000000
100,Pagado,2013-05-01,1,2548,497,2013-01-01 00:00:00.000000000
160,Pagado,2014-01-01,1,2548,497,2013-06-01 00:00:00.000000000
100,Pagado,2014-06-01,1,2548,497,2014-02-01 00:00:00.000000000
100,Pagado,2014-11-01,1,2548,497,2014-07-01 00:00:00.000000000
100,Pagado,2015-04-01,1,2548,497,2014-12-01 00:00:00.000000000
200,Pagado,2016-09-01,1,2548,497,2015-12-01 00:00:00.000000000
60,Pagado,2016-12-01,1,2548,497,2016-10-01 00:00:00.000000000
200,Pagado,2017-10-01,1,2548,497,2017-01-01 00:00:00.000000000
120,Pagado,2018-04-01,1,2548,497,2017-11-01 00:00:00.000000000
200,Pagado,2019-02-01,1,2548,497,2018-05-01 00:00:00.000000000
200,Pagado,2019-12-01,1,2548,497,2019-03-01 00:00:00.000000000
240,Pagado,2020-12-01,1,2548,497,2020-01-01 00:00:00.000000000
200,Pagado,2021-10-01,1,2548,497,2021-01-01 00:00:00.000000000
100,Pagado,2022-03-01,1,2548,497,2021-11-01 00:00:00.000000000
100,Pagado,2022-08-01,1,2548,497,2022-04-01 00:00:00.000000000
80,Pagado,2022-12-01,1,2548,497,2022-09-01 00:00:00.000000000
20,Pagado,2001-12-01,1,2548,498,2001-12-01 00:00:00.000000000
80,Pagado,2005-12-01,1,2548,498,2005-09-01 00:00:00.000000000
40,Pagado,2006-02-01,1,2548,498,2006-01-01 00:00:00.000000000
100,Pagado,2006-07-01,1,2548,498,2006-03-01 00:00:00.000000000
100,Pagado,2006-12-01,1,2548,498,2006-08-01 00:00:00.000000000
80,Pagado,2007-04-01,1,2548,498,2007-01-01 00:00:00.000000000
160,Pagado,2007-12-01,1,2548,498,2007-05-01 00:00:00.000000000
20,Pagado,2002-02-01,1,2548,499,2002-02-01 00:00:00.000000000
499,Pagado,2002-03-01,1,2548,499,2002-03-01 00:00:00.000000000
20,Pagado,2002-04-01,1,2548,499,2002-04-01 00:00:00.000000000
20,Pagado,2002-05-01,1,2548,499,2002-05-01 00:00:00.000000000
20,Pagado,2002-06-01,1,2548,499,2002-06-01 00:00:00.000000000
20,Pagado,2002-07-01,1,2548,499,2002-07-01 00:00:00.000000000
20,Pagado,2002-08-01,1,2548,499,2002-08-01 00:00:00.000000000
40,Pagado,2002-10-01,1,2548,499,2002-09-01 00:00:00.000000000
20,Pagado,2002-11-01,1,2548,499,2002-11-01 00:00:00.000000000
20,Pagado,2003-01-01,1,2548,499,2003-01-01 00:00:00.000000000
20,Pagado,2003-02-01,1,2548,499,2003-02-01 00:00:00.000000000
20,Pagado,2003-03-01,1,2548,499,2003-03-01 00:00:00.000000000
20,Pagado,2003-04-01,1,2548,499,2003-04-01 00:00:00.000000000
40,Pagado,2003-06-01,1,2548,499,2003-05-01 00:00:00.000000000
20,Pagado,2003-07-01,1,2548,499,2003-07-01 00:00:00.000000000
20,Pagado,2003-08-01,1,2548,499,2003-08-01 00:00:00.000000000
20,Pagado,2003-09-01,1,2548,499,2003-09-01 00:00:00.000000000
20,Pagado,2003-10-01,1,2548,499,2003-10-01 00:00:00.000000000
20,Pagado,2003-12-01,1,2548,499,2003-12-01 00:00:00.000000000
20,Pagado,2004-01-01,1,2548,499,2004-01-01 00:00:00.000000000
20,Pagado,2004-02-01,1,2548,499,2004-02-01 00:00:00.000000000
20,Pagado,2004-10-01,1,2548,499,2004-10-01 00:00:00.000000000
20,Pagado,2004-12-01,1,2548,499,2004-12-01 00:00:00.000000000
20,Pagado,2005-02-01,1,2548,499,2005-02-01 00:00:00.000000000
20,Pagado,2005-03-01,1,2548,499,2005-03-01 00:00:00.000000000
20,Pagado,2005-04-01,1,2548,499,2005-04-01 00:00:00.000000000
40,Pagado,2005-06-01,1,2548,499,2005-05-01 00:00:00.000000000
20,Pagado,2005-07-01,1,2548,499,2005-07-01 00:00:00.000000000
40,Pagado,2005-09-01,1,2548,499,2005-08-01 00:00:00.000000000
60,Pagado,2005-12-01,1,2548,499,2005-10-01 00:00:00.000000000
220,Pagado,2006-11-01,1,2548,499,2006-01-01 00:00:00.000000000
20,Pagado,2006-12-01,1,2548,499,2006-12-01 00:00:00.000000000
20,Pagado,2007-01-01,1,2548,499,2007-01-01 00:00:00.000000000
20,Pagado,2007-02-01,1,2548,499,2007-02-01 00:00:00.000000000
20,Pagado,2007-03-01,1,2548,499,2007-03-01 00:00:00.000000000
40,Pagado,2007-05-01,1,2548,499,2007-04-01 00:00:00.000000000
20,Pagado,2007-06-01,1,2548,499,2007-06-01 00:00:00.000000000
20,Pagado,2007-07-01,1,2548,499,2007-07-01 00:00:00.000000000
20,Pagado,2007-08-01,1,2548,499,2007-08-01 00:00:00.000000000
20,Pagado,2007-09-01,1,2548,499,2007-09-01 00:00:00.000000000
20,Pagado,2007-10-01,1,2548,499,2007-10-01 00:00:00.000000000
20,Pagado,2007-11-01,1,2548,499,2007-11-01 00:00:00.000000000
20,Pagado,2007-12-01,1,2548,499,2007-12-01 00:00:00.000000000
20,Pagado,2008-01-01,1,2548,499,2008-01-01 00:00:00.000000000
40,Pagado,2008-03-01,1,2548,499,2008-02-01 00:00:00.000000000
20,Pagado,2008-04-01,1,2548,499,2008-04-01 00:00:00.000000000
20,Pagado,2008-05-01,1,2548,499,2008-05-01 00:00:00.000000000
20,Pagado,2008-06-01,1,2548,499,2008-06-01 00:00:00.000000000
20,Pagado,2008-07-01,1,2548,499,2008-07-01 00:00:00.000000000
20,Pagado,2008-08-01,1,2548,499,2008-08-01 00:00:00.000000000
20,Pagado,2008-09-01,1,2548,499,2008-09-01 00:00:00.000000000
20,Pagado,2008-10-01,1,2548,499,2008-10-01 00:00:00.000000000
40,Pagado,2008-12-01,1,2548,499,2008-11-01 00:00:00.000000000
120,Pagado,2010-06-01,1,2548,499,2010-01-01 00:00:00.000000000
100,Pagado,2010-11-01,1,2548,499,2010-07-01 00:00:00.000000000
20,Pagado,2010-12-01,1,2548,499,2010-12-01 00:00:00.000000000
40,Pagado,2011-02-01,1,2548,499,2011-01-01 00:00:00.000000000
20,Pagado,2011-03-01,1,2548,499,2011-03-01 00:00:00.000000000
20,Pagado,2011-04-01,1,2548,499,2011-04-01 00:00:00.000000000
20,Pagado,2011-05-01,1,2548,499,2011-05-01 00:00:00.000000000
20,Pagado,2011-06-01,1,2548,499,2011-06-01 00:00:00.000000000
20,Pagado,2011-07-01,1,2548,499,2011-07-01 00:00:00.000000000
40,Pagado,2011-09-01,1,2548,499,2011-08-01 00:00:00.000000000
40,Pagado,2011-11-01,1,2548,499,2011-10-01 00:00:00.000000000
40,Pagado,2012-01-01,1,2548,499,2011-12-01 00:00:00.000000000
40,Pagado,2012-03-01,1,2548,499,2012-02-01 00:00:00.000000000
40,Pagado,2012-05-01,1,2548,499,2012-04-01 00:00:00.000000000
20,Pagado,2012-06-01,1,2548,499,2012-06-01 00:00:00.000000000
40,Pagado,2012-08-01,1,2548,499,2012-06-01 00:00:00.000000000
40,Pagado,2012-10-01,1,2548,499,2012-09-01 00:00:00.000000000
40,Pagado,2012-12-01,1,2548,499,2012-11-01 00:00:00.000000000
40,Pagado,2013-02-01,1,2548,499,2013-01-01 00:00:00.000000000
100,Pagado,2013-07-01,1,2548,499,2013-03-01 00:00:00.000000000
60,Pagado,2013-10-01,1,2548,499,2013-08-01 00:00:00.000000000
40,Pagado,2013-12-01,1,2548,499,2013-11-01 00:00:00.000000000
40,Pagado,2014-02-01,1,2548,499,2014-01-01 00:00:00.000000000
20,Pagado,2014-03-01,1,2548,499,2014-03-01 00:00:00.000000000
100,Pagado,2014-08-01,1,2548,499,2014-04-01 00:00:00.000000000
80,Pagado,2014-12-01,1,2548,499,2014-09-01 00:00:00.000000000
40,Pagado,2015-02-01,1,2548,499,2015-01-01 00:00:00.000000000
40,Pagado,2015-04-01,1,2548,499,2015-03-01 00:00:00.000000000
160,Pagado,2015-12-01,1,2548,499,2015-05-01 00:00:00.000000000
240,Pagado,2016-12-01,1,2548,499,2016-01-01 00:00:00.000000000
240,Pagado,2017-12-01,1,2548,499,2017-01-01 00:00:00.000000000
240,Pagado,2018-12-01,1,2548,499,2018-01-01 00:00:00.000000000
240,Pagado,2019-12-01,1,2548,499,2019-01-01 00:00:00.000000000
240,Pagado,2020-12-01,1,2548,499,2020-01-01 00:00:00.000000000
200,Pagado,2021-10-01,1,2548,499,2021-01-01 00:00:00.000000000
40,Pagado,2021-12-01,1,2548,499,2021-11-01 00:00:00.000000000
20,Pagado,2022-01-01,1,2548,499,2002-01-01 00:00:00.000000000
200,Pagado,2022-10-01,1,2548,499,2022-01-01 00:00:00.000000000
40,Pagado,2022-12-01,1,2548,499,2022-11-01 00:00:00.000000000
240,Pagado,2023-12-01,1,2548,499,2023-01-01 00:00:00.000000000
360,Pagado,2024-12-01,1,2548,499,2024-01-01 00:00:00.000000000
360,Pagado,2025-12-01,1,2548,499,2025-01-01 00:00:00.000000000
100,Pagado,1999-07-01,1,2548,502,1999-03-01 00:00:00.000000000
740,Pagado,2002-08-01,1,2548,502,1999-08-01 00:00:00.000000000
870,Pagado,2002-09-01,1,2548,503,1999-02-01 00:00:00.000000000
60,Pagado,2002-12-01,1,2548,503,2002-10-01 00:00:00.000000000
80,Pagado,2003-01-01,1,2548,503,2003-01-01 00:00:00.000000000
100,Pagado,2003-09-01,1,2548,503,2003-05-01 00:00:00.000000000
380,Pagado,2002-04-01,1,2548,504,1999-03-01 00:00:00.000000000
560,Pagado,2004-08-01,1,2548,504,2002-05-01 00:00:00.000000000
460,Pagado,2003-03-01,1,2548,506,1999-06-01 00:00:00.000000000
280,Pagado,2002-12-01,1,2548,507,2001-11-01 00:00:00.000000000
400,Pagado,2004-08-01,1,2548,507,2003-01-01 00:00:00.000000000
240,Pagado,2005-10-01,1,2548,507,2044-09-01 00:00:00.000000000
20,Pagado,2001-12-01,1,2548,509,2001-12-01 00:00:00.000000000
60,Pagado,2006-03-01,1,2548,509,2006-01-01 00:00:00.000000000
180,Pagado,2006-12-01,1,2548,509,2006-04-01 00:00:00.000000000
240,Pagado,2007-12-01,1,2548,509,2007-01-01 00:00:00.000000000
240,Pagado,2008-12-01,1,2548,509,2008-01-01 00:00:00.000000000
240,Pagado,2009-12-01,1,2548,509,2009-01-01 00:00:00.000000000
240,Pagado,2010-12-01,1,2548,509,2010-01-01 00:00:00.000000000
220,Pagado,2011-12-01,1,2548,509,2011-01-01 00:00:00.000000000
120,Pagado,2012-05-01,1,2548,509,2011-12-01 00:00:00.000000000
140,Pagado,2012-12-01,1,2548,509,2012-06-01 00:00:00.000000000
20,Pagado,2001-12-01,1,2548,510,2001-12-01 00:00:00.000000000
200,Pagado,2009-09-01,1,2548,510,2008-12-01 00:00:00.000000000
300,Pagado,2010-12-01,1,2548,510,2009-10-01 00:00:00.000000000
260,Pagado,2001-05-01,1,2548,514,2000-05-01 00:00:00.000000000
240,Pagado,2002-05-01,1,2548,514,2001-06-01 00:00:00.000000000
60,Pagado,2003-05-01,1,2548,514,2003-03-01 00:00:00.000000000
40,Pagado,2003-07-01,1,2548,514,2003-06-01 00:00:00.000000000
20,Pagado,2003-08-01,1,2548,514,2003-08-01 00:00:00.000000000
500,Pagado,2005-09-01,1,2548,514,2003-09-01 00:00:00.000000000
480,Pagado,2007-09-01,1,2548,514,2005-05-01 00:00:00.000000000
240,Pagado,2008-09-01,1,2548,514,2007-10-01 00:00:00.000000000
240,Pagado,2009-09-01,1,2548,514,2008-10-01 00:00:00.000000000
240,Pagado,2010-09-01,1,2548,514,2009-10-01 00:00:00.000000000
240,Pagado,2011-09-01,1,2548,514,2010-10-01 00:00:00.000000000
240,Pagado,2012-09-01,1,2548,514,2011-10-01 00:00:00.000000000
240,Pagado,2013-09-01,1,2548,514,2012-10-01 00:00:00.000000000
240,Pagado,2014-09-01,1,2548,514,2013-10-01 00:00:00.000000000
240,Pagado,2015-09-01,1,2548,514,2014-10-01 00:00:00.000000000
240,Pagado,2016-09-01,1,2548,514,2015-10-01 00:00:00.000000000
240,Pagado,2017-09-01,1,2548,514,2016-10-01 00:00:00.000000000
240,Pagado,2018-09-01,1,2548,514,2017-10-01 00:00:00.000000000
240,Pagado,2019-09-01,1,2548,514,2018-10-01 00:00:00.000000000
240,Pagado,2020-09-01,1,2548,514,2019-10-01 00:00:00.000000000
240,Pagado,2021-09-01,1,2548,514,2020-10-01 00:00:00.000000000
20,Pagado,2021-10-01,1,2548,514,2021-10-01 00:00:00.000000000
440,Pagado,2023-08-01,1,2548,514,2021-11-01 00:00:00.000000000
80,Pagado,2023-12-01,1,2548,514,2023-09-01 00:00:00.000000000
180,Pagado,2024-06-01,1,2548,514,2024-01-01 00:00:00.000000000
120,Pagado,2024-12-01,1,2548,514,2024-09-01 00:00:00.000000000
300,Pagado,2025-10-01,1,2548,514,2025-01-01 00:00:00.000000000
60,Pagado,2025-12-01,1,2548,514,2025-11-01 00:00:00.000000000
20,Pagado,2001-12-01,1,2548,515,2001-12-01 00:00:00.000000000
500,Pagado,2012-08-01,1,2548,515,2010-08-01 00:00:00.000000000
200,Pagado,2013-06-01,1,2548,515,2012-09-01 00:00:00.000000000
200,Pagado,2014-04-01,1,2548,515,2013-07-01 00:00:00.000000000
160,Pagado,2014-12-01,1,2548,515,2014-05-01 00:00:00.000000000
240,Pagado,2015-12-01,1,2548,515,2015-01-01 00:00:00.000000000
240,Pagado,2016-12-01,1,2548,515,2016-01-01 00:00:00.000000000
240,Pagado,2017-12-01,1,2548,515,2017-01-01 00:00:00.000000000
240,Pagado,2018-10-01,1,2548,515,2017-11-01 00:00:00.000000000
60,Pagado,2019-01-01,1,2548,515,2018-11-01 00:00:00.000000000
180,Pagado,2019-12-01,1,2548,515,2019-04-01 00:00:00.000000000
240,Pagado,2020-12-01,1,2548,515,2020-01-01 00:00:00.000000000
160,Pagado,2021-08-01,1,2548,515,2021-01-01 00:00:00.000000000
40,Pagado,2021-10-01,1,2548,515,2021-09-01 00:00:00.000000000
40,Pagado,2021-12-01,1,2548,515,2021-11-01 00:00:00.000000000
240,Pagado,2022-12-01,1,2548,515,2022-01-01 00:00:00.000000000
240,Pagado,2023-12-01,1,2548,515,2023-01-01 00:00:00.000000000
360,Pagado,2024-12-01,1,2548,515,2024-01-01 00:00:00.000000000
900,Pagado,2003-09-01,1,2548,517,2000-01-01 00:00:00.000000000
60,Pagado,2003-12-01,1,2548,517,2003-10-01 00:00:00.000000000
440,Pagado,2005-10-01,1,2548,517,2004-01-01 00:00:00.000000000
240,Pagado,2006-10-01,1,2548,517,2005-11-01 00:00:00.000000000
220,Pagado,2008-11-01,1,2548,517,2008-01-01 00:00:00.000000000
400,Pagado,2010-07-01,1,2548,517,2008-12-01 00:00:00.000000000
340,Pagado,2011-12-01,1,2548,517,2010-08-01 00:00:00.000000000
240,Pagado,2012-12-01,1,2548,517,2012-01-01 00:00:00.000000000
240,Pagado,2013-12-01,1,2548,517,2013-01-01 00:00:00.000000000
240,Pagado,2014-12-01,1,2548,517,2014-01-01 00:00:00.000000000
220,Pagado,2015-11-01,1,2548,517,2015-01-01 00:00:00.000000000
240,Pagado,2016-11-01,1,2548,517,2015-12-01 00:00:00.000000000
300,Pagado,2018-02-01,1,2548,517,2016-12-01 00:00:00.000000000
200,Pagado,2018-12-01,1,2548,517,2018-03-01 00:00:00.000000000
220,Pagado,2019-11-01,1,2548,517,2019-01-01 00:00:00.000000000
260,Pagado,2020-12-01,1,2548,517,2019-12-01 00:00:00.000000000
240,Pagado,2021-12-01,1,2548,517,2021-01-01 00:00:00.000000000
240,Pagado,2022-12-01,1,2548,517,2022-01-01 00:00:00.000000000
240,Pagado,2023-12-01,1,2548,517,2023-01-01 00:00:00.000000000
360,Pagado,2024-12-01,1,2548,517,2024-01-01 00:00:00.000000000
360,Pagado,2025-12-01,1,2548,517,2025-01-01 00:00:00.000000000
140,Pagado,2002-02-01,1,2548,519,2001-08-01 00:00:00.000000000
200,Pagado,2000-04-01,1,2548,520,1999-07-01 00:00:00.000000000
400,Pagado,2001-12-01,1,2548,520,2000-05-01 00:00:00.000000000
200,Pagado,2002-10-01,1,2548,520,2002-01-01 00:00:00.000000000
120,Pagado,2003-04-01,1,2548,520,2002-11-01 00:00:00.000000000
300,Pagado,2004-07-01,1,2548,520,2003-05-01 00:00:00.000000000
120,Pagado,2002-01-01,1,2548,521,2001-08-01 00:00:00.000000000
40,Pagado,2002-03-01,1,2548,521,2002-02-01 00:00:00.000000000
40,Pagado,2002-05-01,1,2548,521,2002-04-01 00:00:00.000000000
60,Pagado,2003-03-01,1,2548,521,2003-01-01 00:00:00.000000000
40,Pagado,2003-05-01,1,2548,521,2003-04-01 00:00:00.000000000
40,Pagado,2003-07-01,1,2548,521,2003-06-01 00:00:00.000000000
40,Pagado,2003-09-01,1,2548,521,2003-08-01 00:00:00.000000000
20,Pagado,2003-10-01,1,2548,521,2003-10-01 00:00:00.000000000
20,Pagado,2003-11-01,1,2548,521,2003-11-01 00:00:00.000000000
20,Pagado,2003-12-01,1,2548,521,2003-12-01 00:00:00.000000000
20,Pagado,2004-01-01,1,2548,521,2004-01-01 00:00:00.000000000
100,Pagado,2004-11-01,1,2548,521,2004-07-01 00:00:00.000000000
40,Pagado,2005-01-01,1,2548,521,2004-12-01 00:00:00.000000000
40,Pagado,2005-03-01,1,2548,521,2005-02-01 00:00:00.000000000
80,Pagado,2005-07-01,1,2548,521,2005-04-01 00:00:00.000000000
400,Pagado,2007-03-01,1,2548,521,2005-08-01 00:00:00.000000000
40,Pagado,2007-05-01,1,2548,521,2007-04-01 00:00:00.000000000
60,Pagado,2007-08-01,1,2548,521,2007-06-01 00:00:00.000000000
700,Pagado,2010-07-01,1,2548,521,2007-09-01 00:00:00.000000000
100,Pagado,2010-12-01,1,2548,521,2010-08-01 00:00:00.000000000
240,Pagado,2011-12-01,1,2548,521,2011-01-01 00:00:00.000000000
240,Pagado,2012-12-01,1,2548,521,2012-01-01 00:00:00.000000000
140,Pagado,2013-07-01,1,2548,521,2013-01-01 00:00:00.000000000
120,Pagado,2014-01-01,1,2548,521,2013-08-01 00:00:00.000000000
40,Pagado,2014-03-01,1,2548,521,2014-02-01 00:00:00.000000000
80,Pagado,2014-12-01,1,2548,521,2014-09-01 00:00:00.000000000
60,Pagado,2015-03-01,1,2548,521,2015-01-01 00:00:00.000000000
420,Pagado,2016-12-01,1,2548,521,2015-04-01 00:00:00.000000000
240,Pagado,2017-12-01,1,2548,521,2017-01-01 00:00:00.000000000
240,Pagado,2018-12-01,1,2548,521,2018-01-01 00:00:00.000000000
200,Pagado,2019-10-01,1,2548,521,2019-01-01 00:00:00.000000000
60,Pagado,2020-01-01,1,2548,521,2019-11-01 00:00:00.000000000
20,Pagado,2020-02-01,1,2548,521,2020-02-01 00:00:00.000000000
920,Pagado,2023-12-01,1,2548,521,2020-03-01 00:00:00.000000000
60,Pagado,2024-02-01,1,2548,521,2024-01-01 00:00:00.000000000
20,Pagado,2001-12-01,1,2548,522,2001-12-01 00:00:00.000000000
60,Pagado,2002-09-01,1,2548,522,2002-07-01 00:00:00.000000000
60,Pagado,2002-12-01,1,2548,522,2002-10-01 00:00:00.000000000
300,Pagado,2002-01-01,1,2548,523,2000-11-01 00:00:00.000000000
260,Pagado,2003-02-01,1,2548,523,2002-02-01 00:00:00.000000000
400,Pagado,2010-06-01,1,2548,523,2008-11-01 00:00:00.000000000
100,Pagado,2010-12-01,1,2548,523,2010-08-01 00:00:00.000000000
240,Pagado,2011-12-01,1,2548,523,2011-01-01 00:00:00.000000000
220,Pagado,2012-11-01,1,2548,523,2012-01-01 00:00:00.000000000
260,Pagado,2013-12-01,1,2548,523,2012-12-01 00:00:00.000000000
240,Pagado,2014-12-01,1,2548,523,2014-01-01 00:00:00.000000000
240,Pagado,2015-12-01,1,2548,523,2015-01-01 00:00:00.000000000
40,Pagado,2016-02-01,1,2548,523,2016-01-01 00:00:00.000000000
20,Pagado,2001-12-01,1,2548,524,2001-12-01 00:00:00.000000000
60,Pagado,2002-04-01,1,2548,524,2002-02-01 00:00:00.000000000
100,Pagado,2001-02-01,1,2548,525,2000-10-01 00:00:00.000000000
100,Pagado,2001-07-01,1,2548,525,2001-03-01 00:00:00.000000000
100,Pagado,2001-12-01,1,2548,525,2001-08-01 00:00:00.000000000
100,Pagado,2002-05-01,1,2548,525,2002-01-01 00:00:00.000000000
100,Pagado,2002-10-01,1,2548,525,2002-06-01 00:00:00.000000000
100,Pagado,2003-03-01,1,2548,525,2002-11-01 00:00:00.000000000
525,Pagado,2003-08-01,1,2548,525,2003-04-01 00:00:00.000000000
100,Pagado,2004-01-01,1,2548,525,2005-09-01 00:00:00.000000000
100,Pagado,2004-06-01,1,2548,525,2004-02-01 00:00:00.000000000
100,Pagado,2004-11-01,1,2548,525,2004-07-01 00:00:00.000000000
100,Pagado,2005-04-01,1,2548,525,2004-12-01 00:00:00.000000000
100,Pagado,2005-09-01,1,2548,525,2005-05-01 00:00:00.000000000
100,Pagado,2006-02-01,1,2548,525,2005-10-01 00:00:00.000000000
100,Pagado,2006-07-01,1,2548,525,2006-03-01 00:00:00.000000000
100,Pagado,2006-12-01,1,2548,525,2006-08-01 00:00:00.000000000
220,Pagado,2005-12-01,1,2548,526,2005-02-01 00:00:00.000000000
200,Pagado,2006-10-01,1,2548,526,2006-01-01 00:00:00.000000000
240,Pagado,2007-10-01,1,2548,526,2006-11-01 00:00:00.000000000
300,Pagado,2009-01-01,1,2548,526,2007-11-01 00:00:00.000000000
220,Pagado,2009-12-01,1,2548,526,2009-02-01 00:00:00.000000000
240,Pagado,2010-12-01,1,2548,526,2010-01-01 00:00:00.000000000
200,Pagado,2011-10-01,1,2548,526,2011-01-01 00:00:00.000000000
40,Pagado,2011-12-01,1,2548,526,2011-11-01 00:00:00.000000000
220,Pagado,2012-11-01,1,2548,526,2012-01-01 00:00:00.000000000
260,Pagado,2013-12-01,1,2548,526,2012-12-01 00:00:00.000000000
200,Pagado,2014-10-01,1,2548,526,2014-01-01 00:00:00.000000000
40,Pagado,2014-12-01,1,2548,526,2014-11-01 00:00:00.000000000
200,Pagado,2015-12-01,1,2548,526,2015-01-01 00:00:00.000000000
200,Pagado,2016-08-01,1,2548,526,2015-11-01 00:00:00.000000000
80,Pagado,2016-12-01,1,2548,526,2016-09-01 00:00:00.000000000
100,Pagado,2017-05-01,1,2548,526,2017-01-01 00:00:00.000000000
140,Pagado,2017-12-01,1,2548,526,2017-06-01 00:00:00.000000000
200,Pagado,2018-10-01,1,2548,526,2018-01-01 00:00:00.000000000
40,Pagado,2018-12-01,1,2548,526,2018-11-01 00:00:00.000000000
480,Pagado,2020-12-01,1,2548,526,2019-01-01 00:00:00.000000000
200,Pagado,2021-10-01,1,2548,526,2021-01-01 00:00:00.000000000
40,Pagado,2021-12-01,1,2548,526,2021-11-01 00:00:00.000000000
240,Pagado,2022-12-01,1,2548,526,2022-01-01 00:00:00.000000000
240,Pagado,2023-12-01,1,2548,526,2023-01-01 00:00:00.000000000
60,Pagado,2024-12-01,1,2548,526,2024-11-01 00:00:00.000000000
360,Pagado,2025-12-01,1,2548,526,2025-01-01 00:00:00.000000000
200,Pagado,2000-06-01,1,2548,527,1999-09-01 00:00:00.000000000
400,Pagado,2010-06-01,1,2548,527,2008-11-01 00:00:00.000000000
340,Pagado,2011-11-01,1,2548,527,2010-07-01 00:00:00.000000000
20,Pagado,2011-12-01,1,2548,527,2011-12-01 00:00:00.000000000
20,Pagado,2012-01-01,1,2548,527,2012-01-01 00:00:00.000000000
40,Pagado,2012-03-01,1,2548,527,2012-02-01 00:00:00.000000000
40,Pagado,2012-05-01,1,2548,527,2012-04-01 00:00:00.000000000
100,Pagado,2012-10-01,1,2548,527,2012-06-01 00:00:00.000000000
40,Pagado,2012-12-01,1,2548,527,2012-11-01 00:00:00.000000000
420,Pagado,2014-09-01,1,2548,527,2013-01-01 00:00:00.000000000
60,Pagado,2014-12-01,1,2548,527,2014-10-01 00:00:00.000000000
40,Pagado,2015-02-01,1,2548,527,2015-01-01 00:00:00.000000000
160,Pagado,2015-10-01,1,2548,527,2015-03-01 00:00:00.000000000
120,Pagado,2016-04-01,1,2548,527,2015-11-01 00:00:00.000000000
200,Pagado,2017-02-01,1,2548,527,2016-05-01 00:00:00.000000000
200,Pagado,2017-12-01,1,2548,527,2017-03-01 00:00:00.000000000
240,Pagado,2018-12-01,1,2548,527,2018-01-01 00:00:00.000000000
240,Pagado,2019-12-01,1,2548,527,2019-01-01 00:00:00.000000000
240,Pagado,2020-12-01,1,2548,527,2020-01-01 00:00:00.000000000
240,Pagado,2021-12-01,1,2548,527,2021-01-01 00:00:00.000000000
240,Pagado,2022-12-01,1,2548,527,2022-01-01 00:00:00.000000000
240,Pagado,2023-12-01,1,2548,527,2023-01-01 00:00:00.000000000
360,Pagado,2024-12-01,1,2548,527,2024-01-01 00:00:00.000000000
360,Pagado,2025-12-01,1,2548,527,2025-01-01 00:00:00.000000000
140,Pagado,2000-03-01,1,2548,529,1999-09-01 00:00:00.000000000
300,Pagado,2001-06-01,1,2548,529,2000-04-01 00:00:00.000000000
200,Pagado,2002-04-01,1,2548,529,2001-07-01 00:00:00.000000000
100,Pagado,2002-09-01,1,2548,529,2002-05-01 00:00:00.000000000
180,Pagado,2003-05-01,1,2548,529,2002-09-01 00:00:00.000000000
600,Pagado,2005-11-01,1,2548,529,2003-06-01 00:00:00.000000000
140,Pagado,2006-06-01,1,2548,529,2005-12-01 00:00:00.000000000
100,Pagado,2001-07-01,1,2548,530,2001-03-01 00:00:00.000000000
100,Pagado,2002-04-01,1,2548,530,2001-12-01 00:00:00.000000000
100,Pagado,2002-09-01,1,2548,530,2002-05-01 00:00:00.000000000
240,Pagado,2003-09-01,1,2548,530,2002-10-01 00:00:00.000000000
300,Pagado,2000-11-01,1,2548,531,1999-09-01 00:00:00.000000000
600,Pagado,2003-05-01,1,2548,531,2000-12-01 00:00:00.000000000
140,Pagado,2003-12-01,1,2548,531,2003-06-01 00:00:00.000000000
60,Pagado,2004-03-01,1,2548,531,2004-01-01 00:00:00.000000000
200,Pagado,2005-01-01,1,2548,531,2004-04-01 00:00:00.000000000
100,Pagado,2005-06-01,1,2548,531,2005-02-01 00:00:00.000000000
120,Pagado,2005-12-01,1,2548,531,2005-07-01 00:00:00.000000000
100,Pagado,2006-05-01,1,2548,531,2006-01-01 00:00:00.000000000
300,Pagado,2007-08-01,1,2548,531,2006-06-01 00:00:00.000000000
60,Pagado,2008-07-01,1,2548,531,2008-05-01 00:00:00.000000000
520,Pagado,2011-01-01,1,2548,531,2008-12-01 00:00:00.000000000
220,Pagado,2011-12-01,1,2548,531,2011-02-01 00:00:00.000000000
240,Pagado,2012-12-01,1,2548,531,2012-01-01 00:00:00.000000000
60,Pagado,2013-03-01,1,2548,531,2013-01-01 00:00:00.000000000
180,Pagado,2013-12-01,1,2548,531,2013-04-01 00:00:00.000000000
200,Pagado,2014-10-01,1,2548,531,2014-01-01 00:00:00.000000000
40,Pagado,2014-12-01,1,2548,531,2014-11-01 00:00:00.000000000
120,Pagado,2015-06-01,1,2548,531,2015-01-01 00:00:00.000000000
120,Pagado,2015-12-01,1,2548,531,2015-07-01 00:00:00.000000000
100,Pagado,2016-05-01,1,2548,531,2016-01-01 00:00:00.000000000
40,Pagado,2016-07-01,1,2548,531,2016-06-01 00:00:00.000000000
40,Pagado,2016-09-01,1,2548,531,2016-08-01 00:00:00.000000000
40,Pagado,2016-11-01,1,2548,531,2016-10-01 00:00:00.000000000
40,Pagado,2017-01-01,1,2548,531,2016-12-01 00:00:00.000000000
40,Pagado,2017-03-01,1,2548,531,2017-02-01 00:00:00.000000000
40,Pagado,2017-05-01,1,2548,531,2017-04-01 00:00:00.000000000
40,Pagado,2017-07-01,1,2548,531,2017-06-01 00:00:00.000000000
80,Pagado,2017-11-01,1,2548,531,2017-08-01 00:00:00.000000000
260,Pagado,2018-12-01,1,2548,531,2017-12-01 00:00:00.000000000
420,Pagado,2020-09-01,1,2548,531,2019-01-01 00:00:00.000000000
40,Pagado,2020-11-01,1,2548,531,2020-10-01 00:00:00.000000000
100,Pagado,2021-04-01,1,2548,531,2020-12-01 00:00:00.000000000
180,Pagado,2022-01-01,1,2548,531,2021-05-01 00:00:00.000000000
220,Pagado,2022-12-01,1,2548,531,2022-02-01 00:00:00.000000000
160,Pagado,2023-08-01,1,2548,531,2023-01-01 00:00:00.000000000
80,Pagado,2023-12-01,1,2548,531,2023-09-01 00:00:00.000000000
150,Pagado,2024-05-01,1,2548,531,2024-01-01 00:00:00.000000000
210,Pagado,2024-12-01,1,2548,531,2024-06-01 00:00:00.000000000
300,Pagado,2025-10-01,1,2548,531,2025-01-01 00:00:00.000000000
60,Pagado,2025-12-01,1,2548,531,2025-11-01 00:00:00.000000000
400,Pagado,2001-04-01,1,2548,533,1999-09-01 00:00:00.000000000
420,Pagado,2005-11-01,1,2548,533,2004-03-01 00:00:00.000000000
160,Pagado,2006-07-01,1,2548,533,2005-12-01 00:00:00.000000000
500,Pagado,2003-07-01,1,2548,534,2001-07-01 00:00:00.000000000
400,Pagado,2005-03-01,1,2548,534,2003-08-01 00:00:00.000000000
200,Pagado,2006-01-01,1,2548,534,2005-04-01 00:00:00.000000000
180,Pagado,2006-10-01,1,2548,534,2006-02-01 00:00:00.000000000
260,Pagado,2007-11-01,1,2548,534,2006-11-01 00:00:00.000000000
240,Pagado,2008-11-01,1,2548,534,2008-12-01 00:00:00.000000000
100,Pagado,2009-04-01,1,2548,534,2008-12-01 00:00:00.000000000
20,Pagado,1999-12-01,1,2548,537,1999-12-01 00:00:00.000000000
20,Pagado,2000-01-01,1,2548,537,2000-01-01 00:00:00.000000000
200,Pagado,2000-09-01,1,2548,537,1999-12-01 00:00:00.000000000
1240,Pagado,2005-11-01,1,2548,537,2000-10-01 00:00:00.000000000
220,Pagado,2006-10-01,1,2548,537,2005-12-01 00:00:00.000000000
260,Pagado,2007-11-01,1,2548,537,2006-11-01 00:00:00.000000000
200,Pagado,2008-09-01,1,2548,537,2007-12-01 00:00:00.000000000
420,Pagado,2010-05-01,1,2548,537,2008-10-01 00:00:00.000000000
140,Pagado,2010-12-01,1,2548,537,2010-06-01 00:00:00.000000000
220,Pagado,2011-10-01,1,2548,537,2010-12-01 00:00:00.000000000
200,Pagado,2012-08-01,1,2548,537,2011-11-01 00:00:00.000000000
20,Pagado,2001-12-01,1,2548,538,2001-12-01 00:00:00.000000000
4000,Pagado,2018-02-01,1,2548,539,2001-07-01 00:00:00.000000000
600,Pagado,2002-12-01,1,2548,540,2000-07-01 00:00:00.000000000
100,Pagado,2003-05-01,1,2548,540,2003-01-01 00:00:00.000000000
60,Pagado,2003-08-01,1,2548,540,2003-07-01 00:00:00.000000000
100,Pagado,2004-01-01,1,2548,540,2003-09-01 00:00:00.000000000
100,Pagado,2004-06-01,1,2548,540,2004-02-01 00:00:00.000000000
160,Pagado,2005-02-01,1,2548,540,2004-07-01 00:00:00.000000000
100,Pagado,2005-07-01,1,2548,540,2005-03-01 00:00:00.000000000
100,Pagado,2005-12-01,1,2548,540,2005-08-01 00:00:00.000000000
600,Pagado,2002-04-01,1,2548,542,1999-11-01 00:00:00.000000000
200,Pagado,2000-09-01,1,2548,543,1999-12-01 00:00:00.000000000
300,Pagado,2001-12-01,1,2548,543,2000-10-01 00:00:00.000000000
660,Pagado,2003-09-01,1,2548,543,2001-08-01 00:00:00.000000000
300,Pagado,2004-12-01,1,2548,543,2003-10-01 00:00:00.000000000
500,Pagado,2009-02-01,1,2548,543,2007-02-01 00:00:00.000000000
1000,Pagado,2013-04-01,1,2548,543,2009-03-01 00:00:00.000000000
1740,Pagado,2020-07-01,1,2548,543,2013-05-01 00:00:00.000000000
100,Pagado,2001-03-01,1,2548,544,2000-11-01 00:00:00.000000000
640,Pagado,2003-11-01,1,2548,544,2001-04-01 00:00:00.000000000
440,Pagado,2005-09-01,1,2548,544,2003-12-01 00:00:00.000000000
200,Pagado,2006-07-01,1,2548,544,2005-10-01 00:00:00.000000000
100,Pagado,2006-12-01,1,2548,544,2006-08-01 00:00:00.000000000
240,Pagado,2007-12-01,1,2548,544,2007-01-01 00:00:00.000000000
200,Pagado,2008-10-01,1,2548,544,2008-01-01 00:00:00.000000000
40,Pagado,2008-12-01,1,2548,544,2008-11-01 00:00:00.000000000
240,Pagado,2009-12-01,1,2548,544,2009-01-01 00:00:00.000000000
240,Pagado,2010-12-01,1,2548,544,2010-01-01 00:00:00.000000000
220,Pagado,2011-11-01,1,2548,544,2011-01-01 00:00:00.000000000
260,Pagado,2012-12-01,1,2548,544,2011-12-01 00:00:00.000000000
240,Pagado,2013-12-01,1,2548,544,2013-01-01 00:00:00.000000000
200,Pagado,2014-10-01,1,2548,544,2014-01-01 00:00:00.000000000
40,Pagado,2014-12-01,1,2548,544,2014-11-01 00:00:00.000000000
360,Pagado,2016-06-01,1,2548,544,2015-01-01 00:00:00.000000000
340,Pagado,2017-11-01,1,2548,544,2016-07-01 00:00:00.000000000
260,Pagado,2018-12-01,1,2548,544,2017-12-01 00:00:00.000000000
240,Pagado,2019-12-01,1,2548,544,2019-01-01 00:00:00.000000000
240,Pagado,2020-12-01,1,2548,544,2020-01-01 00:00:00.000000000
240,Pagado,2021-12-01,1,2548,544,2021-01-01 00:00:00.000000000
180,Pagado,2022-09-01,1,2548,544,2022-01-01 00:00:00.000000000
60,Pagado,2022-12-01,1,2548,544,2022-10-01 00:00:00.000000000
40,Pagado,2023-12-01,1,2548,544,2023-11-01 00:00:00.000000000
360,Pagado,2024-12-01,1,2548,544,2024-01-01 00:00:00.000000000
90,Pagado,2025-03-01,1,2548,544,2025-01-01 00:00:00.000000000
90,Pagado,2025-12-01,1,2548,544,2025-10-01 00:00:00.000000000
20,Pagado,2000-01-01,1,2548,545,2000-01-01 00:00:00.000000000
200,Pagado,2000-11-01,1,2548,545,2000-02-01 00:00:00.000000000
120,Pagado,2002-05-01,1,2548,547,2001-12-01 00:00:00.000000000
240,Pagado,2009-11-01,1,2548,547,2008-12-01 00:00:00.000000000
260,Pagado,2010-12-01,1,2548,547,2009-12-01 00:00:00.000000000
220,Pagado,2011-11-01,1,2548,547,2011-01-01 00:00:00.000000000
100,Pagado,2012-04-01,1,2548,547,2011-12-01 00:00:00.000000000
140,Pagado,2012-11-01,1,2548,547,2012-05-01 00:00:00.000000000
240,Pagado,2013-11-01,1,2548,547,2012-12-01 00:00:00.000000000
260,Pagado,2014-12-01,1,2548,547,2013-12-01 00:00:00.000000000
140,Pagado,2015-07-01,1,2548,547,2015-01-01 00:00:00.000000000
40,Pagado,2015-09-01,1,2548,547,2015-08-01 00:00:00.000000000
40,Pagado,2015-11-01,1,2548,547,2015-10-01 00:00:00.000000000
20,Pagado,2015-12-01,1,2548,547,2015-12-01 00:00:00.000000000
240,Pagado,2016-12-01,1,2548,547,2016-01-01 00:00:00.000000000
120,Pagado,2017-06-01,1,2548,547,2017-01-01 00:00:00.000000000
120,Pagado,2017-12-01,1,2548,547,2017-07-01 00:00:00.000000000
240,Pagado,2018-12-01,1,2548,547,2018-01-01 00:00:00.000000000
80,Pagado,2019-04-01,1,2548,547,2019-01-01 00:00:00.000000000
160,Pagado,2019-12-01,1,2548,547,2019-05-01 00:00:00.000000000
100,Pagado,2020-05-01,1,2548,547,2020-01-01 00:00:00.000000000
140,Pagado,2020-12-01,1,2548,547,2020-06-01 00:00:00.000000000
240,Pagado,2021-12-01,1,2548,547,2021-01-01 00:00:00.000000000
60,Pagado,2022-03-01,1,2548,547,2022-01-01 00:00:00.000000000
180,Pagado,2022-12-01,1,2548,547,2022-04-01 00:00:00.000000000
140,Pagado,2023-07-01,1,2548,547,2023-01-01 00:00:00.000000000
100,Pagado,2023-12-01,1,2548,547,2023-08-01 00:00:00.000000000
180,Pagado,2024-06-01,1,2548,547,2024-01-01 00:00:00.000000000
90,Pagado,2024-09-01,1,2548,547,2024-07-01 00:00:00.000000000
90,Pagado,2024-12-01,1,2548,547,2024-10-01 00:00:00.000000000
90,Pagado,2025-12-01,1,2548,547,2025-10-01 00:00:00.000000000
200,Pagado,2001-10-01,1,2548,549,2001-01-01 00:00:00.000000000
80,Pagado,2002-02-01,1,2548,549,2001-11-01 00:00:00.000000000
40,Pagado,2002-04-01,1,2548,549,2002-03-01 00:00:00.000000000
60,Pagado,2002-07-01,1,2548,549,2002-05-01 00:00:00.000000000
60,Pagado,2002-10-01,1,2548,549,2002-08-01 00:00:00.000000000
40,Pagado,2002-12-01,1,2548,549,2002-11-01 00:00:00.000000000
40,Pagado,2003-02-01,1,2548,549,2003-01-01 00:00:00.000000000
40,Pagado,2003-04-01,1,2548,549,2003-03-01 00:00:00.000000000
60,Pagado,2003-07-01,1,2548,549,2003-05-01 00:00:00.000000000
100,Pagado,2003-12-01,1,2548,549,2003-08-01 00:00:00.000000000
60,Pagado,2004-03-01,1,2548,549,2004-01-01 00:00:00.000000000
60,Pagado,2004-06-01,1,2548,549,2004-04-01 00:00:00.000000000
60,Pagado,2004-09-01,1,2548,549,2004-07-01 00:00:00.000000000
800,Pagado,2008-01-01,1,2548,549,2004-10-01 00:00:00.000000000
40,Pagado,2008-03-01,1,2548,549,2008-02-01 00:00:00.000000000
180,Pagado,2008-12-01,1,2548,549,2008-04-01 00:00:00.000000000
400,Pagado,2010-08-01,1,2548,549,2009-01-01 00:00:00.000000000
380,Pagado,2005-10-01,1,2548,550,2004-04-01 00:00:00.000000000
20,Pagado,2005-11-01,1,2548,550,2005-11-01 00:00:00.000000000
220,Pagado,2006-09-01,1,2548,550,2005-11-01 00:00:00.000000000
100,Pagado,2007-02-01,1,2548,550,2006-10-01 00:00:00.000000000
4020,Pagado,2023-11-01,1,2548,550,2007-03-01 00:00:00.000000000
660,Pagado,2002-09-01,1,2548,551,2000-01-01 00:00:00.000000000
40,Pagado,2002-11-01,1,2548,551,2002-10-01 00:00:00.000000000
60,Pagado,2003-03-01,1,2548,552,2003-01-01 00:00:00.000000000
100,Pagado,2004-12-01,1,2548,552,2004-08-01 00:00:00.000000000
80,Pagado,2005-04-01,1,2548,552,2005-01-01 00:00:00.000000000
80,Pagado,2005-08-01,1,2548,552,2005-05-01 00:00:00.000000000
200,Pagado,2005-10-01,1,2548,552,2005-01-01 00:00:00.000000000
520,Pagado,2007-10-01,1,2548,552,2005-09-01 00:00:00.000000000
20,Pagado,2007-11-01,1,2548,552,2007-11-01 00:00:00.000000000
120,Pagado,2008-06-01,1,2548,552,2008-01-01 00:00:00.000000000
100,Pagado,2010-09-01,1,2548,552,2010-05-01 00:00:00.000000000
300,Pagado,2011-06-01,1,2548,552,2010-04-01 00:00:00.000000000
200,Pagado,2011-07-01,1,2548,552,2010-10-01 00:00:00.000000000
1200,Pagado,2016-07-01,1,2548,552,2011-08-01 00:00:00.000000000
80,Pagado,2016-11-01,1,2548,552,2016-08-01 00:00:00.000000000
240,Pagado,2017-11-01,1,2548,552,2016-12-01 00:00:00.000000000
220,Pagado,2018-10-01,1,2548,552,2017-12-01 00:00:00.000000000
260,Pagado,2019-11-01,1,2548,552,2018-11-01 00:00:00.000000000
60,Pagado,2020-02-01,1,2548,552,2019-12-01 00:00:00.000000000
160,Pagado,2020-10-01,1,2548,552,2020-03-01 00:00:00.000000000
40,Pagado,2020-12-01,1,2548,552,2020-11-01 00:00:00.000000000
240,Pagado,2021-12-01,1,2548,552,2021-01-01 00:00:00.000000000
240,Pagado,2022-12-01,1,2548,552,2022-01-01 00:00:00.000000000
240,Pagado,2023-12-01,1,2548,552,2023-01-01 00:00:00.000000000
60,Pagado,2024-02-01,1,2548,552,2024-01-01 00:00:00.000000000
90,Pagado,2024-05-01,1,2548,552,2024-03-01 00:00:00.000000000
210,Pagado,2024-12-01,1,2548,552,2024-06-01 00:00:00.000000000
180,Pagado,2025-06-01,1,2548,552,2025-01-01 00:00:00.000000000
660,Pagado,2002-10-01,1,2548,553,2000-02-01 00:00:00.000000000
40,Pagado,2003-02-01,1,2548,553,2003-01-01 00:00:00.000000000
20,Pagado,2003-03-01,1,2548,553,2003-03-01 00:00:00.000000000
60,Pagado,2003-06-01,1,2548,553,2003-04-01 00:00:00.000000000
100,Pagado,2003-11-01,1,2548,553,2003-07-01 00:00:00.000000000
40,Pagado,2004-01-01,1,2548,553,2003-12-01 00:00:00.000000000
60,Pagado,2004-02-01,1,2548,553,2004-02-01 00:00:00.000000000
100,Pagado,2004-09-01,1,2548,553,2004-05-01 00:00:00.000000000
100,Pagado,2005-02-01,1,2548,553,2004-10-01 00:00:00.000000000
100,Pagado,2005-07-01,1,2548,553,2005-03-01 00:00:00.000000000
100,Pagado,2005-12-01,1,2548,553,2005-08-01 00:00:00.000000000
100,Pagado,2006-05-01,1,2548,553,2006-01-01 00:00:00.000000000
100,Pagado,2006-10-01,1,2548,553,2006-06-01 00:00:00.000000000
60,Pagado,2007-01-01,1,2548,553,2006-11-01 00:00:00.000000000
200,Pagado,2007-11-01,1,2548,553,2007-02-01 00:00:00.000000000
40,Pagado,2008-01-01,1,2548,553,2007-12-01 00:00:00.000000000
60,Pagado,2008-07-01,1,2548,553,2008-05-01 00:00:00.000000000
40,Pagado,2008-09-01,1,2548,553,2008-08-01 00:00:00.000000000
60,Pagado,2008-12-01,1,2548,553,2008-10-01 00:00:00.000000000
100,Pagado,2002-04-01,1,2548,554,2001-12-01 00:00:00.000000000
320,Pagado,2003-08-01,1,2548,554,2002-05-01 00:00:00.000000000
60,Pagado,2003-11-01,1,2548,554,2003-09-01 00:00:00.000000000
200,Pagado,2004-09-01,1,2548,554,2003-12-01 00:00:00.000000000
40,Pagado,2004-11-01,1,2548,554,2004-10-01 00:00:00.000000000
240,Pagado,2005-11-01,1,2548,554,2004-12-01 00:00:00.000000000
240,Pagado,2006-11-01,1,2548,554,2005-12-01 00:00:00.000000000
60,Pagado,2007-02-01,1,2548,554,2006-12-01 00:00:00.000000000
60,Pagado,2007-05-01,1,2548,554,2007-03-01 00:00:00.000000000
140,Pagado,2007-12-01,1,2548,554,2007-06-01 00:00:00.000000000
220,Pagado,2009-11-01,1,2548,554,2009-01-01 00:00:00.000000000
780,Pagado,2003-10-01,1,2548,556,2002-08-01 00:00:00.000000000
140,Pagado,2005-09-01,1,2548,556,2005-03-01 00:00:00.000000000
60,Pagado,2006-06-01,1,2548,556,2006-03-01 00:00:00.000000000
500,Pagado,2010-11-01,1,2548,556,2008-11-01 00:00:00.000000000
260,Pagado,2011-12-01,1,2548,556,2010-12-01 00:00:00.000000000
1000,Pagado,2017-05-01,1,2548,556,2013-04-01 00:00:00.000000000
200,Pagado,2000-11-01,1,2548,557,2000-02-01 00:00:00.000000000
100,Pagado,2001-08-01,1,2548,557,2001-04-01 00:00:00.000000000
100,Pagado,2002-01-01,1,2548,557,2001-09-01 00:00:00.000000000
40,Pagado,2002-04-01,1,2548,557,2002-03-01 00:00:00.000000000
40,Pagado,2002-06-01,1,2548,557,2002-05-01 00:00:00.000000000
2480,Pagado,2010-06-01,1,2548,557,2000-03-01 00:00:00.000000000
120,Pagado,2010-12-01,1,2548,557,2010-07-01 00:00:00.000000000
120,Pagado,2011-06-01,1,2548,557,2011-01-01 00:00:00.000000000
500,Pagado,2002-02-01,1,2548,558,2000-02-01 00:00:00.000000000
100,Pagado,2002-07-01,1,2548,558,2002-03-01 00:00:00.000000000
370,Pagado,2003-02-01,1,2548,559,2000-02-01 00:00:00.000000000
360,Pagado,2002-06-01,1,2548,561,2001-01-01 00:00:00.000000000
20,Pagado,2002-07-01,1,2548,561,2002-07-01 00:00:00.000000000
20,Pagado,2002-08-01,1,2548,561,2002-08-01 00:00:00.000000000
20,Pagado,2002-09-01,1,2548,561,2002-09-01 00:00:00.000000000
20,Pagado,2002-10-01,1,2548,561,2002-10-01 00:00:00.000000000
80,Pagado,2004-12-01,1,2548,561,2004-09-01 00:00:00.000000000
40,Pagado,2005-02-01,1,2548,561,2005-01-01 00:00:00.000000000
40,Pagado,2005-04-01,1,2548,561,2005-03-01 00:00:00.000000000
80,Pagado,2000-06-01,1,2548,563,2000-03-01 00:00:00.000000000
40,Pagado,2000-08-01,1,2548,563,2000-07-01 00:00:00.000000000
20,Pagado,2000-09-01,1,2548,563,2000-09-01 00:00:00.000000000
300,Pagado,2002-05-01,1,2548,563,2001-03-01 00:00:00.000000000
100,Pagado,2002-10-01,1,2548,563,2002-06-01 00:00:00.000000000
220,Pagado,2003-09-01,1,2548,563,2002-11-01 00:00:00.000000000
60,Pagado,2003-12-01,1,2548,563,2003-10-01 00:00:00.000000000
120,Pagado,2004-03-01,1,2548,563,2004-10-01 00:00:00.000000000
100,Pagado,2005-12-01,1,2548,563,2005-04-01 00:00:00.000000000
500,Pagado,2007-09-01,1,2548,563,2005-09-01 00:00:00.000000000
500,Pagado,2009-10-01,1,2548,563,2007-10-01 00:00:00.000000000
300,Pagado,2011-01-01,1,2548,563,2009-11-01 00:00:00.000000000
300,Pagado,2012-04-01,1,2548,563,2011-02-01 00:00:00.000000000
300,Pagado,2013-07-01,1,2548,563,2012-05-01 00:00:00.000000000
300,Pagado,2014-10-01,1,2548,563,2013-08-01 00:00:00.000000000
300,Pagado,2016-01-01,1,2548,563,2014-11-01 00:00:00.000000000
90,Pagado,2024-08-01,1,2548,563,2024-06-01 00:00:00.000000000
120,Pagado,2024-12-01,1,2548,563,2024-09-01 00:00:00.000000000
90,Pagado,2025-03-01,1,2548,563,2025-01-01 00:00:00.000000000
90,Pagado,2025-06-01,1,2548,563,2025-04-01 00:00:00.000000000
90,Pagado,2025-09-01,1,2548,563,2025-07-01 00:00:00.000000000
90,Pagado,2025-12-01,1,2548,563,2025-10-01 00:00:00.000000000
60,Pagado,2026-02-01,1,2548,563,2026-01-01 00:00:00.000000000
330,Pagado,2003-02-01,1,2548,565,2000-03-01 00:00:00.000000000
200,Pagado,2000-12-01,1,2548,566,2000-03-01 00:00:00.000000000
240,Pagado,2001-12-01,1,2548,566,2001-01-01 00:00:00.000000000
240,Pagado,2002-12-01,1,2548,566,2002-01-01 00:00:00.000000000
240,Pagado,2003-12-01,1,2548,566,2003-01-01 00:00:00.000000000
240,Pagado,2004-12-01,1,2548,566,2004-01-01 00:00:00.000000000
120,Pagado,2005-06-01,1,2548,566,2005-01-01 00:00:00.000000000
120,Pagado,2005-12-01,1,2548,566,2005-07-01 00:00:00.000000000
120,Pagado,2006-07-01,1,2548,566,2006-01-01 00:00:00.000000000
100,Pagado,2006-11-01,1,2548,566,2006-07-01 00:00:00.000000000
100,Pagado,2007-04-01,1,2548,566,2006-12-01 00:00:00.000000000
100,Pagado,2007-09-01,1,2548,566,2007-05-01 00:00:00.000000000
60,Pagado,2007-12-01,1,2548,566,2007-10-01 00:00:00.000000000
80,Pagado,2008-04-01,1,2548,566,2008-01-01 00:00:00.000000000
80,Pagado,2008-08-01,1,2548,566,2008-05-01 00:00:00.000000000
80,Pagado,2008-12-01,1,2548,566,2008-09-01 00:00:00.000000000
60,Pagado,2009-03-01,1,2548,566,2009-01-01 00:00:00.000000000
80,Pagado,2009-07-01,1,2548,566,2009-04-01 00:00:00.000000000
300,Pagado,2010-10-01,1,2548,566,2009-08-01 00:00:00.000000000
940,Pagado,2008-02-01,1,2548,567,2004-04-01 00:00:00.000000000
300,Pagado,2003-09-01,1,2548,568,2002-07-01 00:00:00.000000000
40,Pagado,2001-02-01,1,2548,569,2001-01-01 00:00:00.000000000
100,Pagado,2001-07-01,1,2548,569,2001-03-01 00:00:00.000000000
200,Pagado,2002-05-01,1,2548,569,2001-08-01 00:00:00.000000000
300,Pagado,2003-08-01,1,2548,569,2002-07-01 00:00:00.000000000
100,Pagado,2004-01-01,1,2548,569,2003-09-01 00:00:00.000000000
740,Pagado,2007-02-01,1,2548,569,2004-02-01 00:00:00.000000000
420,Pagado,2008-11-01,1,2548,569,2007-03-01 00:00:00.000000000
100,Pagado,2010-04-01,1,2548,569,2009-12-01 00:00:00.000000000
120,Pagado,2010-10-01,1,2548,569,2010-05-01 00:00:00.000000000
40,Pagado,2010-12-01,1,2548,569,2010-11-01 00:00:00.000000000
220,Pagado,2011-11-01,1,2548,569,2011-01-01 00:00:00.000000000
200,Pagado,2012-09-01,1,2548,569,2011-12-01 00:00:00.000000000
40,Pagado,2012-11-01,1,2548,569,2012-10-01 00:00:00.000000000
200,Pagado,2013-09-01,1,2548,569,2012-12-01 00:00:00.000000000
40,Pagado,2013-11-01,1,2548,569,2013-10-01 00:00:00.000000000
240,Pagado,2014-11-01,1,2548,569,2013-12-01 00:00:00.000000000
20,Pagado,2014-12-01,1,2548,569,2014-12-01 00:00:00.000000000
100,Pagado,2015-05-01,1,2548,569,2015-01-01 00:00:00.000000000
120,Pagado,2015-11-01,1,2548,569,2015-06-01 00:00:00.000000000
220,Pagado,2016-10-01,1,2548,569,2015-12-01 00:00:00.000000000
40,Pagado,2016-12-01,1,2548,569,2016-11-01 00:00:00.000000000
40,Pagado,2017-02-01,1,2548,569,2017-01-01 00:00:00.000000000
40,Pagado,2017-04-01,1,2548,569,2017-03-01 00:00:00.000000000
140,Pagado,2017-11-01,1,2548,569,2017-05-01 00:00:00.000000000
220,Pagado,2018-10-01,1,2548,569,2017-12-01 00:00:00.000000000
40,Pagado,2018-12-01,1,2548,569,2018-11-01 00:00:00.000000000
200,Pagado,2019-10-01,1,2548,569,2019-01-01 00:00:00.000000000
40,Pagado,2019-12-01,1,2548,569,2019-11-01 00:00:00.000000000
100,Pagado,2020-05-01,1,2548,569,2020-01-01 00:00:00.000000000
140,Pagado,2020-12-01,1,2548,569,2020-06-01 00:00:00.000000000
240,Pagado,2021-12-01,1,2548,569,2021-01-01 00:00:00.000000000
240,Pagado,2022-12-01,1,2548,569,2022-01-01 00:00:00.000000000
240,Pagado,2023-12-01,1,2548,569,2023-01-01 00:00:00.000000000
300,Pagado,2024-10-01,1,2548,569,2024-01-01 00:00:00.000000000
60,Pagado,2024-12-01,1,2548,569,2024-11-01 00:00:00.000000000
360,Pagado,2025-12-01,1,2548,569,2025-01-01 00:00:00.000000000
200,Pagado,2000-12-01,1,2548,570,2000-03-01 00:00:00.000000000
100,Pagado,2001-05-01,1,2548,570,2001-01-01 00:00:00.000000000
120,Pagado,2002-11-01,1,2548,570,2002-06-01 00:00:00.000000000
60,Pagado,2000-09-01,1,2548,571,2000-07-01 00:00:00.000000000
500,Pagado,2003-03-01,1,2548,571,2001-03-01 00:00:00.000000000
40,Pagado,2003-05-01,1,2548,571,2003-04-01 00:00:00.000000000
80,Pagado,2003-09-01,1,2548,571,2003-06-01 00:00:00.000000000
20,Pagado,2003-10-01,1,2548,571,2003-10-01 00:00:00.000000000
60,Pagado,2004-01-01,1,2548,571,2003-11-01 00:00:00.000000000
20,Pagado,2004-02-01,1,2548,571,2004-02-01 00:00:00.000000000
100,Pagado,2004-09-01,1,2548,571,2004-05-01 00:00:00.000000000
80,Pagado,2005-01-01,1,2548,571,2004-10-01 00:00:00.000000000
100,Pagado,2005-06-01,1,2548,571,2005-02-01 00:00:00.000000000
100,Pagado,2005-11-01,1,2548,571,2005-07-01 00:00:00.000000000
100,Pagado,2006-04-01,1,2548,571,2005-12-01 00:00:00.000000000
100,Pagado,2006-09-01,1,2548,571,2006-05-01 00:00:00.000000000
100,Pagado,2007-02-01,1,2548,571,2006-10-01 00:00:00.000000000
20,Pagado,2007-03-01,1,2548,571,2007-03-01 00:00:00.000000000
120,Pagado,2007-09-01,1,2548,571,2007-04-01 00:00:00.000000000
40,Pagado,2007-11-01,1,2548,571,2007-10-01 00:00:00.000000000
100,Pagado,2001-01-01,1,2548,572,2000-09-01 00:00:00.000000000
100,Pagado,2001-06-01,1,2548,572,2001-02-01 00:00:00.000000000
100,Pagado,2001-11-01,1,2548,572,2001-07-01 00:00:00.000000000
60,Pagado,2002-03-01,1,2548,572,2002-01-01 00:00:00.000000000
40,Pagado,2002-05-01,1,2548,572,2002-04-01 00:00:00.000000000
40,Pagado,2002-07-01,1,2548,572,2002-06-01 00:00:00.000000000
60,Pagado,2000-05-01,1,2548,573,2000-03-01 00:00:00.000000000
180,Pagado,2002-06-01,1,2548,576,2001-10-01 00:00:00.000000000
80,Pagado,2002-12-01,1,2548,576,2002-09-01 00:00:00.000000000
60,Pagado,2003-03-01,1,2548,576,2003-01-01 00:00:00.000000000
100,Pagado,2003-08-01,1,2548,576,2003-04-01 00:00:00.000000000
60,Pagado,2003-11-01,1,2548,576,2003-09-01 00:00:00.000000000
20,Pagado,2003-12-01,1,2548,576,2003-12-01 00:00:00.000000000
102,Pagado,2004-06-01,1,2548,576,2004-01-01 00:00:00.000000000
100,Pagado,2004-11-01,1,2548,576,2004-07-01 00:00:00.000000000
100,Pagado,2005-12-01,1,2548,576,2005-08-01 00:00:00.000000000
240,Pagado,2006-12-01,1,2548,576,2006-01-01 00:00:00.000000000
180,Pagado,2007-09-01,1,2548,576,2007-01-01 00:00:00.000000000
60,Pagado,2007-11-01,1,2548,576,2007-10-01 00:00:00.000000000
100,Pagado,2008-05-01,1,2548,576,2008-01-01 00:00:00.000000000
120,Pagado,2008-11-01,1,2548,576,2008-06-01 00:00:00.000000000
240,Pagado,2009-11-01,1,2548,576,2008-12-01 00:00:00.000000000
240,Pagado,2010-11-01,1,2548,576,2009-12-01 00:00:00.000000000
240,Pagado,2011-11-01,1,2548,576,2010-12-01 00:00:00.000000000
260,Pagado,2012-12-01,1,2548,576,2011-12-01 00:00:00.000000000
240,Pagado,2013-12-01,1,2548,576,2013-01-01 00:00:00.000000000
240,Pagado,2014-12-01,1,2548,576,2014-01-01 00:00:00.000000000
240,Pagado,2015-12-01,1,2548,576,2015-01-01 00:00:00.000000000
240,Pagado,2016-12-01,1,2548,576,2016-01-01 00:00:00.000000000
240,Pagado,2017-12-01,1,2548,576,2017-01-01 00:00:00.000000000
240,Pagado,2018-12-01,1,2548,576,2018-01-01 00:00:00.000000000
240,Pagado,2019-12-01,1,2548,576,2019-01-01 00:00:00.000000000
240,Pagado,2020-12-01,1,2548,576,2020-01-01 00:00:00.000000000
240,Pagado,2021-12-01,1,2548,576,2021-01-01 00:00:00.000000000
240,Pagado,2022-12-01,1,2548,576,2022-01-01 00:00:00.000000000
240,Pagado,2023-12-01,1,2548,576,2023-01-01 00:00:00.000000000
360,Pagado,2024-12-01,1,2548,576,2024-01-01 00:00:00.000000000
100,Pagado,2000-12-01,1,2548,577,2000-09-01 00:00:00.000000000
100,Pagado,2001-01-01,1,2548,577,2000-09-01 00:00:00.000000000
240,Pagado,2002-01-01,1,2548,577,2001-02-01 00:00:00.000000000
40,Pagado,2007-12-01,1,2548,578,2007-11-01 00:00:00.000000000
60,Pagado,2001-07-01,1,2548,579,2001-05-01 00:00:00.000000000
20,Pagado,2001-08-01,1,2548,579,2001-08-01 00:00:00.000000000
20,Pagado,2001-09-01,1,2548,579,2001-09-01 00:00:00.000000000
100,Pagado,2002-02-01,1,2548,579,2001-10-01 00:00:00.000000000
40,Pagado,2002-06-01,1,2548,579,2002-05-01 00:00:00.000000000
40,Pagado,2002-08-01,1,2548,579,2002-07-01 00:00:00.000000000
260,Pagado,2003-09-01,1,2548,579,2002-09-01 00:00:00.000000000
40,Pagado,2003-11-01,1,2548,579,2003-10-01 00:00:00.000000000
20,Pagado,2003-12-01,1,2548,579,2003-12-01 00:00:00.000000000
100,Pagado,2005-01-01,1,2548,579,2004-09-01 00:00:00.000000000
180,Pagado,2005-10-01,1,2548,579,2005-02-01 00:00:00.000000000
680,Pagado,2003-01-01,1,2548,580,2000-04-01 00:00:00.000000000
500,Pagado,2005-03-01,1,2548,580,2003-03-01 00:00:00.000000000
20,Pagado,2000-06-01,1,2548,581,2000-06-01 00:00:00.000000000
100,Pagado,2000-11-01,1,2548,581,2000-07-01 00:00:00.000000000
1080,Pagado,2004-10-01,1,2548,582,2000-05-01 00:00:00.000000000
300,Pagado,2001-07-01,1,2548,583,2000-05-01 00:00:00.000000000
200,Pagado,2004-06-01,1,2548,583,2003-09-01 00:00:00.000000000
200,Pagado,2005-04-01,1,2548,583,2004-05-01 00:00:00.000000000
500,Pagado,2007-05-01,1,2548,583,2005-05-01 00:00:00.000000000
1000,Pagado,2011-07-01,1,2548,583,2007-06-01 00:00:00.000000000
300,Pagado,2012-10-01,1,2548,583,2011-08-01 00:00:00.000000000
1400,Pagado,2018-08-01,1,2548,583,2012-11-01 00:00:00.000000000
500,Pagado,2020-09-01,1,2548,583,2018-09-01 00:00:00.000000000
200,Pagado,2001-01-01,1,2548,585,2000-04-01 00:00:00.000000000
100,Pagado,2000-09-01,1,2548,586,2000-05-01 00:00:00.000000000
20,Pagado,2001-12-01,1,2548,587,2001-12-01 00:00:00.000000000
40,Pagado,2009-01-01,1,2548,587,2008-12-01 00:00:00.000000000
20,Pagado,2009-02-01,1,2548,587,2009-02-01 00:00:00.000000000
100,Pagado,2009-07-01,1,2548,587,2009-03-01 00:00:00.000000000
40,Pagado,2009-09-01,1,2548,587,2009-08-01 00:00:00.000000000
40,Pagado,2009-11-01,1,2548,587,2009-10-01 00:00:00.000000000
60,Pagado,2010-02-01,1,2548,587,2008-12-01 00:00:00.000000000
100,Pagado,2010-07-01,1,2548,587,2010-03-01 00:00:00.000000000
100,Pagado,2010-12-01,1,2548,587,2010-08-01 00:00:00.000000000
220,Pagado,2011-11-01,1,2548,587,2011-01-01 00:00:00.000000000
240,Pagado,2012-11-01,1,2548,587,2011-12-01 00:00:00.000000000
260,Pagado,2013-12-01,1,2548,587,2012-12-01 00:00:00.000000000
240,Pagado,2014-12-01,1,2548,587,2014-01-01 00:00:00.000000000
40,Pagado,2015-12-01,1,2548,587,2015-11-01 00:00:00.000000000
240,Pagado,2016-12-01,1,2548,587,2016-01-01 00:00:00.000000000
220,Pagado,2017-11-01,1,2548,587,2011-01-01 00:00:00.000000000
260,Pagado,2018-12-01,1,2548,587,2017-12-01 00:00:00.000000000
240,Pagado,2019-12-01,1,2548,587,2019-01-01 00:00:00.000000000
240,Pagado,2020-12-01,1,2548,587,2020-01-01 00:00:00.000000000
240,Pagado,2021-12-01,1,2548,587,2021-01-01 00:00:00.000000000
240,Pagado,2022-12-01,1,2548,587,2022-01-01 00:00:00.000000000
240,Pagado,2023-12-01,1,2548,587,2023-01-01 00:00:00.000000000
360,Pagado,2024-12-01,1,2548,587,2024-01-01 00:00:00.000000000
360,Pagado,2025-12-01,1,2548,587,2025-01-01 00:00:00.000000000
200,Pagado,2004-10-01,1,2548,588,2004-01-01 00:00:00.000000000
100,Pagado,2005-03-01,1,2548,588,2004-11-01 00:00:00.000000000
160,Pagado,2005-11-01,1,2548,588,2005-04-01 00:00:00.000000000
240,Pagado,2006-11-01,1,2548,588,2005-12-01 00:00:00.000000000
20,Pagado,2006-12-01,1,2548,588,2006-12-01 00:00:00.000000000
800,Pagado,2010-04-01,1,2548,588,2007-01-01 00:00:00.000000000
260,Pagado,2011-05-01,1,2548,588,2010-05-01 00:00:00.000000000
260,Pagado,2012-06-01,1,2548,588,2011-06-01 00:00:00.000000000
300,Pagado,2013-09-01,1,2548,588,2012-07-01 00:00:00.000000000
200,Pagado,2014-07-01,1,2548,588,2013-10-01 00:00:00.000000000
320,Pagado,2015-11-01,1,2548,588,2014-08-01 00:00:00.000000000
120,Pagado,2016-05-01,1,2548,588,2015-12-01 00:00:00.000000000
240,Pagado,2017-05-01,1,2548,588,2016-06-01 00:00:00.000000000
600,Pagado,2019-11-01,1,2548,588,2017-06-01 00:00:00.000000000
200,Pagado,2020-09-01,1,2548,588,2019-12-01 00:00:00.000000000
60,Pagado,2020-12-01,1,2548,588,2020-10-01 00:00:00.000000000
240,Pagado,2021-12-01,1,2548,588,2021-01-01 00:00:00.000000000
240,Pagado,2022-12-01,1,2548,588,2022-01-01 00:00:00.000000000
240,Pagado,2023-12-01,1,2548,588,2023-01-01 00:00:00.000000000
1200,Pagado,2005-05-01,1,2548,589,2000-05-01 00:00:00.000000000
40,Pagado,2005-07-01,1,2548,589,2005-06-01 00:00:00.000000000
60,Pagado,2005-10-01,1,2548,589,2005-08-01 00:00:00.000000000
100,Pagado,2000-09-01,1,2548,590,2000-05-01 00:00:00.000000000
300,Pagado,2001-12-01,1,2548,590,2000-10-01 00:00:00.000000000
240,Pagado,2005-05-01,1,2548,590,2004-06-01 00:00:00.000000000
500,Pagado,2017-11-01,1,2548,590,2005-11-01 00:00:00.000000000
500,Pagado,2019-12-01,1,2548,590,2017-12-01 00:00:00.000000000
40,Pagado,2002-05-01,1,2548,591,2002-04-01 00:00:00.000000000
40,Pagado,2002-07-01,1,2548,591,2002-06-01 00:00:00.000000000
40,Pagado,2003-03-01,1,2548,591,2003-02-01 00:00:00.000000000
60,Pagado,2003-06-01,1,2548,591,2003-04-01 00:00:00.000000000
40,Pagado,2003-08-01,1,2548,591,2003-07-01 00:00:00.000000000
40,Pagado,2003-10-01,1,2548,591,2003-09-01 00:00:00.000000000
40,Pagado,2003-12-01,1,2548,591,2003-11-01 00:00:00.000000000
40,Pagado,2004-02-01,1,2548,591,2004-01-01 00:00:00.000000000
40,Pagado,2004-04-01,1,2548,591,2004-03-01 00:00:00.000000000
40,Pagado,2004-06-01,1,2548,591,2004-05-01 00:00:00.000000000
40,Pagado,2004-06-01,1,2548,591,2004-05-01 00:00:00.000000000
40,Pagado,2004-10-01,1,2548,591,2004-09-01 00:00:00.000000000
40,Pagado,2004-12-01,1,2548,591,2004-11-01 00:00:00.000000000
40,Pagado,2005-02-01,1,2548,591,2005-01-01 00:00:00.000000000
40,Pagado,2005-04-01,1,2548,591,2005-03-01 00:00:00.000000000
40,Pagado,2005-06-01,1,2548,591,2005-05-01 00:00:00.000000000
20,Pagado,2005-07-01,1,2548,591,2005-07-01 00:00:00.000000000
40,Pagado,2005-09-01,1,2548,591,2005-08-01 00:00:00.000000000
40,Pagado,2005-11-01,1,2548,591,2005-10-01 00:00:00.000000000
40,Pagado,2006-01-01,1,2548,591,2005-10-01 00:00:00.000000000
40,Pagado,2006-03-01,1,2548,591,2006-02-01 00:00:00.000000000
40,Pagado,2006-05-01,1,2548,591,2006-04-01 00:00:00.000000000
40,Pagado,2006-07-01,1,2548,591,2006-06-01 00:00:00.000000000
40,Pagado,2006-09-01,1,2548,591,2006-08-01 00:00:00.000000000
40,Pagado,2006-11-01,1,2548,591,2006-10-01 00:00:00.000000000
40,Pagado,2007-01-01,1,2548,591,2006-12-01 00:00:00.000000000
40,Pagado,2007-03-01,1,2548,591,2007-02-01 00:00:00.000000000
140,Pagado,2007-12-01,1,2548,591,2007-06-01 00:00:00.000000000
40,Pagado,2008-02-01,1,2548,591,2008-01-01 00:00:00.000000000
60,Pagado,2008-05-01,1,2548,591,2008-03-01 00:00:00.000000000
60,Pagado,2008-08-01,1,2548,591,2008-06-01 00:00:00.000000000
40,Pagado,2008-10-01,1,2548,591,2008-09-01 00:00:00.000000000
20,Pagado,2008-11-01,1,2548,591,2008-11-01 00:00:00.000000000
260,Pagado,2009-12-01,1,2548,591,2008-12-01 00:00:00.000000000
100,Pagado,2010-05-01,1,2548,591,2010-01-01 00:00:00.000000000
140,Pagado,2010-12-01,1,2548,591,2010-06-01 00:00:00.000000000
60,Pagado,2000-07-01,1,2548,592,2000-05-01 00:00:00.000000000
100,Pagado,2000-12-01,1,2548,592,2000-08-01 00:00:00.000000000
100,Pagado,2001-05-01,1,2548,592,2001-01-01 00:00:00.000000000
400,Pagado,2003-01-01,1,2548,592,2001-06-01 00:00:00.000000000
100,Pagado,2003-06-01,1,2548,592,2003-02-01 00:00:00.000000000
160,Pagado,2004-02-01,1,2548,592,2003-07-01 00:00:00.000000000
60,Pagado,2004-09-01,1,2548,592,2004-07-01 00:00:00.000000000
60,Pagado,2004-12-01,1,2548,592,2004-10-01 00:00:00.000000000
20,Pagado,2005-01-01,1,2548,592,2005-01-01 00:00:00.000000000
200,Pagado,2005-11-01,1,2548,592,2005-02-01 00:00:00.000000000
240,Pagado,2006-11-01,1,2548,592,2005-12-01 00:00:00.000000000
100,Pagado,2008-12-01,1,2548,592,2008-08-01 00:00:00.000000000
100,Pagado,2009-05-01,1,2548,592,2009-01-01 00:00:00.000000000
100,Pagado,2009-10-01,1,2548,592,2009-06-01 00:00:00.000000000
20,Pagado,2000-10-01,1,2548,593,2000-10-01 00:00:00.000000000
60,Pagado,2004-01-01,1,2548,593,2003-11-01 00:00:00.000000000
40,Pagado,2004-03-01,1,2548,593,2004-02-01 00:00:00.000000000
400,Pagado,2005-11-01,1,2548,593,2004-04-01 00:00:00.000000000
20,Pagado,2001-12-01,1,2548,596,2001-12-01 00:00:00.000000000
200,Pagado,2002-02-01,1,2548,597,2001-03-01 00:00:00.000000000
200,Pagado,2002-12-01,1,2548,597,2002-03-01 00:00:00.000000000
40,Pagado,2003-02-01,1,2548,597,2003-01-01 00:00:00.000000000
240,Pagado,2004-12-01,1,2548,597,2004-01-01 00:00:00.000000000
40,Pagado,2004-12-01,1,2548,597,2004-11-01 00:00:00.000000000
200,Pagado,2005-10-01,1,2548,597,2005-01-01 00:00:00.000000000
40,Pagado,2005-12-01,1,2548,597,2005-11-01 00:00:00.000000000
200,Pagado,2006-10-01,1,2548,597,2006-01-01 00:00:00.000000000
200,Pagado,2007-10-01,1,2548,597,2007-01-01 00:00:00.000000000
40,Pagado,2007-12-01,1,2548,597,2007-11-01 00:00:00.000000000
200,Pagado,2008-10-01,1,2548,597,2008-01-01 00:00:00.000000000
40,Pagado,2008-12-01,1,2548,597,2008-11-01 00:00:00.000000000
200,Pagado,2009-10-01,1,2548,597,2009-01-01 00:00:00.000000000
40,Pagado,2009-12-01,1,2548,597,2009-11-01 00:00:00.000000000
100,Pagado,2010-05-01,1,2548,597,2010-01-01 00:00:00.000000000
140,Pagado,2010-12-01,1,2548,597,2010-06-01 00:00:00.000000000
100,Pagado,2011-05-01,1,2548,597,2011-01-01 00:00:00.000000000
140,Pagado,2011-12-01,1,2548,597,2011-06-01 00:00:00.000000000
100,Pagado,2012-05-01,1,2548,597,2012-01-01 00:00:00.000000000
120,Pagado,2012-11-01,1,2548,597,2012-06-01 00:00:00.000000000
20,Pagado,2012-12-01,1,2548,597,2012-12-01 00:00:00.000000000
100,Pagado,2013-05-01,1,2548,597,2013-01-01 00:00:00.000000000
140,Pagado,2013-12-01,1,2548,597,2013-06-01 00:00:00.000000000
100,Pagado,2014-05-01,1,2548,597,2014-01-01 00:00:00.000000000
100,Pagado,2014-10-01,1,2548,597,2014-06-01 00:00:00.000000000
20,Pagado,2014-11-01,1,2548,597,2014-11-01 00:00:00.000000000
100,Pagado,2015-04-01,1,2548,597,2014-12-01 00:00:00.000000000
100,Pagado,2016-05-01,1,2548,597,2016-01-01 00:00:00.000000000
40,Pagado,2016-07-01,1,2548,597,2016-06-01 00:00:00.000000000
100,Pagado,2016-12-01,1,2548,597,2016-08-01 00:00:00.000000000
20,Pagado,2017-01-01,1,2548,597,2017-01-01 00:00:00.000000000
20,Pagado,2017-02-01,1,2548,597,2017-02-01 00:00:00.000000000
20,Pagado,2017-03-01,1,2548,597,2017-03-01 00:00:00.000000000
20,Pagado,2017-04-01,1,2548,597,2017-04-01 00:00:00.000000000
20,Pagado,2017-05-01,1,2548,597,2017-05-01 00:00:00.000000000
100,Pagado,2017-10-01,1,2548,597,2017-06-01 00:00:00.000000000
40,Pagado,2017-12-01,1,2548,597,2017-11-01 00:00:00.000000000
240,Pagado,2018-12-01,1,2548,597,2018-01-01 00:00:00.000000000
240,Pagado,2019-12-01,1,2548,597,2019-01-01 00:00:00.000000000
200,Pagado,2020-10-01,1,2548,597,2020-01-01 00:00:00.000000000
40,Pagado,2020-12-01,1,2548,597,2020-11-01 00:00:00.000000000
240,Pagado,2022-12-01,1,2548,597,2022-01-01 00:00:00.000000000
240,Pagado,2023-12-01,1,2548,597,2023-01-01 00:00:00.000000000
360,Pagado,2024-12-01,1,2548,597,2024-01-01 00:00:00.000000000
240,Pagado,2025-08-01,1,2548,597,2025-01-01 00:00:00.000000000
200,Pagado,2001-12-01,1,2548,598,2001-03-01 00:00:00.000000000
100,Pagado,2002-05-01,1,2548,598,2002-01-01 00:00:00.000000000
300,Pagado,2003-08-01,1,2548,598,2002-06-01 00:00:00.000000000
100,Pagado,2004-01-01,1,2548,598,2003-09-01 00:00:00.000000000
100,Pagado,2004-06-01,1,2548,598,2004-02-01 00:00:00.000000000
100,Pagado,2004-11-01,1,2548,598,2004-07-01 00:00:00.000000000
100,Pagado,2005-04-01,1,2548,598,2004-12-01 00:00:00.000000000
100,Pagado,2005-09-01,1,2548,598,2005-05-01 00:00:00.000000000
40,Pagado,2005-11-01,1,2548,598,2005-10-01 00:00:00.000000000
300,Pagado,2006-12-01,1,2548,598,2005-10-01 00:00:00.000000000
60,Pagado,2007-03-01,1,2548,598,2007-01-01 00:00:00.000000000
100,Pagado,2007-08-01,1,2548,598,2007-04-01 00:00:00.000000000
80,Pagado,2007-12-01,1,2548,598,2007-09-01 00:00:00.000000000
60,Pagado,2008-03-01,1,2548,598,2008-01-01 00:00:00.000000000
40,Pagado,2008-05-01,1,2548,598,2008-04-01 00:00:00.000000000
40,Pagado,2008-07-01,1,2548,598,2008-06-01 00:00:00.000000000
20,Pagado,2008-08-01,1,2548,598,2008-08-01 00:00:00.000000000
40,Pagado,2008-10-01,1,2548,598,2008-09-01 00:00:00.000000000
180,Pagado,2009-12-01,1,2548,598,2009-04-01 00:00:00.000000000
220,Pagado,2010-11-01,1,2548,598,2010-01-01 00:00:00.000000000
240,Pagado,2011-11-01,1,2548,598,2010-12-01 00:00:00.000000000
240,Pagado,2012-11-01,1,2548,598,2011-12-01 00:00:00.000000000
260,Pagado,2013-12-01,1,2548,598,2012-12-01 00:00:00.000000000
220,Pagado,2014-11-01,1,2548,598,2014-01-01 00:00:00.000000000
80,Pagado,2015-03-01,1,2548,598,2014-12-01 00:00:00.000000000
180,Pagado,2015-12-01,1,2548,598,2015-04-01 00:00:00.000000000
240,Pagado,2016-12-01,1,2548,598,2016-01-01 00:00:00.000000000
240,Pagado,2017-12-01,1,2548,598,2017-01-01 00:00:00.000000000
240,Pagado,2018-12-01,1,2548,598,2018-01-01 00:00:00.000000000
240,Pagado,2019-12-01,1,2548,598,2019-01-01 00:00:00.000000000
80,Pagado,2022-04-01,1,2548,598,2022-01-01 00:00:00.000000000
160,Pagado,2022-12-01,1,2548,598,2022-05-01 00:00:00.000000000
240,Pagado,2023-12-01,1,2548,598,2023-01-01 00:00:00.000000000
360,Pagado,2024-12-01,1,2548,598,2024-01-01 00:00:00.000000000
360,Pagado,2025-12-01,1,2548,598,2025-01-01 00:00:00.000000000
100,Pagado,2000-09-01,1,2548,600,2000-05-01 00:00:00.000000000
100,Pagado,2001-02-01,1,2548,600,2000-10-01 00:00:00.000000000
100,Pagado,2001-12-01,1,2548,600,2001-08-01 00:00:00.000000000
200,Pagado,2002-10-01,1,2548,600,2002-01-01 00:00:00.000000000
100,Pagado,2003-07-01,1,2548,600,2003-03-01 00:00:00.000000000
240,Pagado,2003-10-01,1,2548,600,2002-11-01 00:00:00.000000000
60,Pagado,2004-01-01,1,2548,600,2003-11-01 00:00:00.000000000
20,Pagado,2004-02-01,1,2548,600,2004-02-01 00:00:00.000000000
20,Pagado,2004-03-01,1,2548,600,2004-03-01 00:00:00.000000000
20,Pagado,2005-01-01,1,2548,600,2005-01-01 00:00:00.000000000
20,Pagado,2005-02-01,1,2548,600,2005-02-01 00:00:00.000000000
40,Pagado,2005-04-01,1,2548,600,2005-03-01 00:00:00.000000000
20,Pagado,2005-05-01,1,2548,600,2005-05-01 00:00:00.000000000
20,Pagado,2005-06-01,1,2548,600,2005-06-01 00:00:00.000000000
20,Pagado,2005-07-01,1,2548,600,2005-07-01 00:00:00.000000000
40,Pagado,2005-09-01,1,2548,600,2005-08-01 00:00:00.000000000
40,Pagado,2005-11-01,1,2548,600,2005-10-01 00:00:00.000000000
60,Pagado,2006-02-01,1,2548,600,2005-12-01 00:00:00.000000000
40,Pagado,2006-04-01,1,2548,600,2006-03-01 00:00:00.000000000
160,Pagado,2006-12-01,1,2548,600,2006-05-01 00:00:00.000000000
60,Pagado,2007-03-01,1,2548,600,2007-01-01 00:00:00.000000000
60,Pagado,2007-06-01,1,2548,600,2007-04-01 00:00:00.000000000
120,Pagado,2007-12-01,1,2548,600,2007-07-01 00:00:00.000000000
20,Pagado,2008-01-01,1,2548,600,2008-01-01 00:00:00.000000000
40,Pagado,2008-03-01,1,2548,600,2008-02-01 00:00:00.000000000
100,Pagado,2008-08-01,1,2548,600,2008-04-01 00:00:00.000000000
40,Pagado,2008-10-01,1,2548,600,2008-09-01 00:00:00.000000000
80,Pagado,2009-02-01,1,2548,600,2008-11-01 00:00:00.000000000
40,Pagado,2009-04-01,1,2548,600,2009-03-01 00:00:00.000000000
160,Pagado,2009-12-01,1,2548,600,2009-05-01 00:00:00.000000000
80,Pagado,2010-04-01,1,2548,600,2010-01-01 00:00:00.000000000
60,Pagado,2010-07-01,1,2548,600,2010-05-01 00:00:00.000000000
100,Pagado,2010-12-01,1,2548,600,2010-08-01 00:00:00.000000000
60,Pagado,2011-03-01,1,2548,600,2011-01-01 00:00:00.000000000
100,Pagado,2011-08-01,1,2548,600,2011-04-01 00:00:00.000000000
80,Pagado,2011-12-01,1,2548,600,2011-09-01 00:00:00.000000000
100,Pagado,2012-05-01,1,2548,600,2012-01-01 00:00:00.000000000
40,Pagado,2012-07-01,1,2548,600,2012-06-01 00:00:00.000000000
60,Pagado,2012-10-01,1,2548,600,2012-08-01 00:00:00.000000000
40,Pagado,2012-12-01,1,2548,600,2012-11-01 00:00:00.000000000
160,Pagado,2013-08-01,1,2548,600,2013-01-01 00:00:00.000000000
80,Pagado,2013-12-01,1,2548,600,2013-09-01 00:00:00.000000000
120,Pagado,2014-06-01,1,2548,600,2014-01-01 00:00:00.000000000
120,Pagado,2014-12-01,1,2548,600,2014-07-01 00:00:00.000000000
240,Pagado,2015-12-01,1,2548,600,2015-01-01 00:00:00.000000000
240,Pagado,2016-12-01,1,2548,600,2016-01-01 00:00:00.000000000
240,Pagado,2017-12-01,1,2548,600,2017-01-01 00:00:00.000000000
240,Pagado,2018-12-01,1,2548,600,2018-01-01 00:00:00.000000000
240,Pagado,2019-12-01,1,2548,600,2019-01-01 00:00:00.000000000
240,Pagado,2020-12-01,1,2548,600,2020-01-01 00:00:00.000000000
240,Pagado,2021-12-01,1,2548,600,2021-01-01 00:00:00.000000000
240,Pagado,2022-12-01,1,2548,600,2022-01-01 00:00:00.000000000
240,Pagado,2023-12-01,1,2548,600,2023-01-01 00:00:00.000000000
360,Pagado,2024-12-01,1,2548,600,2024-01-01 00:00:00.000000000
360,Pagado,2025-12-01,1,2548,600,2025-01-01 00:00:00.000000000
1320,Pagado,2005-10-01,1,2548,603,2000-05-01 00:00:00.000000000
20,Pagado,2005-11-01,1,2548,603,2005-11-01 00:00:00.000000000
100,Pagado,2006-04-01,1,2548,603,2005-12-01 00:00:00.000000000
20,Pagado,2006-09-01,1,2548,603,2006-09-01 00:00:00.000000000
400,Pagado,2007-12-01,1,2548,603,2006-05-01 00:00:00.000000000
300,Pagado,2007-12-01,1,2548,603,2006-10-01 00:00:00.000000000
40,Pagado,2008-02-01,1,2548,603,2008-01-01 00:00:00.000000000
80,Pagado,2008-04-01,1,2548,603,2008-01-01 00:00:00.000000000
400,Pagado,2010-03-01,1,2548,603,2008-03-01 00:00:00.000000000
500,Pagado,2012-04-01,1,2548,603,2010-04-01 00:00:00.000000000
1000,Pagado,2005-04-01,1,2548,605,2000-05-01 00:00:00.000000000
200,Pagado,2006-02-01,1,2548,605,2005-05-01 00:00:00.000000000
60,Pagado,2002-02-01,1,2548,606,2001-12-01 00:00:00.000000000
20,Pagado,2002-03-01,1,2548,606,2002-03-01 00:00:00.000000000
20,Pagado,2002-04-01,1,2548,606,2002-04-01 00:00:00.000000000
20,Pagado,2002-05-01,1,2548,606,2002-05-01 00:00:00.000000000
20,Pagado,2002-06-01,1,2548,606,2002-06-01 00:00:00.000000000
40,Pagado,2002-08-01,1,2548,606,2002-07-01 00:00:00.000000000
20,Pagado,2002-09-01,1,2548,606,2002-09-01 00:00:00.000000000
20,Pagado,2002-10-01,1,2548,606,2002-10-01 00:00:00.000000000
20,Pagado,2002-11-01,1,2548,606,2002-11-01 00:00:00.000000000
20,Pagado,2002-12-01,1,2548,606,2002-12-01 00:00:00.000000000
20,Pagado,2003-01-01,1,2548,606,2003-01-01 00:00:00.000000000
20,Pagado,2003-02-01,1,2548,606,2003-02-01 00:00:00.000000000
20,Pagado,2003-03-01,1,2548,606,2003-03-01 00:00:00.000000000
20,Pagado,2003-03-01,1,2548,606,2003-03-01 00:00:00.000000000
20,Pagado,2003-04-01,1,2548,606,2003-04-01 00:00:00.000000000
40,Pagado,2003-07-01,1,2548,606,2003-06-01 00:00:00.000000000
20,Pagado,2003-08-01,1,2548,606,2003-08-01 00:00:00.000000000
20,Pagado,2003-09-01,1,2548,606,2003-09-01 00:00:00.000000000
20,Pagado,2003-10-01,1,2548,606,2003-10-01 00:00:00.000000000
20,Pagado,2003-11-01,1,2548,606,2003-11-01 00:00:00.000000000
20,Pagado,2003-12-01,1,2548,606,2003-12-01 00:00:00.000000000
20,Pagado,2004-01-01,1,2548,606,2004-01-01 00:00:00.000000000
20,Pagado,2004-08-01,1,2548,606,2004-08-01 00:00:00.000000000
20,Pagado,2004-09-01,1,2548,606,2004-09-01 00:00:00.000000000
20,Pagado,2004-10-01,1,2548,606,2004-10-01 00:00:00.000000000
20,Pagado,2004-11-01,1,2548,606,2004-11-01 00:00:00.000000000
20,Pagado,2005-02-01,1,2548,606,2005-02-01 00:00:00.000000000
40,Pagado,2005-04-01,1,2548,606,2005-03-01 00:00:00.000000000
40,Pagado,2005-06-01,1,2548,606,2005-05-01 00:00:00.000000000
20,Pagado,2005-07-01,1,2548,606,2005-07-01 00:00:00.000000000
60,Pagado,2005-10-01,1,2548,606,2005-08-01 00:00:00.000000000
20,Pagado,2005-11-01,1,2548,606,2005-11-01 00:00:00.000000000
20,Pagado,2005-12-01,1,2548,606,2005-12-01 00:00:00.000000000
140,Pagado,2000-11-01,1,2548,607,2000-05-01 00:00:00.000000000
20,Pagado,2000-12-01,1,2548,607,2000-12-01 00:00:00.000000000
200,Pagado,2001-10-01,1,2548,607,2001-01-01 00:00:00.000000000
180,Pagado,2002-07-01,1,2548,607,2001-11-01 00:00:00.000000000
80,Pagado,2002-11-01,1,2548,607,2002-08-01 00:00:00.000000000
60,Pagado,2003-04-01,1,2548,607,2003-02-01 00:00:00.000000000
60,Pagado,2004-03-01,1,2548,607,2004-01-01 00:00:00.000000000
100,Pagado,2004-08-01,1,2548,607,2004-04-01 00:00:00.000000000
200,Pagado,2005-06-01,1,2548,607,2004-09-01 00:00:00.000000000
200,Pagado,2006-04-01,1,2548,607,2005-07-01 00:00:00.000000000
200,Pagado,2007-02-01,1,2548,607,2006-05-01 00:00:00.000000000
400,Pagado,2008-10-01,1,2548,607,2007-03-01 00:00:00.000000000
20,Pagado,2008-11-01,1,2548,607,2008-11-01 00:00:00.000000000
80,Pagado,2009-03-01,1,2548,607,2008-12-01 00:00:00.000000000
160,Pagado,2009-11-01,1,2548,607,2009-04-01 00:00:00.000000000
260,Pagado,2010-12-01,1,2548,607,2009-12-01 00:00:00.000000000
240,Pagado,2011-12-01,1,2548,607,2011-01-01 00:00:00.000000000
220,Pagado,2012-12-01,1,2548,607,2012-01-01 00:00:00.000000000
260,Pagado,2013-12-01,1,2548,607,2012-12-01 00:00:00.000000000
240,Pagado,2014-12-01,1,2548,607,2014-01-01 00:00:00.000000000
240,Pagado,2016-12-01,1,2548,607,2016-01-01 00:00:00.000000000
240,Pagado,2017-12-01,1,2548,607,2017-01-01 00:00:00.000000000
240,Pagado,2018-12-01,1,2548,607,2018-01-01 00:00:00.000000000
240,Pagado,2019-12-01,1,2548,607,2019-01-01 00:00:00.000000000
180,Pagado,2020-09-01,1,2548,607,2020-01-01 00:00:00.000000000
20,Pagado,2020-10-01,1,2548,607,2020-10-01 00:00:00.000000000
40,Pagado,2020-12-01,1,2548,607,2020-11-01 00:00:00.000000000
240,Pagado,2021-12-01,1,2548,607,2021-01-01 00:00:00.000000000
240,Pagado,2022-12-01,1,2548,607,2022-01-01 00:00:00.000000000
240,Pagado,2023-12-01,1,2548,607,2023-01-01 00:00:00.000000000
360,Pagado,2024-12-01,1,2548,607,2024-01-01 00:00:00.000000000
360,Pagado,2025-12-01,1,2548,607,2025-01-01 00:00:00.000000000
100,Pagado,2000-09-01,1,2548,608,2000-05-01 00:00:00.000000000
20,Pagado,2001-12-01,1,2548,608,2001-12-01 00:00:00.000000000
100,Pagado,2009-03-01,1,2548,608,2008-11-01 00:00:00.000000000
40,Pagado,2009-05-01,1,2548,608,2009-04-01 00:00:00.000000000
100,Pagado,2009-10-01,1,2548,608,2009-06-01 00:00:00.000000000
200,Pagado,2010-08-01,1,2548,608,2009-11-01 00:00:00.000000000
200,Pagado,2011-06-01,1,2548,608,2010-09-01 00:00:00.000000000
100,Pagado,2011-11-01,1,2548,608,2011-07-01 00:00:00.000000000
100,Pagado,2012-04-01,1,2548,608,2011-12-01 00:00:00.000000000
100,Pagado,2012-09-01,1,2548,608,2012-05-01 00:00:00.000000000
200,Pagado,2013-07-01,1,2548,608,2012-10-01 00:00:00.000000000
80,Pagado,2013-11-01,1,2548,608,2013-08-01 00:00:00.000000000
20,Pagado,2013-12-01,1,2548,608,2013-12-01 00:00:00.000000000
100,Pagado,2014-05-01,1,2548,608,2014-01-01 00:00:00.000000000
140,Pagado,2014-12-01,1,2548,608,2014-06-01 00:00:00.000000000
140,Pagado,2015-12-01,1,2548,608,2015-06-01 00:00:00.000000000
200,Pagado,2016-10-01,1,2548,608,2016-01-01 00:00:00.000000000
280,Pagado,2017-12-01,1,2548,608,2016-11-01 00:00:00.000000000
240,Pagado,2018-12-01,1,2548,608,2018-01-01 00:00:00.000000000
180,Pagado,2019-09-01,1,2548,608,2019-01-01 00:00:00.000000000
60,Pagado,2019-12-01,1,2548,608,2019-10-01 00:00:00.000000000
200,Pagado,2020-10-01,1,2548,608,2020-01-01 00:00:00.000000000
40,Pagado,2020-12-01,1,2548,608,2020-11-01 00:00:00.000000000
240,Pagado,2021-12-01,1,2548,608,2021-01-01 00:00:00.000000000
240,Pagado,2022-12-01,1,2548,608,2022-01-01 00:00:00.000000000
240,Pagado,2023-12-01,1,2548,608,2023-01-01 00:00:00.000000000
360,Pagado,2024-12-01,1,2548,608,2024-01-01 00:00:00.000000000
90,Pagado,2025-12-01,1,2548,608,2025-10-01 00:00:00.000000000
20,Pagado,2001-12-01,1,2548,609,2001-12-01 00:00:00.000000000
40,Pagado,2009-02-01,1,2548,609,2009-01-01 00:00:00.000000000
60,Pagado,2009-05-01,1,2548,609,2009-03-01 00:00:00.000000000
40,Pagado,2009-07-01,1,2548,609,2009-06-01 00:00:00.000000000
40,Pagado,2009-09-01,1,2548,609,2009-08-01 00:00:00.000000000
40,Pagado,2009-11-01,1,2548,609,2009-10-01 00:00:00.000000000
100,Pagado,2010-04-01,1,2548,609,2009-12-01 00:00:00.000000000
140,Pagado,2010-11-01,1,2548,609,2010-05-01 00:00:00.000000000
60,Pagado,2011-02-01,1,2548,609,2010-12-01 00:00:00.000000000
40,Pagado,2011-04-01,1,2548,609,2011-03-01 00:00:00.000000000
60,Pagado,2011-07-01,1,2548,609,2011-05-01 00:00:00.000000000
80,Pagado,2011-11-01,1,2548,609,2011-08-01 00:00:00.000000000
80,Pagado,2012-03-01,1,2548,609,2011-12-01 00:00:00.000000000
20,Pagado,2012-04-01,1,2548,609,2012-04-01 00:00:00.000000000
100,Pagado,2012-09-01,1,2548,609,2012-05-01 00:00:00.000000000
40,Pagado,2012-11-01,1,2548,609,2012-10-01 00:00:00.000000000
100,Pagado,2013-04-01,1,2548,609,2012-12-01 00:00:00.000000000
100,Pagado,2013-09-01,1,2548,609,2013-05-01 00:00:00.000000000
40,Pagado,2013-11-01,1,2548,609,2013-10-01 00:00:00.000000000
240,Pagado,2014-11-01,1,2548,609,2013-12-01 00:00:00.000000000
100,Pagado,2015-04-01,1,2548,609,2014-12-01 00:00:00.000000000
220,Pagado,2016-11-01,1,2548,609,2016-01-01 00:00:00.000000000
120,Pagado,2017-05-01,1,2548,609,2016-12-01 00:00:00.000000000
240,Pagado,2018-05-01,1,2548,609,2017-06-01 00:00:00.000000000
100,Pagado,2018-10-01,1,2548,609,2018-06-01 00:00:00.000000000
220,Pagado,2019-09-01,1,2548,609,2018-11-01 00:00:00.000000000
60,Pagado,2019-12-01,1,2548,609,2019-10-01 00:00:00.000000000
20,Pagado,2020-01-01,1,2548,609,2020-01-01 00:00:00.000000000
200,Pagado,2020-11-01,1,2548,609,2020-02-01 00:00:00.000000000
220,Pagado,2021-10-01,1,2548,609,2020-12-01 00:00:00.000000000
160,Pagado,2023-12-01,1,2548,609,2023-05-01 00:00:00.000000000
60,Pagado,2024-02-01,1,2548,609,2024-01-01 00:00:00.000000000
300,Pagado,2024-12-01,1,2548,609,2024-03-01 00:00:00.000000000
90,Pagado,2025-12-01,1,2548,609,2025-10-01 00:00:00.000000000
980,Pagado,2005-11-01,1,2548,610,2001-01-01 00:00:00.000000000
20,Pagado,2005-12-01,1,2548,610,2005-12-01 00:00:00.000000000
80,Pagado,2006-04-01,1,2548,610,2006-01-01 00:00:00.000000000
660,Pagado,2003-09-01,1,2548,611,2001-01-01 00:00:00.000000000
100,Pagado,2004-04-01,1,2548,611,2003-12-01 00:00:00.000000000
140,Pagado,2004-11-01,1,2548,611,2004-05-01 00:00:00.000000000
40,Pagado,2005-01-01,1,2548,611,2004-12-01 00:00:00.000000000
60,Pagado,2005-04-01,1,2548,611,2005-02-01 00:00:00.000000000
40,Pagado,2005-06-01,1,2548,611,2005-05-01 00:00:00.000000000
20,Pagado,2005-07-01,1,2548,611,2005-07-01 00:00:00.000000000
60,Pagado,2005-10-01,1,2548,611,2005-08-01 00:00:00.000000000
240,Pagado,2006-10-01,1,2548,611,2005-11-01 00:00:00.000000000
20,Pagado,2006-11-01,1,2548,611,2006-11-01 00:00:00.000000000
20,Pagado,2006-12-01,1,2548,611,2006-12-01 00:00:00.000000000
40,Pagado,2007-02-01,1,2548,611,2007-01-01 00:00:00.000000000
120,Pagado,2007-08-01,1,2548,611,2007-03-01 00:00:00.000000000
60,Pagado,2007-11-01,1,2548,611,2007-09-01 00:00:00.000000000
520,Pagado,2010-06-01,1,2548,611,2008-05-01 00:00:00.000000000
100,Pagado,2010-11-01,1,2548,611,2010-07-01 00:00:00.000000000
60,Pagado,2011-02-01,1,2548,611,2010-12-01 00:00:00.000000000
200,Pagado,2011-12-01,1,2548,611,2011-03-01 00:00:00.000000000
240,Pagado,2012-12-01,1,2548,611,2012-01-01 00:00:00.000000000
200,Pagado,2013-10-01,1,2548,611,2013-01-01 00:00:00.000000000
40,Pagado,2013-12-01,1,2548,611,2013-11-01 00:00:00.000000000
240,Pagado,2014-12-01,1,2548,611,2014-01-01 00:00:00.000000000
40,Pagado,2015-12-01,1,2548,611,2015-11-01 00:00:00.000000000
240,Pagado,2016-12-01,1,2548,611,2016-01-01 00:00:00.000000000
140,Pagado,2017-07-01,1,2548,611,2017-01-01 00:00:00.000000000
100,Pagado,2017-12-01,1,2548,611,2017-08-01 00:00:00.000000000
240,Pagado,2018-12-01,1,2548,611,2018-01-01 00:00:00.000000000
240,Pagado,2019-12-01,1,2548,611,2019-01-01 00:00:00.000000000
240,Pagado,2020-12-01,1,2548,611,2020-01-01 00:00:00.000000000
140,Pagado,2021-07-01,1,2548,611,2021-01-01 00:00:00.000000000
100,Pagado,2021-12-01,1,2548,611,2021-08-01 00:00:00.000000000
240,Pagado,2022-12-01,1,2548,611,2022-01-01 00:00:00.000000000
240,Pagado,2023-12-01,1,2548,611,2023-01-01 00:00:00.000000000
360,Pagado,2024-12-01,1,2548,611,2024-01-01 00:00:00.000000000
360,Pagado,2025-12-01,1,2548,611,2025-01-01 00:00:00.000000000
480,Pagado,2002-12-01,1,2548,612,2001-01-01 00:00:00.000000000
20,Pagado,2003-01-01,1,2548,612,2003-01-01 00:00:00.000000000
20,Pagado,2003-02-01,1,2548,612,2003-02-01 00:00:00.000000000
100,Pagado,2003-07-01,1,2548,612,2003-03-01 00:00:00.000000000
560,Pagado,2005-11-01,1,2548,612,2003-08-01 00:00:00.000000000
800,Pagado,2003-09-01,1,2548,613,2000-06-01 00:00:00.000000000
200,Pagado,2004-07-01,1,2548,613,2003-10-01 00:00:00.000000000
480,Pagado,2000-05-01,1,2548,614,2000-06-01 00:00:00.000000000
20,Pagado,2002-06-01,1,2548,614,2002-06-01 00:00:00.000000000
20,Pagado,2002-07-01,1,2548,614,2002-07-01 00:00:00.000000000
20,Pagado,2002-08-01,1,2548,614,2002-08-01 00:00:00.000000000
80,Pagado,2002-12-01,1,2548,614,2002-09-01 00:00:00.000000000
20,Pagado,2003-01-01,1,2548,614,2003-01-01 00:00:00.000000000
120,Pagado,2003-07-01,1,2548,614,2003-02-01 00:00:00.000000000
20,Pagado,2003-08-01,1,2548,614,2003-08-01 00:00:00.000000000
20,Pagado,2003-09-01,1,2548,614,2003-09-01 00:00:00.000000000
20,Pagado,2003-10-01,1,2548,614,2003-10-01 00:00:00.000000000
20,Pagado,2003-11-01,1,2548,614,2003-11-01 00:00:00.000000000
20,Pagado,2003-12-01,1,2548,614,2003-12-01 00:00:00.000000000
20,Pagado,2004-01-01,1,2548,614,2004-01-01 00:00:00.000000000
100,Pagado,2004-06-01,1,2548,614,2014-02-01 00:00:00.000000000
100,Pagado,2004-11-01,1,2548,614,2004-07-01 00:00:00.000000000
100,Pagado,2005-04-01,1,2548,614,2004-12-01 00:00:00.000000000
100,Pagado,2005-09-01,1,2548,614,2005-05-01 00:00:00.000000000
100,Pagado,2006-02-01,1,2548,614,2005-10-01 00:00:00.000000000
40,Pagado,2006-04-01,1,2548,614,2006-03-01 00:00:00.000000000
100,Pagado,2006-09-01,1,2548,614,2006-05-01 00:00:00.000000000
20,Pagado,2006-10-01,1,2548,614,2006-10-01 00:00:00.000000000
60,Pagado,2007-01-01,1,2548,614,2006-11-01 00:00:00.000000000
60,Pagado,2011-02-01,1,2548,614,2010-12-01 00:00:00.000000000
760,Pagado,2011-12-01,1,2548,614,2008-11-01 00:00:00.000000000
160,Pagado,2012-08-01,1,2548,614,2012-01-01 00:00:00.000000000
80,Pagado,2012-12-01,1,2548,614,2012-09-01 00:00:00.000000000
240,Pagado,2013-12-01,1,2548,614,2013-01-01 00:00:00.000000000
240,Pagado,2014-12-01,1,2548,614,2014-01-01 00:00:00.000000000
240,Pagado,2015-12-01,1,2548,614,2015-01-01 00:00:00.000000000
100,Pagado,2016-05-01,1,2548,614,2016-01-01 00:00:00.000000000
140,Pagado,2016-12-01,1,2548,614,2016-06-01 00:00:00.000000000
240,Pagado,2017-12-01,1,2548,614,2017-01-01 00:00:00.000000000
240,Pagado,2018-12-01,1,2548,614,2018-01-01 00:00:00.000000000
480,Pagado,2020-12-01,1,2548,614,2019-01-01 00:00:00.000000000
240,Pagado,2021-12-01,1,2548,614,2021-01-01 00:00:00.000000000
120,Pagado,2022-06-01,1,2548,614,2022-01-01 00:00:00.000000000
120,Pagado,2022-12-01,1,2548,614,2022-07-01 00:00:00.000000000
100,Pagado,2023-05-01,1,2548,614,2023-01-01 00:00:00.000000000
140,Pagado,2023-12-01,1,2548,614,2023-06-01 00:00:00.000000000
360,Pagado,2024-12-01,1,2548,614,2024-01-01 00:00:00.000000000
100,Pagado,2001-03-01,1,2548,615,2000-06-01 00:00:00.000000000
440,Pagado,2003-01-01,1,2548,615,2001-04-01 00:00:00.000000000
80,Pagado,2003-05-01,1,2548,615,2003-02-01 00:00:00.000000000
140,Pagado,2003-12-01,1,2548,615,2003-06-01 00:00:00.000000000
200,Pagado,2004-10-01,1,2548,615,2004-01-01 00:00:00.000000000
20,Pagado,2004-11-01,1,2548,615,2004-11-01 00:00:00.000000000
900,Pagado,2004-02-01,1,2548,616,2000-06-01 00:00:00.000000000
100,Pagado,2004-10-01,1,2548,616,2004-06-01 00:00:00.000000000
20,Pagado,2001-12-01,1,2548,617,2001-12-01 00:00:00.000000000
60,Pagado,2004-06-01,1,2548,617,2004-04-01 00:00:00.000000000
40,Pagado,2004-08-01,1,2548,617,2004-07-01 00:00:00.000000000
40,Pagado,2004-10-01,1,2548,617,2004-09-01 00:00:00.000000000
40,Pagado,2004-12-01,1,2548,617,2004-11-01 00:00:00.000000000
40,Pagado,2005-02-01,1,2548,617,2005-01-01 00:00:00.000000000
40,Pagado,2005-04-01,1,2548,617,2005-03-01 00:00:00.000000000
617,Pagado,2005-05-01,1,2548,617,2005-05-01 00:00:00.000000000
40,Pagado,2005-07-01,1,2548,617,2005-06-01 00:00:00.000000000
40,Pagado,2005-09-01,1,2548,617,2005-08-01 00:00:00.000000000
40,Pagado,2005-11-01,1,2548,617,2005-10-01 00:00:00.000000000
40,Pagado,2006-01-01,1,2548,617,2005-12-01 00:00:00.000000000
60,Pagado,2006-04-01,1,2548,617,2006-02-01 00:00:00.000000000
40,Pagado,2006-06-01,1,2548,617,2006-05-01 00:00:00.000000000
40,Pagado,2006-08-01,1,2548,617,2006-07-01 00:00:00.000000000
40,Pagado,2006-10-01,1,2548,617,2006-09-01 00:00:00.000000000
40,Pagado,2006-12-01,1,2548,617,2006-11-01 00:00:00.000000000
60,Pagado,2007-03-01,1,2548,617,2007-01-01 00:00:00.000000000
40,Pagado,2007-05-01,1,2548,617,2007-04-01 00:00:00.000000000
40,Pagado,2007-07-01,1,2548,617,2007-06-01 00:00:00.000000000
40,Pagado,2007-09-01,1,2548,617,2007-08-01 00:00:00.000000000
20,Pagado,2007-10-01,1,2548,617,2007-10-01 00:00:00.000000000
280,Pagado,2007-12-01,1,2548,617,2006-11-01 00:00:00.000000000
40,Pagado,2007-12-01,1,2548,617,2007-11-01 00:00:00.000000000
60,Pagado,2008-02-01,1,2548,617,2007-12-01 00:00:00.000000000
60,Pagado,2008-05-01,1,2548,617,2008-03-01 00:00:00.000000000
40,Pagado,2008-07-01,1,2548,617,2008-06-01 00:00:00.000000000
40,Pagado,2008-09-01,1,2548,617,2008-08-01 00:00:00.000000000
40,Pagado,2008-11-01,1,2548,617,2008-10-01 00:00:00.000000000
40,Pagado,2009-01-01,1,2548,617,2008-12-01 00:00:00.000000000
60,Pagado,2009-04-01,1,2548,617,2009-02-01 00:00:00.000000000
60,Pagado,2009-07-01,1,2548,617,2009-05-01 00:00:00.000000000
40,Pagado,2009-09-01,1,2548,617,2009-08-01 00:00:00.000000000
40,Pagado,2009-11-01,1,2548,617,2009-10-01 00:00:00.000000000
40,Pagado,2010-01-01,1,2548,617,2009-12-01 00:00:00.000000000
40,Pagado,2010-03-01,1,2548,617,2010-02-01 00:00:00.000000000
40,Pagado,2010-05-01,1,2548,617,2010-04-01 00:00:00.000000000
40,Pagado,2010-07-01,1,2548,617,2010-06-01 00:00:00.000000000
40,Pagado,2010-09-01,1,2548,617,2010-08-01 00:00:00.000000000
40,Pagado,2010-11-01,1,2548,617,2010-10-01 00:00:00.000000000
40,Pagado,2011-04-01,1,2548,617,2011-03-01 00:00:00.000000000
60,Pagado,2011-07-01,1,2548,617,2011-05-01 00:00:00.000000000
60,Pagado,2011-10-01,1,2548,617,2011-08-01 00:00:00.000000000
40,Pagado,2011-12-01,1,2548,617,2011-11-01 00:00:00.000000000
40,Pagado,2012-02-01,1,2548,617,2012-01-01 00:00:00.000000000
40,Pagado,2012-04-01,1,2548,617,2012-03-01 00:00:00.000000000
40,Pagado,2012-06-01,1,2548,617,2012-05-01 00:00:00.000000000
60,Pagado,2012-09-01,1,2548,617,2012-07-01 00:00:00.000000000
40,Pagado,2012-11-01,1,2548,617,2012-10-01 00:00:00.000000000
40,Pagado,2013-02-01,1,2548,617,2013-01-01 00:00:00.000000000
40,Pagado,2013-04-01,1,2548,617,2013-03-01 00:00:00.000000000
40,Pagado,2013-06-01,1,2548,617,2013-05-01 00:00:00.000000000
60,Pagado,2013-09-01,1,2548,617,2013-07-01 00:00:00.000000000
40,Pagado,2013-11-01,1,2548,617,2013-10-01 00:00:00.000000000
60,Pagado,2014-02-01,1,2548,617,2013-12-01 00:00:00.000000000
80,Pagado,2014-06-01,1,2548,617,2014-03-01 00:00:00.000000000
60,Pagado,2014-09-01,1,2548,617,2014-07-01 00:00:00.000000000
40,Pagado,2014-11-01,1,2548,617,2014-10-01 00:00:00.000000000
40,Pagado,2015-01-01,1,2548,617,2014-12-01 00:00:00.000000000
40,Pagado,2015-03-01,1,2548,617,2015-02-01 00:00:00.000000000
40,Pagado,2015-05-01,1,2548,617,2015-04-01 00:00:00.000000000
40,Pagado,2015-07-01,1,2548,617,2015-06-01 00:00:00.000000000
60,Pagado,2015-10-01,1,2548,617,2015-08-01 00:00:00.000000000
40,Pagado,2015-12-01,1,2548,617,2015-11-01 00:00:00.000000000
60,Pagado,2016-03-01,1,2548,617,2016-01-01 00:00:00.000000000
60,Pagado,2016-06-01,1,2548,617,2016-04-01 00:00:00.000000000
100,Pagado,2016-11-01,1,2548,617,2016-07-01 00:00:00.000000000
20,Pagado,2016-12-01,1,2548,617,2016-12-01 00:00:00.000000000
100,Pagado,2017-05-01,1,2548,617,2017-01-01 00:00:00.000000000
100,Pagado,2017-10-01,1,2548,617,2017-06-01 00:00:00.000000000
40,Pagado,2017-12-01,1,2548,617,2017-11-01 00:00:00.000000000
200,Pagado,2018-10-01,1,2548,617,2018-01-01 00:00:00.000000000
40,Pagado,2018-12-01,1,2548,617,2018-11-01 00:00:00.000000000
200,Pagado,2019-10-01,1,2548,617,2019-01-01 00:00:00.000000000
40,Pagado,2019-12-01,1,2548,617,2019-11-01 00:00:00.000000000
100,Pagado,2020-05-01,1,2548,617,2020-01-01 00:00:00.000000000
100,Pagado,2020-10-01,1,2548,617,2020-06-01 00:00:00.000000000
40,Pagado,2020-12-01,1,2548,617,2020-11-01 00:00:00.000000000
100,Pagado,2021-05-01,1,2548,617,2021-01-01 00:00:00.000000000
100,Pagado,2021-10-01,1,2548,617,2021-06-01 00:00:00.000000000
40,Pagado,2021-12-01,1,2548,617,2021-11-01 00:00:00.000000000
80,Pagado,2022-04-01,1,2548,617,2022-01-01 00:00:00.000000000
100,Pagado,2022-09-01,1,2548,617,2022-05-01 00:00:00.000000000
60,Pagado,2022-12-01,1,2548,617,2022-10-01 00:00:00.000000000
100,Pagado,2023-05-01,1,2548,617,2023-01-01 00:00:00.000000000
140,Pagado,2023-12-01,1,2548,617,2023-06-01 00:00:00.000000000
180,Pagado,2024-06-01,1,2548,617,2024-01-01 00:00:00.000000000
90,Pagado,2024-09-01,1,2548,617,2024-07-01 00:00:00.000000000
90,Pagado,2024-12-01,1,2548,617,2024-10-01 00:00:00.000000000
180,Pagado,2025-06-01,1,2548,617,2025-01-01 00:00:00.000000000
180,Pagado,2025-12-01,1,2548,617,2025-07-01 00:00:00.000000000
180,Pagado,2026-06-01,1,2548,617,2026-01-01 00:00:00.000000000
640,Pagado,2003-02-01,1,2548,618,2000-07-01 00:00:00.000000000
120,Pagado,2002-06-01,1,2548,619,2002-01-01 00:00:00.000000000
140,Pagado,2003-01-01,1,2548,619,2002-07-01 00:00:00.000000000
220,Pagado,2003-12-01,1,2548,619,2003-02-01 00:00:00.000000000
240,Pagado,2004-12-01,1,2548,619,2004-01-01 00:00:00.000000000
40,Pagado,2000-07-01,1,2548,620,2000-06-01 00:00:00.000000000
200,Pagado,2000-12-01,1,2548,620,2000-08-01 00:00:00.000000000
100,Pagado,2001-05-01,1,2548,620,2001-01-01 00:00:00.000000000
240,Pagado,2002-05-01,1,2548,620,2001-06-01 00:00:00.000000000
320,Pagado,2003-09-01,1,2548,620,2002-06-01 00:00:00.000000000
40,Pagado,2003-11-01,1,2548,620,2003-10-01 00:00:00.000000000
20,Pagado,2003-12-01,1,2548,620,2003-12-01 00:00:00.000000000
40,Pagado,2004-02-01,1,2548,620,2004-01-01 00:00:00.000000000
20,Pagado,2004-09-01,1,2548,620,2004-09-01 00:00:00.000000000
40,Pagado,2004-11-01,1,2548,620,2004-10-01 00:00:00.000000000
20,Pagado,2004-12-01,1,2548,620,2004-12-01 00:00:00.000000000
20,Pagado,2005-01-01,1,2548,620,2005-01-01 00:00:00.000000000
200,Pagado,2005-11-01,1,2548,620,2005-02-01 00:00:00.000000000
100,Pagado,2006-04-01,1,2548,620,2005-12-01 00:00:00.000000000
100,Pagado,2006-09-01,1,2548,620,2006-05-01 00:00:00.000000000
100,Pagado,2007-02-01,1,2548,620,2006-10-01 00:00:00.000000000
100,Pagado,2007-02-01,1,2548,620,2016-10-01 00:00:00.000000000
420,Pagado,2008-11-01,1,2548,620,2007-03-01 00:00:00.000000000
240,Pagado,2009-11-01,1,2548,620,2008-12-01 00:00:00.000000000
200,Pagado,2010-09-01,1,2548,620,2009-12-01 00:00:00.000000000
200,Pagado,2011-07-01,1,2548,620,2010-10-01 00:00:00.000000000
160,Pagado,2012-03-01,1,2548,620,2011-08-01 00:00:00.000000000
140,Pagado,2012-10-01,1,2548,620,2012-04-01 00:00:00.000000000
40,Pagado,2012-12-01,1,2548,620,2012-11-01 00:00:00.000000000
60,Pagado,2013-03-01,1,2548,620,2013-01-01 00:00:00.000000000
180,Pagado,2013-12-01,1,2548,620,2013-04-01 00:00:00.000000000
240,Pagado,2014-12-01,1,2548,620,2014-01-01 00:00:00.000000000
120,Pagado,2015-06-01,1,2548,620,2015-01-01 00:00:00.000000000
100,Pagado,2015-11-01,1,2548,620,2015-07-01 00:00:00.000000000
100,Pagado,2016-04-01,1,2548,620,2015-12-01 00:00:00.000000000
100,Pagado,2016-09-01,1,2548,620,2016-05-01 00:00:00.000000000
100,Pagado,2017-07-01,1,2548,620,2017-03-01 00:00:00.000000000
100,Pagado,2017-12-01,1,2548,620,2017-08-01 00:00:00.000000000
40,Pagado,2018-02-01,1,2548,620,2018-01-01 00:00:00.000000000
40,Pagado,2018-04-01,1,2548,620,2018-03-01 00:00:00.000000000
40,Pagado,2018-06-01,1,2548,620,2018-05-01 00:00:00.000000000
40,Pagado,2018-08-01,1,2548,620,2018-07-01 00:00:00.000000000
40,Pagado,2018-10-01,1,2548,620,2018-09-01 00:00:00.000000000
40,Pagado,2018-12-01,1,2548,620,2018-11-01 00:00:00.000000000
240,Pagado,2019-12-01,1,2548,620,2019-01-01 00:00:00.000000000
240,Pagado,2020-12-01,1,2548,620,2020-01-01 00:00:00.000000000
160,Pagado,2021-08-01,1,2548,620,2021-01-01 00:00:00.000000000
320,Pagado,2022-12-01,1,2548,620,2021-09-01 00:00:00.000000000
240,Pagado,2023-12-01,1,2548,620,2023-01-01 00:00:00.000000000
360,Pagado,2024-12-01,1,2548,620,2024-01-01 00:00:00.000000000
360,Pagado,2025-12-01,1,2548,620,2025-01-01 00:00:00.000000000
400,Pagado,2002-04-01,1,2548,621,2000-09-01 00:00:00.000000000
320,Pagado,2003-08-01,1,2548,621,2002-05-01 00:00:00.000000000
20,Pagado,2003-09-01,1,2548,621,2003-09-01 00:00:00.000000000
20,Pagado,2003-10-01,1,2548,621,2003-10-01 00:00:00.000000000
20,Pagado,2003-11-01,1,2548,621,2003-11-01 00:00:00.000000000
80,Pagado,2001-12-01,1,2548,622,2001-09-01 00:00:00.000000000
120,Pagado,2002-06-01,1,2548,622,2002-01-01 00:00:00.000000000
400,Pagado,2004-02-01,1,2548,622,2002-07-01 00:00:00.000000000
900,Pagado,2007-11-01,1,2548,622,2004-03-01 00:00:00.000000000
980,Pagado,2011-12-01,1,2548,622,2007-12-01 00:00:00.000000000
500,Pagado,2014-01-01,1,2548,622,2012-01-01 00:00:00.000000000
1000,Pagado,2018-03-01,1,2548,622,2014-02-01 00:00:00.000000000
240,Pagado,2019-03-01,1,2548,622,2018-04-01 00:00:00.000000000
500,Pagado,2021-04-01,1,2548,622,2019-04-01 00:00:00.000000000
400,Pagado,2022-12-01,1,2548,622,2021-05-01 00:00:00.000000000
200,Pagado,2023-10-01,1,2548,622,2023-01-01 00:00:00.000000000
40,Pagado,2023-12-01,1,2548,622,2023-10-01 00:00:00.000000000
360,Pagado,2024-12-01,1,2548,622,2024-01-01 00:00:00.000000000
90,Pagado,2025-12-01,1,2548,622,2025-10-01 00:00:00.000000000
680,Pagado,2003-04-01,1,2548,623,2000-07-01 00:00:00.000000000
500,Pagado,2005-05-01,1,2548,623,2003-05-01 00:00:00.000000000
60,Pagado,2000-10-01,1,2548,626,2000-08-01 00:00:00.000000000
20,Pagado,2000-11-01,1,2548,626,2000-11-01 00:00:00.000000000
20,Pagado,2000-12-01,1,2548,626,2000-12-01 00:00:00.000000000
20,Pagado,2001-01-01,1,2548,626,2001-01-01 00:00:00.000000000
20,Pagado,2001-02-01,1,2548,626,2001-02-01 00:00:00.000000000
40,Pagado,2002-01-01,1,2548,626,2001-12-01 00:00:00.000000000
20,Pagado,2000-07-01,1,2548,627,2000-07-01 00:00:00.000000000
20,Pagado,2000-09-01,1,2548,627,2000-09-01 00:00:00.000000000
20,Pagado,2000-10-01,1,2548,627,2000-10-01 00:00:00.000000000
20,Pagado,2000-11-01,1,2548,627,2000-11-01 00:00:00.000000000
100,Pagado,2001-04-01,1,2548,627,2000-12-01 00:00:00.000000000
40,Pagado,2000-12-01,1,2548,628,2000-11-01 00:00:00.000000000
20,Pagado,2001-01-01,1,2548,628,2001-01-01 00:00:00.000000000
500,Pagado,2003-02-01,1,2548,628,2001-02-01 00:00:00.000000000
400,Pagado,2004-10-01,1,2548,628,2003-03-01 00:00:00.000000000
300,Pagado,2006-01-01,1,2548,628,2004-11-01 00:00:00.000000000
80,Pagado,2000-11-01,1,2548,629,2000-08-01 00:00:00.000000000
100,Pagado,2000-12-01,1,2548,629,2000-08-01 00:00:00.000000000
200,Pagado,2002-10-01,1,2548,629,2002-01-01 00:00:00.000000000
60,Pagado,2003-03-01,1,2548,629,2002-11-01 00:00:00.000000000
100,Pagado,2003-06-01,1,2548,629,2003-02-01 00:00:00.000000000
60,Pagado,2003-09-01,1,2548,629,2003-07-01 00:00:00.000000000
20,Pagado,2003-10-01,1,2548,629,2003-10-01 00:00:00.000000000
40,Pagado,2003-12-01,1,2548,629,2003-11-01 00:00:00.000000000
629,Pagado,2004-01-01,1,2548,629,2004-01-01 00:00:00.000000000
100,Pagado,2004-11-01,1,2548,629,2004-07-01 00:00:00.000000000
80,Pagado,2005-03-01,1,2548,629,2004-12-01 00:00:00.000000000
40,Pagado,2005-05-01,1,2548,629,2005-04-01 00:00:00.000000000
40,Pagado,2005-07-01,1,2548,629,2005-06-01 00:00:00.000000000
100,Pagado,2005-12-01,1,2548,629,2005-08-01 00:00:00.000000000
200,Pagado,2006-10-01,1,2548,629,2006-01-01 00:00:00.000000000
60,Pagado,2007-01-01,1,2548,629,2006-11-01 00:00:00.000000000
200,Pagado,2008-11-01,1,2548,629,2008-02-01 00:00:00.000000000
20,Pagado,2001-12-01,1,2548,630,2001-12-01 00:00:00.000000000
100,Pagado,2000-12-01,1,2548,631,2000-08-01 00:00:00.000000000
100,Pagado,2001-12-01,1,2548,631,2001-06-01 00:00:00.000000000
100,Pagado,2002-03-01,1,2548,631,2001-11-01 00:00:00.000000000
100,Pagado,2003-01-01,1,2548,631,2002-09-01 00:00:00.000000000
100,Pagado,2003-06-01,1,2548,631,2003-02-01 00:00:00.000000000
100,Pagado,2003-11-01,1,2548,631,2003-07-01 00:00:00.000000000
100,Pagado,2004-04-01,1,2548,631,2003-12-01 00:00:00.000000000
100,Pagado,2004-05-01,1,2548,631,2004-01-01 00:00:00.000000000
200,Pagado,2005-02-01,1,2548,631,2004-05-01 00:00:00.000000000
100,Pagado,2005-07-01,1,2548,631,2005-03-01 00:00:00.000000000
100,Pagado,2005-11-01,1,2548,631,2005-08-01 00:00:00.000000000
100,Pagado,2006-05-01,1,2548,631,2006-01-01 00:00:00.000000000
100,Pagado,2006-10-01,1,2548,631,2006-06-01 00:00:00.000000000
100,Pagado,2007-03-01,1,2548,631,2006-11-01 00:00:00.000000000
100,Pagado,2007-08-01,1,2548,631,2007-04-01 00:00:00.000000000
80,Pagado,2007-12-01,1,2548,631,2007-09-01 00:00:00.000000000
100,Pagado,2008-03-01,1,2548,631,2008-01-01 00:00:00.000000000
100,Pagado,2008-10-01,1,2548,631,2008-06-01 00:00:00.000000000
240,Pagado,2010-12-01,1,2548,631,2010-01-01 00:00:00.000000000
240,Pagado,2011-12-01,1,2548,631,2011-01-01 00:00:00.000000000
100,Pagado,2012-05-01,1,2548,631,2012-01-01 00:00:00.000000000
100,Pagado,2012-10-01,1,2548,631,2012-06-01 00:00:00.000000000
100,Pagado,2013-03-01,1,2548,631,2012-11-01 00:00:00.000000000
100,Pagado,2013-08-01,1,2548,631,2013-04-01 00:00:00.000000000
100,Pagado,2014-01-01,1,2548,631,2013-09-01 00:00:00.000000000
100,Pagado,2014-06-01,1,2548,631,2014-02-01 00:00:00.000000000
100,Pagado,2014-11-01,1,2548,631,2014-07-01 00:00:00.000000000
100,Pagado,2015-04-01,1,2548,631,2014-12-01 00:00:00.000000000
100,Pagado,2016-02-01,1,2548,631,2015-10-01 00:00:00.000000000
200,Pagado,2016-12-01,1,2548,631,2016-03-01 00:00:00.000000000
200,Pagado,2017-10-01,1,2548,631,2017-01-01 00:00:00.000000000
100,Pagado,2018-03-01,1,2548,631,2017-11-01 00:00:00.000000000
200,Pagado,2019-01-01,1,2548,631,2018-04-01 00:00:00.000000000
220,Pagado,2019-12-01,1,2548,631,2019-02-01 00:00:00.000000000
100,Pagado,2020-05-01,1,2548,631,2020-01-01 00:00:00.000000000
100,Pagado,2020-10-01,1,2548,631,2020-06-01 00:00:00.000000000
40,Pagado,2020-12-01,1,2548,631,2020-11-01 00:00:00.000000000
20,Pagado,2021-01-01,1,2548,631,2021-01-01 00:00:00.000000000
160,Pagado,2021-09-01,1,2548,631,2021-02-01 00:00:00.000000000
140,Pagado,2022-04-01,1,2548,631,2021-10-01 00:00:00.000000000
100,Pagado,2022-09-01,1,2548,631,2022-05-01 00:00:00.000000000
100,Pagado,2023-02-01,1,2548,631,2022-10-01 00:00:00.000000000
100,Pagado,2023-07-01,1,2548,631,2023-03-01 00:00:00.000000000
100,Pagado,2023-12-01,1,2548,631,2023-08-01 00:00:00.000000000
120,Pagado,2024-04-01,1,2548,631,2024-01-01 00:00:00.000000000
240,Pagado,2024-12-01,1,2548,631,2024-05-01 00:00:00.000000000
210,Pagado,2025-07-01,1,2548,631,2025-01-01 00:00:00.000000000
150,Pagado,2025-12-01,1,2548,631,2025-08-01 00:00:00.000000000
120,Pagado,2026-04-01,1,2548,631,2026-01-01 00:00:00.000000000
120,Pagado,2001-06-01,1,2548,633,2001-03-01 00:00:00.000000000
100,Pagado,2002-02-01,1,2548,633,2001-10-01 00:00:00.000000000
160,Pagado,2002-10-01,1,2548,633,2002-03-01 00:00:00.000000000
200,Pagado,2003-08-01,1,2548,633,2002-11-01 00:00:00.000000000
100,Pagado,2004-01-01,1,2548,633,2003-09-01 00:00:00.000000000
100,Pagado,2005-04-01,1,2548,633,2004-12-01 00:00:00.000000000
40,Pagado,2005-06-01,1,2548,633,2005-05-01 00:00:00.000000000
200,Pagado,2006-04-01,1,2548,633,2005-07-01 00:00:00.000000000
60,Pagado,2006-07-01,1,2548,633,2006-05-01 00:00:00.000000000
180,Pagado,2007-01-01,1,2548,633,2006-05-01 00:00:00.000000000
100,Pagado,2007-06-01,1,2548,633,2007-02-01 00:00:00.000000000
200,Pagado,2008-04-01,1,2548,633,2007-07-01 00:00:00.000000000
80,Pagado,2008-08-01,1,2548,633,2008-05-01 00:00:00.000000000
500,Pagado,2010-09-01,1,2548,633,2008-09-01 00:00:00.000000000
300,Pagado,2011-12-01,1,2548,633,2010-10-01 00:00:00.000000000
60,Pagado,2012-03-01,1,2548,633,2012-01-01 00:00:00.000000000
280,Pagado,2013-05-01,1,2548,633,2012-04-01 00:00:00.000000000
140,Pagado,2013-12-01,1,2548,633,2013-06-01 00:00:00.000000000
240,Pagado,2014-12-01,1,2548,633,2014-01-01 00:00:00.000000000
240,Pagado,2015-12-01,1,2548,633,2015-01-01 00:00:00.000000000
540,Pagado,2018-03-01,1,2548,633,2016-01-01 00:00:00.000000000
840,Pagado,2021-09-01,1,2548,633,2018-04-01 00:00:00.000000000
60,Pagado,2021-12-01,1,2548,633,2021-10-01 00:00:00.000000000
240,Pagado,2022-12-01,1,2548,633,2022-01-01 00:00:00.000000000
600,Pagado,2024-12-01,1,2548,633,2023-01-01 00:00:00.000000000
360,Pagado,2025-12-01,1,2548,633,2025-01-01 00:00:00.000000000
120,Pagado,2001-07-01,1,2548,634,2000-08-01 00:00:00.000000000
40,Pagado,2002-01-01,1,2548,635,2001-12-01 00:00:00.000000000
20,Pagado,2002-02-01,1,2548,635,2002-02-01 00:00:00.000000000
40,Pagado,2002-03-01,1,2548,635,2002-02-01 00:00:00.000000000
360,Pagado,2002-02-01,1,2548,637,2000-09-01 00:00:00.000000000
240,Pagado,2002-12-01,1,2548,638,2002-01-01 00:00:00.000000000
500,Pagado,2005-01-01,1,2548,638,2003-01-01 00:00:00.000000000
100,Pagado,2004-10-01,1,2548,639,2004-06-01 00:00:00.000000000
220,Pagado,2007-06-01,1,2548,639,2006-08-01 00:00:00.000000000
40,Pagado,2007-08-01,1,2548,639,2007-07-01 00:00:00.000000000
80,Pagado,2007-12-01,1,2548,639,2007-09-01 00:00:00.000000000
480,Pagado,2009-12-01,1,2548,639,2008-01-01 00:00:00.000000000
500,Pagado,2012-01-01,1,2548,639,2010-01-01 00:00:00.000000000
280,Pagado,2015-04-01,1,2548,639,2014-03-01 00:00:00.000000000
1000,Pagado,2019-06-01,1,2548,639,2015-05-01 00:00:00.000000000
300,Pagado,2001-11-01,1,2548,640,2000-09-01 00:00:00.000000000
100,Pagado,2002-06-01,1,2548,640,2002-02-01 00:00:00.000000000
200,Pagado,2004-04-01,1,2548,640,2003-07-01 00:00:00.000000000
100,Pagado,2004-09-01,1,2548,640,2004-05-01 00:00:00.000000000
40,Pagado,2004-11-01,1,2548,640,2004-10-01 00:00:00.000000000
20,Pagado,2004-12-01,1,2548,640,2004-12-01 00:00:00.000000000
80,Pagado,2005-04-01,1,2548,640,2005-01-01 00:00:00.000000000
20,Pagado,2005-05-01,1,2548,640,2005-05-01 00:00:00.000000000
100,Pagado,2005-10-01,1,2548,640,2005-06-01 00:00:00.000000000
120,Pagado,2005-11-01,1,2548,640,2005-06-01 00:00:00.000000000
500,Pagado,2007-11-01,1,2548,640,2005-11-01 00:00:00.000000000
60,Pagado,2008-07-01,1,2548,640,2008-05-01 00:00:00.000000000
100,Pagado,2008-12-01,1,2548,640,2008-08-01 00:00:00.000000000
200,Pagado,2002-05-01,1,2548,641,2001-08-01 00:00:00.000000000
40,Pagado,2002-07-01,1,2548,641,2001-06-01 00:00:00.000000000
100,Pagado,2002-10-01,1,2548,641,2002-06-01 00:00:00.000000000
720,Pagado,2005-10-01,1,2548,641,2002-11-01 00:00:00.000000000
600,Pagado,2008-04-01,1,2548,641,2005-11-01 00:00:00.000000000
300,Pagado,2009-07-01,1,2548,641,2008-05-01 00:00:00.000000000
300,Pagado,2010-10-01,1,2548,641,2009-08-01 00:00:00.000000000
300,Pagado,2012-01-01,1,2548,641,2010-11-01 00:00:00.000000000
400,Pagado,2003-02-01,1,2548,642,2001-07-01 00:00:00.000000000
20,Pagado,2003-03-01,1,2548,642,2003-03-01 00:00:00.000000000
480,Pagado,2010-11-01,1,2548,642,2008-12-01 00:00:00.000000000
140,Pagado,2011-06-01,1,2548,642,2010-12-01 00:00:00.000000000
100,Pagado,2011-11-01,1,2548,642,2011-07-01 00:00:00.000000000
80,Pagado,2012-03-01,1,2548,642,2011-12-01 00:00:00.000000000
60,Pagado,2012-06-01,1,2548,642,2012-04-01 00:00:00.000000000
100,Pagado,2012-11-01,1,2548,642,2012-07-01 00:00:00.000000000
20,Pagado,2012-12-01,1,2548,642,2012-12-01 00:00:00.000000000
100,Pagado,2013-05-01,1,2548,642,2013-01-01 00:00:00.000000000
100,Pagado,2013-10-01,1,2548,642,2013-06-01 00:00:00.000000000
40,Pagado,2013-12-01,1,2548,642,2013-11-01 00:00:00.000000000
100,Pagado,2014-03-01,1,2548,642,2014-01-01 00:00:00.000000000
100,Pagado,2014-10-01,1,2548,642,2014-06-01 00:00:00.000000000
40,Pagado,2014-12-01,1,2548,642,2014-11-01 00:00:00.000000000
100,Pagado,2015-05-01,1,2548,642,2015-01-01 00:00:00.000000000
100,Pagado,2015-10-01,1,2548,642,2015-06-01 00:00:00.000000000
100,Pagado,2016-05-01,1,2548,642,2016-01-01 00:00:00.000000000
100,Pagado,2016-10-01,1,2548,642,2016-06-01 00:00:00.000000000
60,Pagado,2017-01-01,1,2548,642,2016-11-01 00:00:00.000000000
20,Pagado,2017-02-01,1,2548,642,2017-02-01 00:00:00.000000000
20,Pagado,2017-03-01,1,2548,642,2017-03-01 00:00:00.000000000
20,Pagado,2017-04-01,1,2548,642,2017-04-01 00:00:00.000000000
40,Pagado,2017-06-01,1,2548,642,2017-05-01 00:00:00.000000000
100,Pagado,2017-11-01,1,2548,642,2017-07-01 00:00:00.000000000
20,Pagado,2017-12-01,1,2548,642,2017-12-01 00:00:00.000000000
100,Pagado,2018-05-01,1,2548,642,2018-01-01 00:00:00.000000000
100,Pagado,2018-10-01,1,2548,642,2018-06-01 00:00:00.000000000
40,Pagado,2018-12-01,1,2548,642,2018-11-01 00:00:00.000000000
60,Pagado,2019-03-01,1,2548,642,2019-01-01 00:00:00.000000000
100,Pagado,2019-08-01,1,2548,642,2019-04-01 00:00:00.000000000
80,Pagado,2019-12-01,1,2548,642,2019-09-01 00:00:00.000000000
100,Pagado,2020-05-01,1,2548,642,2020-01-01 00:00:00.000000000
100,Pagado,2020-10-01,1,2548,642,2020-06-01 00:00:00.000000000
40,Pagado,2020-12-01,1,2548,642,2020-11-01 00:00:00.000000000
100,Pagado,2021-05-01,1,2548,642,2021-01-01 00:00:00.000000000
100,Pagado,2021-10-01,1,2548,642,2021-06-01 00:00:00.000000000
40,Pagado,2021-12-01,1,2548,642,2021-11-01 00:00:00.000000000
100,Pagado,2022-05-01,1,2548,642,2022-01-01 00:00:00.000000000
100,Pagado,2022-10-01,1,2548,642,2022-06-01 00:00:00.000000000
40,Pagado,2022-12-01,1,2548,642,2022-11-01 00:00:00.000000000
100,Pagado,2023-05-01,1,2548,642,2023-01-01 00:00:00.000000000
100,Pagado,2023-10-01,1,2548,642,2023-06-01 00:00:00.000000000
40,Pagado,2023-12-01,1,2548,642,2023-11-01 00:00:00.000000000
120,Pagado,2024-04-01,1,2548,642,2024-01-01 00:00:00.000000000
120,Pagado,2024-08-01,1,2548,642,2024-05-01 00:00:00.000000000
120,Pagado,2024-12-01,1,2548,642,2024-09-01 00:00:00.000000000
120,Pagado,2025-04-01,1,2548,642,2025-01-01 00:00:00.000000000
120,Pagado,2025-08-01,1,2548,642,2025-05-01 00:00:00.000000000
120,Pagado,2026-04-01,1,2548,642,2026-01-01 00:00:00.000000000
20,Pagado,2000-12-01,1,2548,644,2000-12-01 00:00:00.000000000
20,Pagado,2000-12-01,1,2548,644,2000-12-01 00:00:00.000000000
280,Pagado,2002-03-01,1,2548,644,2001-02-01 00:00:00.000000000
100,Pagado,2002-08-01,1,2548,644,2002-04-01 00:00:00.000000000
100,Pagado,2001-01-01,1,2548,645,2000-09-01 00:00:00.000000000
300,Pagado,2001-11-01,1,2548,646,2000-09-01 00:00:00.000000000
20,Pagado,2001-12-01,1,2548,646,2001-12-01 00:00:00.000000000
60,Pagado,2001-03-01,1,2548,648,2001-01-01 00:00:00.000000000
180,Pagado,2001-12-01,1,2548,648,2001-04-01 00:00:00.000000000
40,Pagado,2002-02-01,1,2548,648,2002-01-01 00:00:00.000000000
40,Pagado,2002-04-01,1,2548,648,2002-03-01 00:00:00.000000000
40,Pagado,2002-06-01,1,2548,648,2002-05-01 00:00:00.000000000
200,Pagado,2003-04-01,1,2548,648,2002-07-01 00:00:00.000000000
40,Pagado,2003-06-01,1,2548,648,2003-05-01 00:00:00.000000000
40,Pagado,2003-08-01,1,2548,648,2003-07-01 00:00:00.000000000
340,Pagado,2005-01-01,1,2548,648,2003-09-01 00:00:00.000000000
380,Pagado,2006-08-01,1,2548,648,2005-02-01 00:00:00.000000000
60,Pagado,2006-11-01,1,2548,648,2006-09-01 00:00:00.000000000
260,Pagado,2007-12-01,1,2548,648,2006-12-01 00:00:00.000000000
220,Pagado,2008-11-01,1,2548,648,2008-01-01 00:00:00.000000000
740,Pagado,2011-12-01,1,2548,648,2008-12-01 00:00:00.000000000
220,Pagado,2012-11-01,1,2548,648,2012-01-01 00:00:00.000000000
100,Pagado,2013-04-01,1,2548,648,2012-12-01 00:00:00.000000000
160,Pagado,2013-12-01,1,2548,648,2013-05-01 00:00:00.000000000
200,Pagado,2014-10-01,1,2548,648,2014-01-01 00:00:00.000000000
40,Pagado,2014-12-01,1,2548,648,2014-11-01 00:00:00.000000000
40,Pagado,2015-02-01,1,2548,648,2015-01-01 00:00:00.000000000
20,Pagado,2015-05-01,1,2548,648,2015-05-01 00:00:00.000000000
40,Pagado,2015-05-01,1,2548,648,2015-04-01 00:00:00.000000000
140,Pagado,2015-12-01,1,2548,648,2015-06-01 00:00:00.000000000
240,Pagado,2016-12-01,1,2548,648,2016-01-01 00:00:00.000000000
100,Pagado,2017-05-01,1,2548,648,2017-01-01 00:00:00.000000000
140,Pagado,2017-12-01,1,2548,648,2017-06-01 00:00:00.000000000
240,Pagado,2018-12-01,1,2548,648,2018-01-01 00:00:00.000000000
240,Pagado,2019-12-01,1,2548,648,2019-01-01 00:00:00.000000000
100,Pagado,2020-07-01,1,2548,648,2020-03-01 00:00:00.000000000
140,Pagado,2020-12-01,1,2548,648,2020-06-01 00:00:00.000000000
240,Pagado,2021-12-01,1,2548,648,2021-01-01 00:00:00.000000000
240,Pagado,2022-12-01,1,2548,648,2022-01-01 00:00:00.000000000
240,Pagado,2023-12-01,1,2548,648,2023-01-01 00:00:00.000000000
360,Pagado,2024-12-01,1,2548,648,2024-01-01 00:00:00.000000000
180,Pagado,2025-06-01,1,2548,648,2025-01-01 00:00:00.000000000
90,Pagado,2025-12-01,1,2548,648,2025-10-01 00:00:00.000000000
440,Pagado,2002-10-01,1,2548,649,2001-01-01 00:00:00.000000000
100,Pagado,2004-05-01,1,2548,649,2004-01-01 00:00:00.000000000
320,Pagado,2005-09-01,1,2548,649,2004-06-01 00:00:00.000000000
900,Pagado,2004-06-01,1,2548,650,2000-10-01 00:00:00.000000000
60,Pagado,2001-12-01,1,2548,653,2001-10-01 00:00:00.000000000
100,Pagado,2002-05-01,1,2548,653,2002-01-01 00:00:00.000000000
100,Pagado,2002-10-01,1,2548,653,2002-06-01 00:00:00.000000000
100,Pagado,2003-03-01,1,2548,653,2002-11-01 00:00:00.000000000
20,Pagado,2003-04-01,1,2548,653,2003-04-01 00:00:00.000000000
40,Pagado,2003-06-01,1,2548,653,2003-05-01 00:00:00.000000000
40,Pagado,2003-08-01,1,2548,653,2003-07-01 00:00:00.000000000
20,Pagado,2003-09-01,1,2548,653,2003-09-01 00:00:00.000000000
20,Pagado,2003-10-01,1,2548,653,2003-10-01 00:00:00.000000000
20,Pagado,2004-03-01,1,2548,653,2004-03-01 00:00:00.000000000
20,Pagado,2004-05-01,1,2548,653,2004-05-01 00:00:00.000000000
20,Pagado,2004-06-01,1,2548,653,2004-06-01 00:00:00.000000000
20,Pagado,2004-07-01,1,2548,653,2004-07-01 00:00:00.000000000
20,Pagado,2004-08-01,1,2548,653,2004-08-01 00:00:00.000000000
20,Pagado,2004-09-01,1,2548,653,2004-09-01 00:00:00.000000000
20,Pagado,2004-10-01,1,2548,653,2004-10-01 00:00:00.000000000
20,Pagado,2004-11-01,1,2548,653,2004-11-01 00:00:00.000000000
960,Pagado,2008-11-01,1,2548,653,2004-12-01 00:00:00.000000000
520,Pagado,2011-01-01,1,2548,653,2008-12-01 00:00:00.000000000
200,Pagado,2011-11-01,1,2548,653,2011-02-01 00:00:00.000000000
240,Pagado,2012-11-01,1,2548,653,2011-12-01 00:00:00.000000000
260,Pagado,2013-12-01,1,2548,653,2012-12-01 00:00:00.000000000
240,Pagado,2014-12-01,1,2548,653,2014-01-01 00:00:00.000000000
240,Pagado,2015-12-01,1,2548,653,2015-01-01 00:00:00.000000000
240,Pagado,2016-12-01,1,2548,653,2016-01-01 00:00:00.000000000
240,Pagado,2017-12-01,1,2548,653,2017-01-01 00:00:00.000000000
240,Pagado,2018-12-01,1,2548,653,2018-01-01 00:00:00.000000000
240,Pagado,2019-12-01,1,2548,653,2019-01-01 00:00:00.000000000
240,Pagado,2020-12-01,1,2548,653,2020-01-01 00:00:00.000000000
200,Pagado,2021-10-01,1,2548,653,2021-01-01 00:00:00.000000000
40,Pagado,2021-12-01,1,2548,653,2021-11-01 00:00:00.000000000
240,Pagado,2022-12-01,1,2548,653,2022-01-01 00:00:00.000000000
240,Pagado,2023-12-01,1,2548,653,2023-01-01 00:00:00.000000000
360,Pagado,2024-12-01,1,2548,653,2024-01-01 00:00:00.000000000
60,Pagado,2025-12-01,1,2548,653,2025-11-01 00:00:00.000000000
140,Pagado,2001-06-01,1,2548,654,2000-12-01 00:00:00.000000000
20,Pagado,2001-12-01,1,2548,654,2001-12-01 00:00:00.000000000
240,Pagado,2005-03-01,1,2548,654,2014-04-01 00:00:00.000000000
240,Pagado,2006-03-01,1,2548,654,2005-04-01 00:00:00.000000000
500,Pagado,2008-04-01,1,2548,654,2006-04-01 00:00:00.000000000
1500,Pagado,2014-07-01,1,2548,654,2008-05-01 00:00:00.000000000
1300,Pagado,2019-12-01,1,2548,654,2014-08-01 00:00:00.000000000
100,Pagado,2020-05-01,1,2548,654,2020-01-01 00:00:00.000000000
100,Pagado,2020-10-01,1,2548,654,2020-06-01 00:00:00.000000000
40,Pagado,2020-12-01,1,2548,654,2020-11-01 00:00:00.000000000
240,Pagado,2021-12-01,1,2548,654,2021-01-01 00:00:00.000000000
240,Pagado,2022-12-01,1,2548,654,2022-01-01 00:00:00.000000000
240,Pagado,2023-12-01,1,2548,654,2023-01-01 00:00:00.000000000
360,Pagado,2024-12-01,1,2548,654,2024-01-01 00:00:00.000000000
360,Pagado,2025-12-01,1,2548,654,2025-01-01 00:00:00.000000000
20,Pagado,2002-06-01,1,2548,655,2002-03-01 00:00:00.000000000
20,Pagado,2002-07-01,1,2548,655,2002-07-01 00:00:00.000000000
20,Pagado,2002-08-01,1,2548,655,2002-08-01 00:00:00.000000000
60,Pagado,2002-11-01,1,2548,655,2002-09-01 00:00:00.000000000
40,Pagado,2003-02-01,1,2548,655,2003-01-01 00:00:00.000000000
40,Pagado,2003-05-01,1,2548,655,2003-04-01 00:00:00.000000000
40,Pagado,2003-06-01,1,2548,655,2003-06-01 00:00:00.000000000
20,Pagado,2003-08-01,1,2548,655,2003-08-01 00:00:00.000000000
20,Pagado,2003-09-01,1,2548,655,2003-09-01 00:00:00.000000000
20,Pagado,2003-10-01,1,2548,655,2003-10-01 00:00:00.000000000
40,Pagado,2003-12-01,1,2548,655,2003-11-01 00:00:00.000000000
20,Pagado,2004-01-01,1,2548,655,2004-01-01 00:00:00.000000000
60,Pagado,2004-10-01,1,2548,655,2004-08-01 00:00:00.000000000
40,Pagado,2004-12-01,1,2548,655,2004-11-01 00:00:00.000000000
40,Pagado,2005-04-01,1,2548,655,2005-03-01 00:00:00.000000000
80,Pagado,2005-08-01,1,2548,655,2005-05-01 00:00:00.000000000
40,Pagado,2005-10-01,1,2548,655,2005-09-01 00:00:00.000000000
40,Pagado,2005-12-01,1,2548,655,2005-11-01 00:00:00.000000000
60,Pagado,2006-03-01,1,2548,655,2006-01-01 00:00:00.000000000
40,Pagado,2006-05-01,1,2548,655,2006-04-01 00:00:00.000000000
40,Pagado,2006-07-01,1,2548,655,2006-06-01 00:00:00.000000000
40,Pagado,2006-09-01,1,2548,655,2006-08-01 00:00:00.000000000
60,Pagado,2006-12-01,1,2548,655,2006-10-01 00:00:00.000000000
60,Pagado,2007-02-01,1,2548,655,2001-12-01 00:00:00.000000000
40,Pagado,2007-02-01,1,2548,655,2007-01-01 00:00:00.000000000
20,Pagado,2007-03-01,1,2548,655,2007-03-01 00:00:00.000000000
100,Pagado,2007-08-01,1,2548,655,2007-04-01 00:00:00.000000000
20,Pagado,2007-09-01,1,2548,655,2007-09-01 00:00:00.000000000
60,Pagado,2007-12-01,1,2548,655,2007-10-01 00:00:00.000000000
20,Pagado,2008-01-01,1,2548,655,2008-01-01 00:00:00.000000000
20,Pagado,2008-04-01,1,2548,655,2008-04-01 00:00:00.000000000
40,Pagado,2008-06-01,1,2548,655,2008-05-01 00:00:00.000000000
40,Pagado,2008-08-01,1,2548,655,2008-07-01 00:00:00.000000000
40,Pagado,2008-10-01,1,2548,655,2008-09-01 00:00:00.000000000
40,Pagado,2008-12-01,1,2548,655,2008-11-01 00:00:00.000000000
20,Pagado,2009-01-01,1,2548,655,2009-01-01 00:00:00.000000000
40,Pagado,2009-03-01,1,2548,655,2009-02-01 00:00:00.000000000
20,Pagado,2009-04-01,1,2548,655,2009-04-01 00:00:00.000000000
20,Pagado,2009-05-01,1,2548,655,2009-05-01 00:00:00.000000000
40,Pagado,2009-07-01,1,2548,655,2009-06-01 00:00:00.000000000
20,Pagado,2009-08-01,1,2548,655,2009-08-01 00:00:00.000000000
40,Pagado,2009-10-01,1,2548,655,2009-09-01 00:00:00.000000000
40,Pagado,2009-12-01,1,2548,655,2009-11-01 00:00:00.000000000
40,Pagado,2010-02-01,1,2548,655,2010-01-01 00:00:00.000000000
20,Pagado,2010-03-01,1,2548,655,2010-03-01 00:00:00.000000000
20,Pagado,2010-05-01,1,2548,655,2010-05-01 00:00:00.000000000
20,Pagado,2010-06-01,1,2548,655,2010-06-01 00:00:00.000000000
20,Pagado,2010-07-01,1,2548,655,2010-07-01 00:00:00.000000000
20,Pagado,2010-08-01,1,2548,655,2010-08-01 00:00:00.000000000
20,Pagado,2010-09-01,1,2548,655,2010-09-01 00:00:00.000000000
40,Pagado,2010-11-01,1,2548,655,2010-10-01 00:00:00.000000000
20,Pagado,2010-12-01,1,2548,655,2010-12-01 00:00:00.000000000
20,Pagado,2011-01-01,1,2548,655,2011-01-01 00:00:00.000000000
40,Pagado,2011-03-01,1,2548,655,2011-02-01 00:00:00.000000000
20,Pagado,2011-04-01,1,2548,655,2011-04-01 00:00:00.000000000
20,Pagado,2011-04-01,1,2548,655,2011-04-01 00:00:00.000000000
10,Pagado,2011-10-01,1,2548,655,2011-06-01 00:00:00.000000000
40,Pagado,2011-12-01,1,2548,655,2011-11-01 00:00:00.000000000
200,Pagado,2012-10-01,1,2548,655,2012-01-01 00:00:00.000000000
40,Pagado,2012-12-01,1,2548,655,2012-11-01 00:00:00.000000000
140,Pagado,2013-07-01,1,2548,655,2013-01-01 00:00:00.000000000
60,Pagado,2013-10-01,1,2548,655,2013-08-01 00:00:00.000000000
40,Pagado,2013-12-01,1,2548,655,2013-11-01 00:00:00.000000000
100,Pagado,2014-05-01,1,2548,655,2014-01-01 00:00:00.000000000
60,Pagado,2014-08-01,1,2548,655,2014-06-01 00:00:00.000000000
100,Pagado,2015-01-01,1,2548,655,2014-09-01 00:00:00.000000000
100,Pagado,2015-06-01,1,2548,655,2015-02-01 00:00:00.000000000
60,Pagado,2016-03-01,1,2548,655,2016-01-01 00:00:00.000000000
180,Pagado,2016-12-01,1,2548,655,2016-04-01 00:00:00.000000000
20,Pagado,2017-01-01,1,2548,655,2017-01-01 00:00:00.000000000
100,Pagado,2017-06-01,1,2548,655,2017-02-01 00:00:00.000000000
40,Pagado,2018-02-01,1,2548,655,2018-01-01 00:00:00.000000000
200,Pagado,2018-12-01,1,2548,655,2018-03-01 00:00:00.000000000
200,Pagado,2019-12-01,1,2548,655,2019-03-01 00:00:00.000000000
40,Pagado,2019-12-01,1,2548,655,2019-01-01 00:00:00.000000000
240,Pagado,2020-12-01,1,2548,655,2020-01-01 00:00:00.000000000
140,Pagado,2021-07-01,1,2548,655,2021-01-01 00:00:00.000000000
100,Pagado,2021-12-01,1,2548,655,2021-08-01 00:00:00.000000000
40,Pagado,2022-02-01,1,2548,655,2022-01-01 00:00:00.000000000
40,Pagado,2022-04-01,1,2548,655,2022-03-01 00:00:00.000000000
100,Pagado,2022-09-01,1,2548,655,2022-05-01 00:00:00.000000000
80,Pagado,2023-01-01,1,2548,655,2022-10-01 00:00:00.000000000
40,Pagado,2023-03-01,1,2548,655,2023-02-01 00:00:00.000000000
180,Pagado,2023-12-01,1,2548,655,2023-04-01 00:00:00.000000000
210,Pagado,2024-07-01,1,2548,655,2024-01-01 00:00:00.000000000
90,Pagado,2024-10-01,1,2548,655,2024-08-01 00:00:00.000000000
90,Pagado,2025-01-01,1,2548,655,2024-11-01 00:00:00.000000000
300,Pagado,2025-11-01,1,2548,655,2025-02-01 00:00:00.000000000
90,Pagado,2026-02-01,1,2548,655,2025-12-01 00:00:00.000000000
140,Pagado,2001-12-01,1,2548,658,2001-06-01 00:00:00.000000000
480,Pagado,2003-12-01,1,2548,658,2002-01-01 00:00:00.000000000
180,Pagado,2004-09-01,1,2548,658,2004-01-01 00:00:00.000000000
60,Pagado,2004-12-01,1,2548,658,2004-10-01 00:00:00.000000000
240,Pagado,2005-12-01,1,2548,658,2005-01-01 00:00:00.000000000
240,Pagado,2006-12-01,1,2548,658,2006-01-01 00:00:00.000000000
120,Pagado,2007-06-01,1,2548,658,2007-01-01 00:00:00.000000000
120,Pagado,2007-12-01,1,2548,658,2007-07-01 00:00:00.000000000
120,Pagado,2008-06-01,1,2548,658,2008-01-01 00:00:00.000000000
120,Pagado,2008-12-01,1,2548,658,2008-07-01 00:00:00.000000000
240,Pagado,2009-12-01,1,2548,658,2009-01-01 00:00:00.000000000
240,Pagado,2010-12-01,1,2548,658,2010-01-01 00:00:00.000000000
120,Pagado,2011-06-01,1,2548,658,2011-01-01 00:00:00.000000000
120,Pagado,2011-12-01,1,2548,658,2011-07-01 00:00:00.000000000
240,Pagado,2012-12-01,1,2548,658,2012-01-01 00:00:00.000000000
120,Pagado,2013-06-01,1,2548,658,2013-01-01 00:00:00.000000000
120,Pagado,2013-12-01,1,2548,658,2013-07-01 00:00:00.000000000
120,Pagado,2014-06-01,1,2548,658,2014-01-01 00:00:00.000000000
120,Pagado,2014-12-01,1,2548,658,2014-07-01 00:00:00.000000000
20,Pagado,2015-01-01,1,2548,658,2015-01-01 00:00:00.000000000
20,Pagado,2015-02-01,1,2548,658,2015-02-01 00:00:00.000000000
20,Pagado,2015-03-01,1,2548,658,2015-03-01 00:00:00.000000000
20,Pagado,2015-04-01,1,2548,658,2015-04-01 00:00:00.000000000
40,Pagado,2015-06-01,1,2548,658,2015-05-01 00:00:00.000000000
120,Pagado,2015-12-01,1,2548,658,2015-07-01 00:00:00.000000000
120,Pagado,2016-06-01,1,2548,658,2016-01-01 00:00:00.000000000
120,Pagado,2016-12-01,1,2548,658,2016-07-01 00:00:00.000000000
240,Pagado,2017-12-01,1,2548,658,2017-01-01 00:00:00.000000000
240,Pagado,2018-12-01,1,2548,658,2018-01-01 00:00:00.000000000
240,Pagado,2019-12-01,1,2548,658,2019-01-01 00:00:00.000000000
240,Pagado,2021-12-01,1,2548,658,2021-01-01 00:00:00.000000000
240,Pagado,2022-12-01,1,2548,658,2022-01-01 00:00:00.000000000
240,Pagado,2023-12-01,1,2548,658,2023-01-01 00:00:00.000000000
300,Pagado,2024-10-01,1,2548,658,2024-01-01 00:00:00.000000000
60,Pagado,2024-12-01,1,2548,658,2024-11-01 00:00:00.000000000
360,Pagado,2025-12-01,1,2548,658,2025-01-01 00:00:00.000000000
360,Pagado,2026-12-01,1,2548,658,2026-01-01 00:00:00.000000000
60,Pagado,2002-03-01,1,2548,659,2002-01-01 00:00:00.000000000
60,Pagado,2002-06-01,1,2548,659,2002-04-01 00:00:00.000000000
20,Pagado,2002-07-01,1,2548,659,2002-07-01 00:00:00.000000000
280,Pagado,2003-09-01,1,2548,659,2002-08-01 00:00:00.000000000
20,Pagado,2003-10-01,1,2548,659,2003-10-01 00:00:00.000000000
20,Pagado,2003-11-01,1,2548,659,2003-11-01 00:00:00.000000000
20,Pagado,2003-12-01,1,2548,659,2003-12-01 00:00:00.000000000
20,Pagado,2004-01-01,1,2548,659,2004-01-01 00:00:00.000000000
20,Pagado,2004-02-01,1,2548,659,2004-02-01 00:00:00.000000000
20,Pagado,2004-03-01,1,2548,659,2004-03-01 00:00:00.000000000
20,Pagado,2004-08-01,1,2548,659,2004-08-01 00:00:00.000000000
60,Pagado,2004-11-01,1,2548,659,2004-09-01 00:00:00.000000000
20,Pagado,2005-05-01,1,2548,659,2005-05-01 00:00:00.000000000
20,Pagado,2005-06-01,1,2548,659,2005-06-01 00:00:00.000000000
60,Pagado,2005-09-01,1,2548,659,2005-07-01 00:00:00.000000000
340,Pagado,2007-02-01,1,2548,659,2005-10-01 00:00:00.000000000
160,Pagado,2007-10-01,1,2548,659,2007-03-01 00:00:00.000000000
20,Pagado,2007-11-01,1,2548,659,2007-11-01 00:00:00.000000000
20,Pagado,2007-12-01,1,2548,659,2007-12-01 00:00:00.000000000
20,Pagado,2008-02-01,1,2548,659,2008-02-01 00:00:00.000000000
60,Pagado,2008-05-01,1,2548,659,2008-03-01 00:00:00.000000000
140,Pagado,2008-12-01,1,2548,659,2008-06-01 00:00:00.000000000
40,Pagado,2009-02-01,1,2548,659,2009-01-01 00:00:00.000000000
40,Pagado,2000-12-01,1,2548,661,2000-11-01 00:00:00.000000000
260,Pagado,2002-09-01,1,2548,661,2001-09-01 00:00:00.000000000
840,Pagado,2006-03-01,1,2548,661,2002-10-01 00:00:00.000000000
140,Pagado,2006-10-01,1,2548,661,2006-04-01 00:00:00.000000000
40,Pagado,2006-12-01,1,2548,661,2006-11-01 00:00:00.000000000
40,Pagado,2007-02-01,1,2548,661,2007-01-01 00:00:00.000000000
40,Pagado,2007-04-01,1,2548,661,2007-03-01 00:00:00.000000000
60,Pagado,2007-07-01,1,2548,661,2007-05-01 00:00:00.000000000
100,Pagado,2007-12-01,1,2548,661,2007-08-01 00:00:00.000000000
60,Pagado,2008-07-01,1,2548,661,2008-05-01 00:00:00.000000000
80,Pagado,2008-08-01,1,2548,661,2008-05-01 00:00:00.000000000
80,Pagado,2008-12-01,1,2548,661,2008-09-01 00:00:00.000000000
220,Pagado,2009-11-01,1,2548,661,2009-01-01 00:00:00.000000000
260,Pagado,2010-12-01,1,2548,661,2009-12-01 00:00:00.000000000
240,Pagado,2011-12-01,1,2548,661,2011-01-01 00:00:00.000000000
240,Pagado,2012-12-01,1,2548,661,2012-01-01 00:00:00.000000000
40,Pagado,2013-02-01,1,2548,661,2013-01-01 00:00:00.000000000
200,Pagado,2013-12-01,1,2548,661,2013-03-01 00:00:00.000000000
240,Pagado,2014-12-01,1,2548,661,2014-01-01 00:00:00.000000000
120,Pagado,2015-06-01,1,2548,661,2015-01-01 00:00:00.000000000
20,Pagado,2003-01-01,1,2548,662,2003-01-01 00:00:00.000000000
200,Pagado,2001-08-01,1,2548,663,2000-11-01 00:00:00.000000000
40,Pagado,2001-09-01,1,2548,664,2001-08-01 00:00:00.000000000
160,Pagado,2002-01-01,1,2548,665,2001-06-01 00:00:00.000000000
60,Pagado,2002-04-01,1,2548,665,2002-02-01 00:00:00.000000000
120,Pagado,2002-10-01,1,2548,665,2002-05-01 00:00:00.000000000
200,Pagado,2003-08-01,1,2548,665,2002-11-01 00:00:00.000000000
80,Pagado,2003-12-01,1,2548,665,2003-09-01 00:00:00.000000000
120,Pagado,2004-11-01,1,2548,665,2004-06-01 00:00:00.000000000
20,Pagado,2005-03-01,1,2548,665,2005-03-01 00:00:00.000000000
100,Pagado,2005-08-01,1,2548,665,2005-04-01 00:00:00.000000000
80,Pagado,2005-12-01,1,2548,665,2005-09-01 00:00:00.000000000
180,Pagado,2006-09-01,1,2548,665,2006-01-01 00:00:00.000000000
60,Pagado,2006-12-01,1,2548,665,2006-10-01 00:00:00.000000000
20,Pagado,2007-01-01,1,2548,665,2007-01-01 00:00:00.000000000
20,Pagado,2007-02-01,1,2548,665,2007-02-01 00:00:00.000000000
80,Pagado,2007-06-01,1,2548,665,2007-03-01 00:00:00.000000000
100,Pagado,2007-11-01,1,2548,665,2007-07-01 00:00:00.000000000
120,Pagado,2008-05-01,1,2548,665,2007-12-01 00:00:00.000000000
100,Pagado,2008-10-01,1,2548,665,2008-06-01 00:00:00.000000000
40,Pagado,2008-12-01,1,2548,665,2008-11-01 00:00:00.000000000
60,Pagado,2009-03-01,1,2548,665,2009-01-01 00:00:00.000000000
100,Pagado,2009-08-01,1,2548,665,2009-04-01 00:00:00.000000000
20,Pagado,2009-09-01,1,2548,665,2009-09-01 00:00:00.000000000
40,Pagado,2009-11-01,1,2548,665,2009-10-01 00:00:00.000000000
100,Pagado,2010-04-01,1,2548,665,2009-12-01 00:00:00.000000000
100,Pagado,2010-09-01,1,2548,665,2010-05-01 00:00:00.000000000
60,Pagado,2010-12-01,1,2548,665,2010-10-01 00:00:00.000000000
120,Pagado,2011-06-01,1,2548,665,2011-01-01 00:00:00.000000000
120,Pagado,2011-12-01,1,2548,665,2011-07-01 00:00:00.000000000
100,Pagado,2012-05-01,1,2548,665,2012-01-01 00:00:00.000000000
140,Pagado,2012-12-01,1,2548,665,2012-06-01 00:00:00.000000000
140,Pagado,2013-07-01,1,2548,665,2013-01-01 00:00:00.000000000
100,Pagado,2013-12-01,1,2548,665,2013-08-01 00:00:00.000000000
120,Pagado,2014-06-01,1,2548,665,2014-01-01 00:00:00.000000000
40,Pagado,2014-08-01,1,2548,665,2014-07-01 00:00:00.000000000
80,Pagado,2014-12-01,1,2548,665,2014-09-01 00:00:00.000000000
120,Pagado,2015-06-01,1,2548,665,2015-01-01 00:00:00.000000000
60,Pagado,2015-12-01,1,2548,665,2015-10-01 00:00:00.000000000
100,Pagado,2016-05-01,1,2548,665,2016-01-01 00:00:00.000000000
100,Pagado,2016-10-01,1,2548,665,2016-06-01 00:00:00.000000000
20,Pagado,2016-11-01,1,2548,665,2016-11-01 00:00:00.000000000
20,Pagado,2016-12-01,1,2548,665,2016-12-01 00:00:00.000000000
120,Pagado,2017-06-01,1,2548,665,2017-01-01 00:00:00.000000000
120,Pagado,2017-12-01,1,2548,665,2017-07-01 00:00:00.000000000
140,Pagado,2018-07-01,1,2548,665,2018-01-01 00:00:00.000000000
100,Pagado,2018-12-01,1,2548,665,2018-08-01 00:00:00.000000000
140,Pagado,2019-07-01,1,2548,665,2019-01-01 00:00:00.000000000
100,Pagado,2019-12-01,1,2548,665,2019-08-01 00:00:00.000000000
200,Pagado,2020-10-01,1,2548,665,2020-01-01 00:00:00.000000000
40,Pagado,2020-12-01,1,2548,665,2020-11-01 00:00:00.000000000
240,Pagado,2021-12-01,1,2548,665,2021-01-01 00:00:00.000000000
240,Pagado,2022-12-01,1,2548,665,2022-01-01 00:00:00.000000000
180,Pagado,2023-09-01,1,2548,665,2023-01-01 00:00:00.000000000
60,Pagado,2023-12-01,1,2548,665,2023-10-01 00:00:00.000000000
120,Pagado,2024-04-01,1,2548,665,2024-01-01 00:00:00.000000000
240,Pagado,2024-12-01,1,2548,665,2024-05-01 00:00:00.000000000
180,Pagado,2025-06-01,1,2548,665,2025-01-01 00:00:00.000000000
180,Pagado,2025-12-01,1,2548,665,2025-07-01 00:00:00.000000000
200,Pagado,2001-08-01,1,2548,667,2000-11-01 00:00:00.000000000
100,Pagado,2002-01-01,1,2548,667,2001-09-01 00:00:00.000000000
200,Pagado,2002-11-01,1,2548,667,2002-02-01 00:00:00.000000000
160,Pagado,2002-05-01,1,2548,668,2001-10-01 00:00:00.000000000
40,Pagado,2003-02-01,1,2548,668,2003-01-01 00:00:00.000000000
40,Pagado,2003-04-01,1,2548,668,2003-03-01 00:00:00.000000000
20,Pagado,2003-05-01,1,2548,668,2003-05-01 00:00:00.000000000
20,Pagado,2003-06-01,1,2548,668,2003-06-01 00:00:00.000000000
20,Pagado,2003-07-01,1,2548,668,2003-07-01 00:00:00.000000000
40,Pagado,2003-09-01,1,2548,668,2003-08-01 00:00:00.000000000
60,Pagado,2003-12-01,1,2548,668,2003-10-01 00:00:00.000000000
40,Pagado,2004-02-01,1,2548,668,2004-01-01 00:00:00.000000000
20,Pagado,2004-08-01,1,2548,668,2004-08-01 00:00:00.000000000
40,Pagado,2004-12-01,1,2548,668,2004-11-01 00:00:00.000000000
200,Pagado,2005-10-01,1,2548,668,2005-01-01 00:00:00.000000000
260,Pagado,2006-12-01,1,2548,668,2005-11-01 00:00:00.000000000
80,Pagado,2007-03-01,1,2548,668,2006-12-01 00:00:00.000000000
80,Pagado,2007-10-01,1,2548,668,2007-07-01 00:00:00.000000000
40,Pagado,2007-12-01,1,2548,668,2007-11-01 00:00:00.000000000
60,Pagado,2008-03-01,1,2548,668,2008-01-01 00:00:00.000000000
20,Pagado,2008-04-01,1,2548,668,2008-04-01 00:00:00.000000000
40,Pagado,2008-06-01,1,2548,668,2008-05-01 00:00:00.000000000
100,Pagado,2008-11-01,1,2548,668,2008-07-01 00:00:00.000000000
300,Pagado,2011-10-01,1,2548,668,2010-08-01 00:00:00.000000000
200,Pagado,2012-08-01,1,2548,668,2011-11-01 00:00:00.000000000
300,Pagado,2013-11-01,1,2548,668,2012-09-01 00:00:00.000000000
20,Pagado,2013-12-01,1,2548,668,2013-12-01 00:00:00.000000000
20,Pagado,2014-01-01,1,2548,668,2014-01-01 00:00:00.000000000
40,Pagado,2014-03-01,1,2548,668,2014-02-01 00:00:00.000000000
40,Pagado,2014-05-01,1,2548,668,2014-04-01 00:00:00.000000000
80,Pagado,2014-09-01,1,2548,668,2014-06-01 00:00:00.000000000
20,Pagado,2014-10-01,1,2548,668,2014-10-01 00:00:00.000000000
20,Pagado,2014-11-01,1,2548,668,2014-11-01 00:00:00.000000000
20,Pagado,2014-12-01,1,2548,668,2014-12-01 00:00:00.000000000
20,Pagado,2015-01-01,1,2548,668,2015-01-01 00:00:00.000000000
160,Pagado,2015-09-01,1,2548,668,2015-02-01 00:00:00.000000000
140,Pagado,2016-04-01,1,2548,668,2015-10-01 00:00:00.000000000
160,Pagado,2016-12-01,1,2548,668,2016-05-01 00:00:00.000000000
100,Pagado,2017-05-01,1,2548,668,2017-01-01 00:00:00.000000000
140,Pagado,2017-12-01,1,2548,668,2017-06-01 00:00:00.000000000
120,Pagado,2018-06-01,1,2548,668,2018-01-01 00:00:00.000000000
120,Pagado,2018-12-01,1,2548,668,2018-07-01 00:00:00.000000000
100,Pagado,2019-05-01,1,2548,668,2019-01-01 00:00:00.000000000
140,Pagado,2019-12-01,1,2548,668,2019-06-01 00:00:00.000000000
40,Pagado,2020-02-01,1,2548,668,2020-01-01 00:00:00.000000000
200,Pagado,2020-12-01,1,2548,668,2020-03-01 00:00:00.000000000
40,Pagado,2021-02-01,1,2548,668,2021-01-01 00:00:00.000000000
100,Pagado,2021-07-01,1,2548,668,2021-03-01 00:00:00.000000000
60,Pagado,2021-10-01,1,2548,668,2021-08-01 00:00:00.000000000
40,Pagado,2021-12-01,1,2548,668,2021-11-01 00:00:00.000000000
20,Pagado,2022-01-01,1,2548,668,2022-01-01 00:00:00.000000000
20,Pagado,2022-02-01,1,2548,668,2022-02-01 00:00:00.000000000
20,Pagado,2022-03-01,1,2548,668,2022-03-01 00:00:00.000000000
20,Pagado,2022-04-01,1,2548,668,2022-04-01 00:00:00.000000000
20,Pagado,2022-05-01,1,2548,668,2022-05-01 00:00:00.000000000
20,Pagado,2022-06-01,1,2548,668,2022-06-01 00:00:00.000000000
20,Pagado,2022-06-01,1,2548,668,2022-06-01 00:00:00.000000000
120,Pagado,2022-12-01,1,2548,668,2022-07-01 00:00:00.000000000
240,Pagado,2023-12-01,1,2548,668,2023-01-01 00:00:00.000000000
300,Pagado,2024-10-01,1,2548,668,2024-01-01 00:00:00.000000000
60,Pagado,2024-12-01,1,2548,668,2024-11-01 00:00:00.000000000
90,Pagado,2025-03-01,1,2548,668,2025-01-01 00:00:00.000000000
90,Pagado,2025-12-01,1,2548,668,2025-10-01 00:00:00.000000000
800,Pagado,2004-02-01,1,2548,669,2000-11-01 00:00:00.000000000
600,Pagado,2006-08-01,1,2548,669,2004-03-01 00:00:00.000000000
900,Pagado,2004-08-01,1,2548,670,2000-12-01 00:00:00.000000000
400,Pagado,2002-11-01,1,2548,671,2001-04-01 00:00:00.000000000
20,Pagado,2001-12-01,1,2548,672,2001-12-01 00:00:00.000000000
80,Pagado,2009-03-01,1,2548,672,2008-12-01 00:00:00.000000000
420,Pagado,2010-12-01,1,2548,672,2009-04-01 00:00:00.000000000
240,Pagado,2011-12-01,1,2548,672,2011-01-01 00:00:00.000000000
220,Pagado,2012-11-01,1,2548,672,2012-01-01 00:00:00.000000000
240,Pagado,2013-11-01,1,2548,672,2012-12-01 00:00:00.000000000
260,Pagado,2014-12-01,1,2548,672,2013-12-01 00:00:00.000000000
240,Pagado,2016-12-01,1,2548,672,2016-01-01 00:00:00.000000000
240,Pagado,2017-12-01,1,2548,672,2017-01-01 00:00:00.000000000
240,Pagado,2018-12-01,1,2548,672,2018-01-01 00:00:00.000000000
240,Pagado,2018-12-01,1,2548,672,2018-01-01 00:00:00.000000000
240,Pagado,2020-12-01,1,2548,672,2020-01-01 00:00:00.000000000
240,Pagado,2021-12-01,1,2548,672,2021-01-01 00:00:00.000000000
240,Pagado,2022-12-01,1,2548,672,2022-01-01 00:00:00.000000000
240,Pagado,2023-12-01,1,2548,672,2023-01-01 00:00:00.000000000
360,Pagado,2024-12-01,1,2548,672,2024-01-01 00:00:00.000000000
360,Pagado,2025-12-01,1,2548,672,2025-01-01 00:00:00.000000000
360,Pagado,2026-12-01,1,2548,672,2026-01-01 00:00:00.000000000
340,Pagado,2002-03-01,1,2548,673,2000-11-01 00:00:00.000000000
40,Pagado,2002-08-01,1,2548,673,2002-07-01 00:00:00.000000000
20,Pagado,2002-09-01,1,2548,673,2002-09-01 00:00:00.000000000
500,Pagado,2004-10-01,1,2548,673,2002-10-01 00:00:00.000000000
540,Pagado,2007-01-01,1,2548,673,2004-11-01 00:00:00.000000000
100,Pagado,2007-06-01,1,2548,673,2007-02-01 00:00:00.000000000
40,Pagado,2007-08-01,1,2548,673,2007-07-01 00:00:00.000000000
80,Pagado,2007-12-01,1,2548,673,2007-09-01 00:00:00.000000000
40,Pagado,2008-02-01,1,2548,673,2008-01-01 00:00:00.000000000
40,Pagado,2000-12-01,1,2548,674,2000-11-01 00:00:00.000000000
40,Pagado,2001-02-01,1,2548,674,2001-01-01 00:00:00.000000000
40,Pagado,2001-04-01,1,2548,674,2001-03-01 00:00:00.000000000
20,Pagado,2001-05-01,1,2548,674,2001-05-01 00:00:00.000000000
200,Pagado,2002-03-01,1,2548,674,2001-06-01 00:00:00.000000000
100,Pagado,2002-02-01,1,2548,675,2001-10-01 00:00:00.000000000
100,Pagado,2002-07-01,1,2548,675,2002-03-01 00:00:00.000000000
100,Pagado,2002-12-01,1,2548,675,2002-08-01 00:00:00.000000000
60,Pagado,2003-03-01,1,2548,675,2003-01-01 00:00:00.000000000
60,Pagado,2003-06-01,1,2548,675,2003-04-01 00:00:00.000000000
60,Pagado,2003-09-01,1,2548,675,2003-07-01 00:00:00.000000000
60,Pagado,2003-12-01,1,2548,675,2003-10-01 00:00:00.000000000
100,Pagado,2004-08-01,1,2548,675,2004-04-01 00:00:00.000000000
100,Pagado,2005-01-01,1,2548,675,2004-09-01 00:00:00.000000000
100,Pagado,2005-06-01,1,2548,675,2005-02-01 00:00:00.000000000
60,Pagado,2005-09-01,1,2548,675,2005-07-01 00:00:00.000000000
40,Pagado,2005-11-01,1,2548,675,2005-10-01 00:00:00.000000000
100,Pagado,2006-04-01,1,2548,675,2005-12-01 00:00:00.000000000
100,Pagado,2006-09-01,1,2548,675,2006-05-01 00:00:00.000000000
100,Pagado,2007-02-01,1,2548,675,2006-10-01 00:00:00.000000000
100,Pagado,2007-07-01,1,2548,675,2007-03-01 00:00:00.000000000
100,Pagado,2002-05-01,1,2548,678,2002-01-01 00:00:00.000000000
180,Pagado,2003-02-01,1,2548,678,2002-06-01 00:00:00.000000000
100,Pagado,2003-07-01,1,2548,678,2003-03-01 00:00:00.000000000
80,Pagado,2004-10-01,1,2548,678,2004-07-01 00:00:00.000000000
40,Pagado,2004-12-01,1,2548,678,2004-11-01 00:00:00.000000000
20,Pagado,2005-01-01,1,2548,678,2005-01-01 00:00:00.000000000
460,Pagado,2007-01-01,1,2548,678,2005-03-01 00:00:00.000000000
20,Pagado,2007-02-01,1,2548,678,2007-02-01 00:00:00.000000000
20,Pagado,2007-03-01,1,2548,678,2007-03-01 00:00:00.000000000
60,Pagado,2007-06-01,1,2548,678,2007-04-01 00:00:00.000000000
60,Pagado,2007-09-01,1,2548,678,2007-07-01 00:00:00.000000000
60,Pagado,2007-12-01,1,2548,678,2007-10-01 00:00:00.000000000
40,Pagado,2008-01-01,1,2548,678,2008-01-01 00:00:00.000000000
140,Pagado,2008-09-01,1,2548,678,2008-03-01 00:00:00.000000000
60,Pagado,2008-12-01,1,2548,678,2008-10-01 00:00:00.000000000
120,Pagado,2009-12-01,1,2548,678,2009-07-01 00:00:00.000000000
100,Pagado,2010-05-01,1,2548,678,2010-01-01 00:00:00.000000000
140,Pagado,2010-12-01,1,2548,678,2010-06-01 00:00:00.000000000
240,Pagado,2011-12-01,1,2548,678,2011-01-01 00:00:00.000000000
240,Pagado,2012-12-01,1,2548,678,2012-01-01 00:00:00.000000000
240,Pagado,2013-12-01,1,2548,678,2013-01-01 00:00:00.000000000
240,Pagado,2014-12-01,1,2548,678,2014-01-01 00:00:00.000000000
120,Pagado,2015-06-01,1,2548,678,2007-01-01 00:00:00.000000000
240,Pagado,2015-12-01,1,2548,678,2015-01-01 00:00:00.000000000
240,Pagado,2016-12-01,1,2548,678,2016-01-01 00:00:00.000000000
120,Pagado,2017-12-01,1,2548,678,2017-07-01 00:00:00.000000000
240,Pagado,2018-12-01,1,2548,678,2018-01-01 00:00:00.000000000
240,Pagado,2019-12-01,1,2548,678,2019-01-01 00:00:00.000000000
160,Pagado,2020-08-01,1,2548,678,2020-01-01 00:00:00.000000000
80,Pagado,2020-12-01,1,2548,678,2020-09-01 00:00:00.000000000
100,Pagado,2021-05-01,1,2548,678,2021-01-01 00:00:00.000000000
140,Pagado,2021-12-01,1,2548,678,2021-06-01 00:00:00.000000000
240,Pagado,2022-12-01,1,2548,678,2022-01-01 00:00:00.000000000
240,Pagado,2023-12-01,1,2548,678,2023-01-01 00:00:00.000000000
240,Pagado,2024-12-01,1,2548,678,2024-01-01 00:00:00.000000000
360,Pagado,2025-12-01,1,2548,678,2025-01-01 00:00:00.000000000
360,Pagado,2026-12-01,1,2548,678,2026-01-01 00:00:00.000000000
400,Pagado,2004-04-01,1,2548,679,2002-09-01 00:00:00.000000000
100,Pagado,2001-05-01,1,2548,680,2001-01-01 00:00:00.000000000
460,Pagado,2002-09-01,1,2548,683,2000-11-01 00:00:00.000000000
1020,Pagado,2005-01-01,1,2548,686,2000-11-01 00:00:00.000000000
460,Pagado,2006-12-01,1,2548,686,2005-02-01 00:00:00.000000000
20,Pagado,2007-01-01,1,2548,686,2007-01-01 00:00:00.000000000
40,Pagado,2007-03-01,1,2548,686,2007-02-01 00:00:00.000000000
180,Pagado,2007-12-01,1,2548,686,2007-04-01 00:00:00.000000000
100,Pagado,2008-05-01,1,2548,686,2008-01-01 00:00:00.000000000
120,Pagado,2008-11-01,1,2548,686,2008-06-01 00:00:00.000000000
1000,Pagado,2017-03-01,1,2548,686,2013-02-01 00:00:00.000000000
900,Pagado,2020-12-01,1,2548,686,2017-04-01 00:00:00.000000000
240,Pagado,2021-12-01,1,2548,686,2021-01-01 00:00:00.000000000
240,Pagado,2022-12-01,1,2548,686,2022-01-01 00:00:00.000000000
240,Pagado,2023-12-01,1,2548,686,2023-01-01 00:00:00.000000000
360,Pagado,2024-12-01,1,2548,686,2024-01-01 00:00:00.000000000
360,Pagado,2025-12-01,1,2548,686,2025-01-01 00:00:00.000000000
100,Pagado,2001-03-01,1,2548,687,2000-11-01 00:00:00.000000000
100,Pagado,2001-08-01,1,2548,687,2001-04-01 00:00:00.000000000
200,Pagado,2003-08-01,1,2548,687,2002-11-01 00:00:00.000000000
280,Pagado,2003-10-01,1,2548,687,2001-09-01 00:00:00.000000000
60,Pagado,2005-03-01,1,2548,687,2005-01-01 00:00:00.000000000
20,Pagado,2005-04-01,1,2548,687,2005-04-01 00:00:00.000000000
60,Pagado,2005-07-01,1,2548,687,2005-05-01 00:00:00.000000000
60,Pagado,2005-10-01,1,2548,687,2005-08-01 00:00:00.000000000
20,Pagado,2005-11-01,1,2548,687,2005-11-01 00:00:00.000000000
20,Pagado,2005-12-01,1,2548,687,2005-12-01 00:00:00.000000000
60,Pagado,2006-03-01,1,2548,687,2006-01-01 00:00:00.000000000
500,Pagado,2009-12-01,1,2548,687,2007-12-01 00:00:00.000000000
500,Pagado,2012-01-01,1,2548,687,2010-01-01 00:00:00.000000000
200,Pagado,2012-11-01,1,2548,687,2012-02-01 00:00:00.000000000
260,Pagado,2013-12-01,1,2548,687,2013-12-01 00:00:00.000000000
20,Pagado,2014-01-01,1,2548,687,2014-01-01 00:00:00.000000000
220,Pagado,2014-12-01,1,2548,687,2014-02-01 00:00:00.000000000
140,Pagado,2015-12-01,1,2548,687,2015-06-01 00:00:00.000000000
240,Pagado,2016-12-01,1,2548,687,2016-01-01 00:00:00.000000000
460,Pagado,2018-11-01,1,2548,687,2017-01-01 00:00:00.000000000
400,Pagado,2020-07-01,1,2548,687,2018-12-01 00:00:00.000000000
100,Pagado,2020-12-01,1,2548,687,2020-08-01 00:00:00.000000000
300,Pagado,2022-03-01,1,2548,687,2021-01-01 00:00:00.000000000
20,Pagado,2022-04-01,1,2548,687,2022-04-01 00:00:00.000000000
160,Pagado,2022-12-01,1,2548,687,2022-05-01 00:00:00.000000000
60,Pagado,2023-03-01,1,2548,687,2023-01-01 00:00:00.000000000
180,Pagado,2023-12-01,1,2548,687,2023-04-01 00:00:00.000000000
360,Pagado,2024-12-01,1,2548,687,2024-01-01 00:00:00.000000000
150,Pagado,2025-05-01,1,2548,687,2025-01-01 00:00:00.000000000
90,Pagado,2025-12-01,1,2548,687,2025-10-01 00:00:00.000000000
60,Pagado,2001-02-01,1,2548,688,2000-12-01 00:00:00.000000000
500,Pagado,2003-03-01,1,2548,688,2001-03-01 00:00:00.000000000
20,Pagado,2003-04-01,1,2548,688,2003-04-01 00:00:00.000000000
600,Pagado,2005-10-01,1,2548,688,2003-05-01 00:00:00.000000000
100,Pagado,2006-03-01,1,2548,688,2005-11-01 00:00:00.000000000
300,Pagado,2007-06-01,1,2548,688,2006-04-01 00:00:00.000000000
40,Pagado,2007-08-01,1,2548,688,2017-07-01 00:00:00.000000000
40,Pagado,2007-10-01,1,2548,688,2007-09-01 00:00:00.000000000
100,Pagado,2008-03-01,1,2548,688,2007-11-01 00:00:00.000000000
160,Pagado,2008-11-01,1,2548,688,2008-04-01 00:00:00.000000000
160,Pagado,2009-07-01,1,2548,688,2008-12-01 00:00:00.000000000
200,Pagado,2010-05-01,1,2548,688,2009-08-01 00:00:00.000000000
200,Pagado,2011-03-01,1,2548,688,2010-06-01 00:00:00.000000000
40,Pagado,2000-10-01,1,2548,689,2000-09-01 00:00:00.000000000
120,Pagado,2001-12-01,1,2548,689,2001-07-01 00:00:00.000000000
220,Pagado,2002-04-01,1,2548,689,2001-06-01 00:00:00.000000000
20,Pagado,2002-06-01,1,2548,689,2002-06-01 00:00:00.000000000
20,Pagado,2002-07-01,1,2548,689,2002-07-01 00:00:00.000000000
40,Pagado,2002-09-01,1,2548,689,2002-08-01 00:00:00.000000000
40,Pagado,2002-10-01,1,2548,689,2002-09-01 00:00:00.000000000
40,Pagado,2002-12-01,1,2548,689,2002-11-01 00:00:00.000000000
20,Pagado,2003-01-01,1,2548,689,2003-01-01 00:00:00.000000000
20,Pagado,2003-02-01,1,2548,689,2003-02-01 00:00:00.000000000
20,Pagado,2003-10-01,1,2548,689,2003-10-01 00:00:00.000000000
200,Pagado,2003-12-01,1,2548,689,2003-03-01 00:00:00.000000000
20,Pagado,2004-01-01,1,2548,689,2004-01-01 00:00:00.000000000
60,Pagado,2004-12-01,1,2548,689,2004-10-01 00:00:00.000000000
20,Pagado,2005-01-01,1,2548,689,2005-01-01 00:00:00.000000000
20,Pagado,2005-02-01,1,2548,689,2005-02-01 00:00:00.000000000
60,Pagado,2005-05-01,1,2548,689,2005-03-01 00:00:00.000000000
20,Pagado,2005-06-01,1,2548,689,2005-06-01 00:00:00.000000000
100,Pagado,2005-11-01,1,2548,689,2005-07-01 00:00:00.000000000
140,Pagado,2006-07-01,1,2548,689,2006-01-01 00:00:00.000000000
20,Pagado,2006-08-01,1,2548,689,2006-08-01 00:00:00.000000000
100,Pagado,2007-03-01,1,2548,689,2006-11-01 00:00:00.000000000
20,Pagado,2007-04-01,1,2548,689,2007-04-01 00:00:00.000000000
20,Pagado,2007-05-01,1,2548,689,2007-05-01 00:00:00.000000000
20,Pagado,2007-06-01,1,2548,689,2007-06-01 00:00:00.000000000
60,Pagado,2008-03-01,1,2548,689,2008-01-01 00:00:00.000000000
40,Pagado,2008-05-01,1,2548,689,2008-04-01 00:00:00.000000000
140,Pagado,2008-12-01,1,2548,689,2008-06-01 00:00:00.000000000
240,Pagado,2010-12-01,1,2548,689,2010-01-01 00:00:00.000000000
60,Pagado,2011-03-01,1,2548,689,2011-01-01 00:00:00.000000000
60,Pagado,2011-06-01,1,2548,689,2011-04-01 00:00:00.000000000
20,Pagado,2011-07-01,1,2548,689,2011-07-01 00:00:00.000000000
100,Pagado,2011-12-01,1,2548,689,2011-08-01 00:00:00.000000000
40,Pagado,2012-02-01,1,2548,689,2012-01-01 00:00:00.000000000
40,Pagado,2012-04-01,1,2548,689,2012-03-01 00:00:00.000000000
20,Pagado,2012-05-01,1,2548,689,2012-05-01 00:00:00.000000000
140,Pagado,2012-12-01,1,2548,689,2012-06-01 00:00:00.000000000
40,Pagado,2013-02-01,1,2548,689,2013-01-01 00:00:00.000000000
100,Pagado,2013-07-01,1,2548,689,2013-03-01 00:00:00.000000000
100,Pagado,2013-12-01,1,2548,689,2013-08-01 00:00:00.000000000
20,Pagado,2014-01-01,1,2548,689,2014-01-01 00:00:00.000000000
100,Pagado,2014-06-01,1,2548,689,2014-02-01 00:00:00.000000000
20,Pagado,2014-07-01,1,2548,689,2014-07-01 00:00:00.000000000
100,Pagado,2014-12-01,1,2548,689,2014-08-01 00:00:00.000000000
100,Pagado,2015-06-01,1,2548,689,2015-02-01 00:00:00.000000000
40,Pagado,2015-08-01,1,2548,689,2015-07-01 00:00:00.000000000
60,Pagado,2016-04-01,1,2548,689,2016-02-01 00:00:00.000000000
200,Pagado,2017-02-01,1,2548,689,2016-05-01 00:00:00.000000000
220,Pagado,2017-12-01,1,2548,689,2017-03-01 00:00:00.000000000
20,Pagado,2018-01-01,1,2548,689,2018-01-01 00:00:00.000000000
220,Pagado,2018-12-01,1,2548,689,2018-02-01 00:00:00.000000000
100,Pagado,2019-05-01,1,2548,689,2019-01-01 00:00:00.000000000
140,Pagado,2019-12-01,1,2548,689,2019-06-01 00:00:00.000000000
100,Pagado,2020-05-01,1,2548,689,2020-01-01 00:00:00.000000000
140,Pagado,2020-12-01,1,2548,689,2020-06-01 00:00:00.000000000
100,Pagado,2021-05-01,1,2548,689,2021-01-01 00:00:00.000000000
100,Pagado,2022-02-01,1,2548,689,2021-10-01 00:00:00.000000000
100,Pagado,2022-07-01,1,2548,689,2022-03-01 00:00:00.000000000
100,Pagado,2022-12-01,1,2548,689,2022-08-01 00:00:00.000000000
140,Pagado,2023-07-01,1,2548,689,2023-01-01 00:00:00.000000000
100,Pagado,2023-12-01,1,2548,689,2023-08-01 00:00:00.000000000
100,Pagado,2024-05-01,1,2548,689,2024-01-01 00:00:00.000000000
60,Pagado,2024-07-01,1,2548,689,2024-06-01 00:00:00.000000000
150,Pagado,2024-12-01,1,2548,689,2024-08-01 00:00:00.000000000
90,Pagado,2025-03-01,1,2548,689,2025-01-01 00:00:00.000000000
90,Pagado,2025-06-01,1,2548,689,2025-04-01 00:00:00.000000000
30,Pagado,2025-10-01,1,2548,689,2025-10-01 00:00:00.000000000
60,Pagado,2025-12-01,1,2548,689,2025-11-01 00:00:00.000000000
90,Pagado,2026-03-01,1,2548,689,2026-01-01 00:00:00.000000000
480,Pagado,2003-05-01,1,2548,690,2001-06-01 00:00:00.000000000
120,Pagado,2003-11-01,1,2548,690,2003-06-01 00:00:00.000000000
20,Pagado,2000-12-01,1,2548,691,2000-12-01 00:00:00.000000000
100,Pagado,2001-10-01,1,2548,691,2001-01-01 00:00:00.000000000
240,Pagado,2003-08-01,1,2548,691,2002-09-01 00:00:00.000000000
100,Pagado,2004-01-01,1,2548,691,2003-09-01 00:00:00.000000000
100,Pagado,2004-06-01,1,2548,691,2004-02-01 00:00:00.000000000
120,Pagado,2004-12-01,1,2548,691,2004-07-01 00:00:00.000000000
100,Pagado,2005-03-01,1,2548,691,2005-01-01 00:00:00.000000000
100,Pagado,2005-10-01,1,2548,691,2005-06-01 00:00:00.000000000
120,Pagado,2006-04-01,1,2548,691,2005-11-01 00:00:00.000000000
120,Pagado,2006-10-01,1,2548,691,2006-05-01 00:00:00.000000000
120,Pagado,2007-04-01,1,2548,691,2006-11-01 00:00:00.000000000
200,Pagado,2007-08-01,1,2548,691,2006-11-01 00:00:00.000000000
60,Pagado,2007-11-01,1,2548,691,2007-09-01 00:00:00.000000000
560,Pagado,2003-03-01,1,2548,692,2000-12-01 00:00:00.000000000
500,Pagado,2010-04-01,1,2548,692,2014-04-01 00:00:00.000000000
600,Pagado,2011-04-01,1,2548,692,2008-11-01 00:00:00.000000000
100,Pagado,2011-09-01,1,2548,692,2011-05-01 00:00:00.000000000
100,Pagado,2012-02-01,1,2548,692,2011-10-01 00:00:00.000000000
500,Pagado,2014-03-01,1,2548,692,2012-03-01 00:00:00.000000000
300,Pagado,2017-07-01,1,2548,692,2016-05-01 00:00:00.000000000
300,Pagado,2018-10-01,1,2548,692,2017-08-01 00:00:00.000000000
660,Pagado,2021-07-01,1,2548,692,2018-11-01 00:00:00.000000000
100,Pagado,2021-12-01,1,2548,692,2021-08-01 00:00:00.000000000
160,Pagado,2022-08-01,1,2548,692,2022-01-01 00:00:00.000000000
80,Pagado,2022-12-01,1,2548,692,2022-09-01 00:00:00.000000000
140,Pagado,2023-07-01,1,2548,692,2023-01-01 00:00:00.000000000
100,Pagado,2023-12-01,1,2548,692,2023-08-01 00:00:00.000000000
360,Pagado,2024-12-01,1,2548,692,2024-01-01 00:00:00.000000000
180,Pagado,2025-06-01,1,2548,692,2025-01-01 00:00:00.000000000
180,Pagado,2025-12-01,1,2548,692,2025-07-01 00:00:00.000000000
200,Pagado,2001-12-01,1,2548,693,2001-03-01 00:00:00.000000000
300,Pagado,2003-03-01,1,2548,693,2002-01-01 00:00:00.000000000
60,Pagado,2003-06-01,1,2548,693,2003-04-01 00:00:00.000000000
20,Pagado,2003-07-01,1,2548,693,2003-07-01 00:00:00.000000000
60,Pagado,2003-10-01,1,2548,693,2003-08-01 00:00:00.000000000
40,Pagado,2003-12-01,1,2548,693,2003-11-01 00:00:00.000000000
20,Pagado,2004-09-01,1,2548,693,2004-09-01 00:00:00.000000000
140,Pagado,2005-03-01,1,2548,693,2004-09-01 00:00:00.000000000
180,Pagado,2006-01-01,1,2548,693,2005-05-01 00:00:00.000000000
120,Pagado,2006-07-01,1,2548,693,2006-02-01 00:00:00.000000000
100,Pagado,2006-12-01,1,2548,693,2006-08-01 00:00:00.000000000
40,Pagado,2007-04-01,1,2548,693,2007-03-01 00:00:00.000000000
200,Pagado,2008-02-01,1,2548,693,2007-05-01 00:00:00.000000000
140,Pagado,2008-11-01,1,2548,693,2008-05-01 00:00:00.000000000
100,Pagado,2002-05-01,1,2548,694,2002-01-01 00:00:00.000000000
140,Pagado,2002-12-01,1,2548,694,2002-06-01 00:00:00.000000000
160,Pagado,2003-08-01,1,2548,694,2003-01-01 00:00:00.000000000
520,Pagado,2005-10-01,1,2548,694,2003-09-01 00:00:00.000000000
140,Pagado,2006-05-01,1,2548,694,2006-11-01 00:00:00.000000000
40,Pagado,2006-07-01,1,2548,694,2006-06-01 00:00:00.000000000
300,Pagado,2007-10-01,1,2548,694,2006-08-01 00:00:00.000000000
80,Pagado,2008-02-01,1,2548,694,2007-11-01 00:00:00.000000000
580,Pagado,2009-09-01,1,2548,694,2008-03-01 00:00:00.000000000
300,Pagado,2010-12-01,1,2548,694,2009-10-01 00:00:00.000000000
260,Pagado,2012-01-01,1,2548,694,2011-01-01 00:00:00.000000000
100,Pagado,2016-10-01,1,2548,694,2016-06-01 00:00:00.000000000
100,Pagado,2001-06-01,1,2548,695,2001-02-01 00:00:00.000000000
40,Pagado,2001-08-01,1,2548,695,2001-07-01 00:00:00.000000000
40,Pagado,2001-10-01,1,2548,695,2001-09-01 00:00:00.000000000
40,Pagado,2001-12-01,1,2548,695,2001-11-01 00:00:00.000000000
60,Pagado,2002-03-01,1,2548,695,2002-01-01 00:00:00.000000000
40,Pagado,2002-05-01,1,2548,695,2002-04-01 00:00:00.000000000
20,Pagado,2002-06-01,1,2548,695,2002-06-01 00:00:00.000000000
60,Pagado,2002-09-01,1,2548,695,2002-07-01 00:00:00.000000000
60,Pagado,2002-12-01,1,2548,695,2002-10-01 00:00:00.000000000
200,Pagado,2001-09-01,1,2548,696,2000-12-01 00:00:00.000000000
1080,Pagado,2006-06-01,1,2548,696,2002-01-01 00:00:00.000000000
20,Pagado,2006-07-01,1,2548,696,2006-07-01 00:00:00.000000000
60,Pagado,2006-10-01,1,2548,696,2006-08-01 00:00:00.000000000
100,Pagado,2007-03-01,1,2548,696,2006-11-01 00:00:00.000000000
220,Pagado,2008-02-01,1,2548,696,2007-04-01 00:00:00.000000000
100,Pagado,2008-07-01,1,2548,696,2008-03-01 00:00:00.000000000
960,Pagado,2004-11-01,1,2548,700,2000-12-01 00:00:00.000000000
240,Pagado,2005-11-01,1,2548,700,2004-12-01 00:00:00.000000000
200,Pagado,2006-09-01,1,2548,700,2005-12-01 00:00:00.000000000
600,Pagado,2009-03-01,1,2548,700,2006-10-01 00:00:00.000000000
600,Pagado,2011-09-01,1,2548,700,2009-04-01 00:00:00.000000000
400,Pagado,2013-05-01,1,2548,700,2011-10-01 00:00:00.000000000
140,Pagado,2013-12-01,1,2548,700,2013-06-01 00:00:00.000000000
220,Pagado,2014-11-01,1,2548,700,2014-01-01 00:00:00.000000000
240,Pagado,2016-11-01,1,2548,700,2015-12-01 00:00:00.000000000
20,Pagado,2016-12-01,1,2548,700,2016-12-01 00:00:00.000000000
160,Pagado,2017-08-01,1,2548,700,2017-01-01 00:00:00.000000000
80,Pagado,2017-12-01,1,2548,700,2017-09-01 00:00:00.000000000
200,Pagado,2018-10-01,1,2548,700,2018-01-01 00:00:00.000000000
40,Pagado,2018-12-01,1,2548,700,2018-11-01 00:00:00.000000000
100,Pagado,2019-05-01,1,2548,700,2019-01-01 00:00:00.000000000
100,Pagado,2019-10-01,1,2548,700,2019-06-01 00:00:00.000000000
40,Pagado,2019-12-01,1,2548,700,2019-11-01 00:00:00.000000000
220,Pagado,2020-11-01,1,2548,700,2020-01-01 00:00:00.000000000
240,Pagado,2021-11-01,1,2548,700,2020-12-01 00:00:00.000000000
200,Pagado,2022-09-01,1,2548,700,2021-12-01 00:00:00.000000000
60,Pagado,2022-12-01,1,2548,700,2022-10-01 00:00:00.000000000
100,Pagado,2023-05-01,1,2548,700,2023-01-01 00:00:00.000000000
120,Pagado,2023-11-01,1,2548,700,2023-06-01 00:00:00.000000000
20,Pagado,2023-12-01,1,2548,700,2023-12-01 00:00:00.000000000
180,Pagado,2024-06-01,1,2548,700,2024-01-01 00:00:00.000000000
120,Pagado,2024-10-01,1,2548,700,2024-07-01 00:00:00.000000000
60,Pagado,2024-12-01,1,2548,700,2024-11-01 00:00:00.000000000
90,Pagado,2025-12-01,1,2548,700,2025-10-01 00:00:00.000000000
340,Pagado,2002-04-01,1,2548,701,2000-12-01 00:00:00.000000000
160,Pagado,2002-12-01,1,2548,701,2002-05-01 00:00:00.000000000
100,Pagado,2003-05-01,1,2548,701,2003-01-01 00:00:00.000000000
120,Pagado,2003-11-01,1,2548,701,2003-06-01 00:00:00.000000000
20,Pagado,2003-12-01,1,2548,701,2003-12-01 00:00:00.000000000
200,Pagado,2004-10-01,1,2548,701,2004-01-01 00:00:00.000000000
100,Pagado,2005-03-01,1,2548,701,2004-11-01 00:00:00.000000000
180,Pagado,2005-12-01,1,2548,701,2005-04-01 00:00:00.000000000
120,Pagado,2006-06-01,1,2548,701,2006-01-01 00:00:00.000000000
120,Pagado,2006-12-01,1,2548,701,2006-07-01 00:00:00.000000000
120,Pagado,2007-06-01,1,2548,701,2007-01-01 00:00:00.000000000
120,Pagado,2007-12-01,1,2548,701,2007-07-01 00:00:00.000000000
120,Pagado,2008-06-01,1,2548,701,2008-01-01 00:00:00.000000000
120,Pagado,2008-12-01,1,2548,701,2008-07-01 00:00:00.000000000
240,Pagado,2009-12-01,1,2548,701,2009-01-01 00:00:00.000000000
80,Pagado,2002-03-01,1,2548,702,2001-11-01 00:00:00.000000000
180,Pagado,2002-12-01,1,2548,702,2002-04-01 00:00:00.000000000
140,Pagado,2003-07-01,1,2548,702,2003-01-01 00:00:00.000000000
20,Pagado,2003-08-01,1,2548,702,2003-08-01 00:00:00.000000000
40,Pagado,2003-10-01,1,2548,702,2003-09-01 00:00:00.000000000
40,Pagado,2003-12-01,1,2548,702,2003-11-01 00:00:00.000000000
100,Pagado,2004-10-01,1,2548,702,2004-06-01 00:00:00.000000000
100,Pagado,2005-03-01,1,2548,702,2004-11-01 00:00:00.000000000
40,Pagado,2005-05-01,1,2548,702,2005-04-01 00:00:00.000000000
220,Pagado,2006-04-01,1,2548,702,2005-06-01 00:00:00.000000000
60,Pagado,2006-07-01,1,2548,702,2006-05-01 00:00:00.000000000
140,Pagado,2007-02-01,1,2548,702,2006-08-01 00:00:00.000000000
80,Pagado,2007-06-01,1,2548,702,2007-03-01 00:00:00.000000000
20,Pagado,2007-07-01,1,2548,702,2007-07-01 00:00:00.000000000
20,Pagado,2007-08-01,1,2548,702,2007-08-01 00:00:00.000000000
20,Pagado,2007-09-01,1,2548,702,2007-09-01 00:00:00.000000000
40,Pagado,2007-11-01,1,2548,702,2007-10-01 00:00:00.000000000
40,Pagado,2008-06-01,1,2548,702,2008-05-01 00:00:00.000000000
40,Pagado,2008-08-01,1,2548,702,2008-07-01 00:00:00.000000000
80,Pagado,2008-12-01,1,2548,702,2008-09-01 00:00:00.000000000
1780,Pagado,2017-05-01,1,2548,702,2010-01-01 00:00:00.000000000
200,Pagado,2001-10-01,1,2548,704,2001-01-01 00:00:00.000000000
160,Pagado,2002-06-01,1,2548,704,2001-11-01 00:00:00.000000000
260,Pagado,2003-07-01,1,2548,704,2002-07-01 00:00:00.000000000
80,Pagado,2003-11-01,1,2548,704,2003-08-01 00:00:00.000000000
160,Pagado,2005-01-01,1,2548,704,2004-06-01 00:00:00.000000000
140,Pagado,2005-08-01,1,2548,704,2005-02-01 00:00:00.000000000
80,Pagado,2005-12-01,1,2548,704,2005-09-01 00:00:00.000000000
20,Pagado,2001-01-01,1,2548,705,2001-01-01 00:00:00.000000000
20,Pagado,2001-03-01,1,2548,705,2001-03-01 00:00:00.000000000
200,Pagado,2002-03-01,1,2548,708,2001-06-01 00:00:00.000000000
260,Pagado,2003-05-01,1,2548,708,2002-04-01 00:00:00.000000000
60,Pagado,2003-07-01,1,2548,708,2003-03-01 00:00:00.000000000
40,Pagado,2003-09-01,1,2548,708,2003-08-01 00:00:00.000000000
100,Pagado,2004-02-01,1,2548,708,2003-10-01 00:00:00.000000000
20,Pagado,2004-03-01,1,2548,708,2004-03-01 00:00:00.000000000
500,Pagado,2006-04-01,1,2548,708,2004-04-01 00:00:00.000000000
500,Pagado,2008-05-01,1,2548,708,2006-05-01 00:00:00.000000000
120,Pagado,2008-11-01,1,2548,708,2008-06-01 00:00:00.000000000
240,Pagado,2009-11-01,1,2548,708,2008-12-01 00:00:00.000000000
100,Pagado,2010-04-01,1,2548,708,2009-12-01 00:00:00.000000000
160,Pagado,2010-12-01,1,2548,708,2010-05-01 00:00:00.000000000
240,Pagado,2011-12-01,1,2548,708,2011-01-01 00:00:00.000000000
240,Pagado,2012-12-01,1,2548,708,2012-01-01 00:00:00.000000000
240,Pagado,2013-12-01,1,2548,708,2013-01-01 00:00:00.000000000
240,Pagado,2014-12-01,1,2548,708,2014-01-01 00:00:00.000000000
240,Pagado,2015-12-01,1,2548,708,2015-01-01 00:00:00.000000000
220,Pagado,2016-11-01,1,2548,708,2016-01-01 00:00:00.000000000
20,Pagado,2016-12-01,1,2548,708,2016-12-01 00:00:00.000000000
240,Pagado,2017-12-01,1,2548,708,2017-01-01 00:00:00.000000000
240,Pagado,2018-12-01,1,2548,708,2018-01-01 00:00:00.000000000
240,Pagado,2019-12-01,1,2548,708,2019-01-01 00:00:00.000000000
200,Pagado,2020-10-01,1,2548,708,2020-01-01 00:00:00.000000000
40,Pagado,2020-12-01,1,2548,708,2020-11-01 00:00:00.000000000
240,Pagado,2021-12-01,1,2548,708,2021-01-01 00:00:00.000000000
240,Pagado,2022-12-01,1,2548,708,2022-01-01 00:00:00.000000000
240,Pagado,2023-12-01,1,2548,708,2023-01-01 00:00:00.000000000
360,Pagado,2024-12-01,1,2548,708,2024-01-01 00:00:00.000000000
360,Pagado,2025-12-01,1,2548,708,2025-01-01 00:00:00.000000000
20,Pagado,2001-04-01,1,2548,709,2001-04-01 00:00:00.000000000
400,Pagado,2002-12-01,1,2548,709,2001-05-01 00:00:00.000000000
20,Pagado,2003-01-01,1,2548,709,2003-01-01 00:00:00.000000000
40,Pagado,2003-03-01,1,2548,709,2003-02-01 00:00:00.000000000
20,Pagado,2003-04-01,1,2548,709,2003-04-01 00:00:00.000000000
20,Pagado,2003-05-01,1,2548,709,2003-05-01 00:00:00.000000000
20,Pagado,2003-06-01,1,2548,709,2003-06-01 00:00:00.000000000
20,Pagado,2003-07-01,1,2548,709,2003-07-01 00:00:00.000000000
20,Pagado,2003-08-01,1,2548,709,2003-08-01 00:00:00.000000000
1620,Pagado,2010-05-01,1,2548,709,2003-09-01 00:00:00.000000000
120,Pagado,2010-11-01,1,2548,709,2010-06-01 00:00:00.000000000
80,Pagado,2011-03-01,1,2548,709,2010-12-01 00:00:00.000000000
100,Pagado,2011-08-01,1,2548,709,2011-04-01 00:00:00.000000000
500,Pagado,2013-09-01,1,2548,709,2011-09-01 00:00:00.000000000
500,Pagado,2015-10-01,1,2548,709,2013-10-01 00:00:00.000000000
40,Pagado,2015-12-01,1,2548,709,2015-11-01 00:00:00.000000000
180,Pagado,2016-09-01,1,2548,709,2016-01-01 00:00:00.000000000
60,Pagado,2016-12-01,1,2548,709,2016-10-01 00:00:00.000000000
240,Pagado,2017-12-01,1,2548,709,2017-01-01 00:00:00.000000000
240,Pagado,2018-12-01,1,2548,709,2018-01-01 00:00:00.000000000
240,Pagado,2019-12-01,1,2548,709,2019-01-01 00:00:00.000000000
240,Pagado,2020-12-01,1,2548,709,2020-01-01 00:00:00.000000000
200,Pagado,2021-10-01,1,2548,709,2021-01-01 00:00:00.000000000
40,Pagado,2021-12-01,1,2548,709,2021-11-01 00:00:00.000000000
240,Pagado,2022-12-01,1,2548,709,2022-01-01 00:00:00.000000000
240,Pagado,2023-12-01,1,2548,709,2023-01-01 00:00:00.000000000
360,Pagado,2024-12-01,1,2548,709,2024-01-01 00:00:00.000000000
360,Pagado,2025-12-01,1,2548,709,2025-01-01 00:00:00.000000000
20,Pagado,2002-01-01,1,2548,711,2002-01-01 00:00:00.000000000
20,Pagado,2002-02-01,1,2548,711,2002-02-01 00:00:00.000000000
20,Pagado,2002-03-01,1,2548,711,2002-03-01 00:00:00.000000000
40,Pagado,2002-05-01,1,2548,711,2002-04-01 00:00:00.000000000
20,Pagado,2002-06-01,1,2548,711,2002-06-01 00:00:00.000000000
20,Pagado,2002-07-01,1,2548,711,2002-07-01 00:00:00.000000000
20,Pagado,2002-08-01,1,2548,711,2002-08-01 00:00:00.000000000
20,Pagado,2002-08-01,1,2548,711,2002-08-01 00:00:00.000000000
20,Pagado,2002-10-01,1,2548,711,2002-10-01 00:00:00.000000000
20,Pagado,2002-11-01,1,2548,711,2002-11-01 00:00:00.000000000
20,Pagado,2002-12-01,1,2548,711,2002-12-01 00:00:00.000000000
20,Pagado,2003-02-01,1,2548,711,2003-02-01 00:00:00.000000000
20,Pagado,2003-03-01,1,2548,711,2003-03-01 00:00:00.000000000
20,Pagado,2003-04-01,1,2548,711,2003-04-01 00:00:00.000000000
20,Pagado,2003-05-01,1,2548,711,2003-05-01 00:00:00.000000000
40,Pagado,2003-07-01,1,2548,711,2003-03-01 00:00:00.000000000
20,Pagado,2003-08-01,1,2548,711,2003-08-01 00:00:00.000000000
20,Pagado,2003-09-01,1,2548,711,2003-09-01 00:00:00.000000000
20,Pagado,2003-10-01,1,2548,711,2003-10-01 00:00:00.000000000
20,Pagado,2003-11-01,1,2548,711,2003-11-01 00:00:00.000000000
20,Pagado,2003-12-01,1,2548,711,2003-12-01 00:00:00.000000000
20,Pagado,2004-01-01,1,2548,711,2004-01-01 00:00:00.000000000
20,Pagado,2004-02-01,1,2548,711,2004-02-01 00:00:00.000000000
20,Pagado,2004-08-01,1,2548,711,2004-08-01 00:00:00.000000000
20,Pagado,2004-09-01,1,2548,711,2004-09-01 00:00:00.000000000
20,Pagado,2004-10-01,1,2548,711,2004-10-01 00:00:00.000000000
20,Pagado,2004-11-01,1,2548,711,2004-11-01 00:00:00.000000000
40,Pagado,2005-03-19,1,2548,711,2005-02-19 00:00:00.000000000
20,Pagado,2005-04-01,1,2548,711,2005-04-01 00:00:00.000000000
20,Pagado,2005-05-01,1,2548,711,2005-05-01 00:00:00.000000000
20,Pagado,2005-06-01,1,2548,711,2005-06-01 00:00:00.000000000
20,Pagado,2005-07-01,1,2548,711,2005-07-01 00:00:00.000000000
20,Pagado,2005-08-01,1,2548,711,2005-08-01 00:00:00.000000000
20,Pagado,2005-09-01,1,2548,711,2005-09-01 00:00:00.000000000
20,Pagado,2005-10-01,1,2548,711,2005-10-01 00:00:00.000000000
20,Pagado,2005-11-01,1,2548,711,2005-11-01 00:00:00.000000000
20,Pagado,2005-12-01,1,2548,711,2005-12-01 00:00:00.000000000
20,Pagado,2005-12-01,1,2548,711,2005-12-01 00:00:00.000000000
20,Pagado,2006-01-01,1,2548,711,2006-01-01 00:00:00.000000000
711,Pagado,2006-01-01,1,2548,711,2006-01-01 00:00:00.000000000
20,Pagado,2006-02-01,1,2548,711,2006-02-01 00:00:00.000000000
20,Pagado,2006-03-01,1,2548,711,2006-03-01 00:00:00.000000000
20,Pagado,2006-05-01,1,2548,711,2006-05-01 00:00:00.000000000
20,Pagado,2006-08-01,1,2548,711,2006-08-01 00:00:00.000000000
20,Pagado,2006-09-01,1,2548,711,2006-09-01 00:00:00.000000000
20,Pagado,2006-10-01,1,2548,711,2006-10-01 00:00:00.000000000
20,Pagado,2006-11-01,1,2548,711,2006-11-01 00:00:00.000000000
20,Pagado,2006-12-01,1,2548,711,2006-12-01 00:00:00.000000000
20,Pagado,2007-01-01,1,2548,711,2007-01-01 00:00:00.000000000
20,Pagado,2007-02-01,1,2548,711,2007-02-01 00:00:00.000000000
20,Pagado,2007-03-01,1,2548,711,2007-03-01 00:00:00.000000000
20,Pagado,2007-04-01,1,2548,711,2007-04-01 00:00:00.000000000
20,Pagado,2007-05-01,1,2548,711,2007-05-01 00:00:00.000000000
20,Pagado,2007-06-01,1,2548,711,2007-06-01 00:00:00.000000000
20,Pagado,2007-07-01,1,2548,711,2007-07-01 00:00:00.000000000
20,Pagado,2007-08-01,1,2548,711,2007-08-01 00:00:00.000000000
20,Pagado,2007-09-01,1,2548,711,2007-09-01 00:00:00.000000000
20,Pagado,2007-10-01,1,2548,711,2007-10-01 00:00:00.000000000
20,Pagado,2007-11-01,1,2548,711,2007-11-01 00:00:00.000000000
20,Pagado,2007-12-01,1,2548,711,2007-12-01 00:00:00.000000000
20,Pagado,2008-01-01,1,2548,711,2008-01-01 00:00:00.000000000
20,Pagado,2008-02-01,1,2548,711,2008-02-01 00:00:00.000000000
20,Pagado,2008-04-01,1,2548,711,2008-04-01 00:00:00.000000000
20,Pagado,2008-05-01,1,2548,711,2008-05-01 00:00:00.000000000
20,Pagado,2008-06-01,1,2548,711,2008-06-01 00:00:00.000000000
20,Pagado,2008-07-01,1,2548,711,2008-07-01 00:00:00.000000000
20,Pagado,2008-08-01,1,2548,711,2008-08-01 00:00:00.000000000
20,Pagado,2008-09-01,1,2548,711,2008-09-01 00:00:00.000000000
20,Pagado,2008-11-01,1,2548,711,2008-11-01 00:00:00.000000000
20,Pagado,2008-12-01,1,2548,711,2008-12-01 00:00:00.000000000
20,Pagado,2009-01-01,1,2548,711,2009-01-01 00:00:00.000000000
20,Pagado,2009-02-01,1,2548,711,2009-02-01 00:00:00.000000000
20,Pagado,2009-03-01,1,2548,711,2009-03-01 00:00:00.000000000
20,Pagado,2009-04-01,1,2548,711,2009-04-01 00:00:00.000000000
20,Pagado,2010-01-01,1,2548,711,2010-01-01 00:00:00.000000000
20,Pagado,2010-02-01,1,2548,711,2010-02-01 00:00:00.000000000
20,Pagado,2010-03-01,1,2548,711,2010-03-01 00:00:00.000000000
20,Pagado,2010-04-01,1,2548,711,2010-04-01 00:00:00.000000000
20,Pagado,2010-05-01,1,2548,711,2010-05-01 00:00:00.000000000
20,Pagado,2010-06-01,1,2548,711,2010-06-01 00:00:00.000000000
20,Pagado,2010-07-01,1,2548,711,2010-07-01 00:00:00.000000000
20,Pagado,2010-08-01,1,2548,711,2010-08-01 00:00:00.000000000
20,Pagado,2010-09-01,1,2548,711,2010-09-01 00:00:00.000000000
20,Pagado,2010-10-01,1,2548,711,2010-10-01 00:00:00.000000000
20,Pagado,2010-11-01,1,2548,711,2010-11-01 00:00:00.000000000
20,Pagado,2010-12-01,1,2548,711,2010-12-01 00:00:00.000000000
20,Pagado,2011-01-01,1,2548,711,2011-01-01 00:00:00.000000000
20,Pagado,2011-02-01,1,2548,711,2011-02-01 00:00:00.000000000
20,Pagado,2011-03-01,1,2548,711,2011-03-01 00:00:00.000000000
20,Pagado,2011-04-01,1,2548,711,2011-04-01 00:00:00.000000000
20,Pagado,2011-05-01,1,2548,711,2011-05-01 00:00:00.000000000
20,Pagado,2011-06-01,1,2548,711,2011-06-01 00:00:00.000000000
20,Pagado,2011-07-01,1,2548,711,2011-07-01 00:00:00.000000000
20,Pagado,2011-08-01,1,2548,711,2011-08-01 00:00:00.000000000
20,Pagado,2011-09-01,1,2548,711,2011-09-01 00:00:00.000000000
20,Pagado,2011-10-01,1,2548,711,2011-10-01 00:00:00.000000000
20,Pagado,2011-11-01,1,2548,711,2011-11-01 00:00:00.000000000
20,Pagado,2011-12-01,1,2548,711,2011-12-01 00:00:00.000000000
20,Pagado,2012-01-01,1,2548,711,2012-01-01 00:00:00.000000000
20,Pagado,2012-02-01,1,2548,711,2012-02-01 00:00:00.000000000
20,Pagado,2012-03-01,1,2548,711,2012-03-01 00:00:00.000000000
20,Pagado,2012-04-01,1,2548,711,2012-04-01 00:00:00.000000000
20,Pagado,2012-05-01,1,2548,711,2012-05-01 00:00:00.000000000
20,Pagado,2012-06-01,1,2548,711,2012-06-01 00:00:00.000000000
20,Pagado,2012-07-01,1,2548,711,2012-07-01 00:00:00.000000000
20,Pagado,2012-08-01,1,2548,711,2012-08-01 00:00:00.000000000
20,Pagado,2012-09-01,1,2548,711,2012-09-01 00:00:00.000000000
20,Pagado,2012-10-01,1,2548,711,2012-10-01 00:00:00.000000000
20,Pagado,2012-11-01,1,2548,711,2012-11-01 00:00:00.000000000
20,Pagado,2012-12-01,1,2548,711,2012-12-01 00:00:00.000000000
20,Pagado,2013-01-01,1,2548,711,2013-01-01 00:00:00.000000000
20,Pagado,2013-02-01,1,2548,711,2013-02-01 00:00:00.000000000
20,Pagado,2013-03-01,1,2548,711,2013-03-01 00:00:00.000000000
20,Pagado,2013-04-01,1,2548,711,2013-04-01 00:00:00.000000000
20,Pagado,2013-05-01,1,2548,711,2013-05-01 00:00:00.000000000
20,Pagado,2013-06-01,1,2548,711,2013-06-01 00:00:00.000000000
20,Pagado,2013-07-01,1,2548,711,2013-07-01 00:00:00.000000000
20,Pagado,2013-08-01,1,2548,711,2013-08-01 00:00:00.000000000
20,Pagado,2013-09-01,1,2548,711,2013-09-01 00:00:00.000000000
20,Pagado,2013-10-01,1,2548,711,2013-10-01 00:00:00.000000000
20,Pagado,2013-11-01,1,2548,711,2013-11-01 00:00:00.000000000
20,Pagado,2013-12-01,1,2548,711,2013-12-01 00:00:00.000000000
20,Pagado,2014-01-01,1,2548,711,2014-01-01 00:00:00.000000000
20,Pagado,2014-02-01,1,2548,711,2014-02-01 00:00:00.000000000
20,Pagado,2014-03-01,1,2548,711,2014-03-01 00:00:00.000000000
20,Pagado,2014-04-01,1,2548,711,2014-04-01 00:00:00.000000000
20,Pagado,2014-05-01,1,2548,711,2014-05-01 00:00:00.000000000
20,Pagado,2014-06-01,1,2548,711,2014-06-01 00:00:00.000000000
20,Pagado,2014-07-01,1,2548,711,2014-07-01 00:00:00.000000000
20,Pagado,2014-08-01,1,2548,711,2014-08-01 00:00:00.000000000
20,Pagado,2014-09-01,1,2548,711,2014-09-01 00:00:00.000000000
20,Pagado,2014-10-01,1,2548,711,2014-10-01 00:00:00.000000000
20,Pagado,2014-11-01,1,2548,711,2014-11-01 00:00:00.000000000
20,Pagado,2014-12-01,1,2548,711,2014-12-01 00:00:00.000000000
240,Pagado,2016-12-01,1,2548,711,2016-01-01 00:00:00.000000000
240,Pagado,2017-12-01,1,2548,711,2017-01-01 00:00:00.000000000
240,Pagado,2018-12-01,1,2548,711,2018-01-01 00:00:00.000000000
240,Pagado,2019-12-01,1,2548,711,2019-01-01 00:00:00.000000000
240,Pagado,2020-12-01,1,2548,711,2020-01-01 00:00:00.000000000
240,Pagado,2021-12-01,1,2548,711,2021-01-01 00:00:00.000000000
240,Pagado,2022-12-01,1,2548,711,2022-01-01 00:00:00.000000000
240,Pagado,2023-12-01,1,2548,711,2023-01-01 00:00:00.000000000
60,Pagado,2024-02-01,1,2548,711,2024-01-01 00:00:00.000000000
300,Pagado,2024-12-01,1,2548,711,2024-03-01 00:00:00.000000000
30,Pagado,2025-01-01,1,2548,711,2025-01-01 00:00:00.000000000
330,Pagado,2025-12-01,1,2548,711,2025-02-01 00:00:00.000000000
20,Pagado,2066-04-01,1,2548,711,2006-04-01 00:00:00.000000000
380,Pagado,2002-10-01,1,2548,713,2001-04-01 00:00:00.000000000
100,Pagado,2003-03-01,1,2548,713,2002-11-01 00:00:00.000000000
40,Pagado,2003-05-01,1,2548,713,2003-04-01 00:00:00.000000000
20,Pagado,2003-06-01,1,2548,713,2003-06-01 00:00:00.000000000
20,Pagado,2003-07-01,1,2548,713,2003-07-01 00:00:00.000000000
100,Pagado,2003-12-01,1,2548,713,2003-08-01 00:00:00.000000000
60,Pagado,2004-03-01,1,2548,713,2004-01-01 00:00:00.000000000
60,Pagado,2004-06-01,1,2548,713,2004-04-01 00:00:00.000000000
120,Pagado,2004-12-01,1,2548,713,2004-07-01 00:00:00.000000000
80,Pagado,2005-04-01,1,2548,713,2005-01-01 00:00:00.000000000
60,Pagado,2005-07-01,1,2548,713,2005-05-01 00:00:00.000000000
100,Pagado,2005-12-01,1,2548,713,2005-08-01 00:00:00.000000000
100,Pagado,2006-05-01,1,2548,713,2006-01-01 00:00:00.000000000
40,Pagado,2006-07-01,1,2548,713,2006-06-01 00:00:00.000000000
60,Pagado,2006-10-01,1,2548,713,2006-08-01 00:00:00.000000000
60,Pagado,2007-01-01,1,2548,713,2006-11-01 00:00:00.000000000
200,Pagado,2007-11-01,1,2548,713,2007-02-01 00:00:00.000000000
100,Pagado,2001-03-01,1,2548,714,2001-01-01 00:00:00.000000000
100,Pagado,2001-08-01,1,2548,715,2001-04-01 00:00:00.000000000
200,Pagado,2002-06-01,1,2548,715,2001-09-01 00:00:00.000000000
400,Pagado,2004-02-01,1,2548,715,2002-07-01 00:00:00.000000000
200,Pagado,2004-12-01,1,2548,715,2004-05-01 00:00:00.000000000
100,Pagado,2005-05-01,1,2548,715,2005-01-01 00:00:00.000000000
40,Pagado,2005-07-01,1,2548,715,2005-06-01 00:00:00.000000000
300,Pagado,2006-10-01,1,2548,715,2005-08-01 00:00:00.000000000
60,Pagado,2007-01-01,1,2548,715,2006-11-01 00:00:00.000000000
220,Pagado,2007-12-01,1,2548,715,2007-02-01 00:00:00.000000000
240,Pagado,2008-12-01,1,2548,715,2008-01-01 00:00:00.000000000
20,Pagado,2009-01-01,1,2548,715,2009-01-01 00:00:00.000000000
220,Pagado,2009-12-01,1,2548,715,2009-02-01 00:00:00.000000000
200,Pagado,2010-10-01,1,2548,715,2010-01-01 00:00:00.000000000
280,Pagado,2011-12-01,1,2548,715,2010-11-01 00:00:00.000000000
100,Pagado,2012-05-01,1,2548,715,2012-01-01 00:00:00.000000000
140,Pagado,2012-12-01,1,2548,715,2012-06-01 00:00:00.000000000
240,Pagado,2013-12-01,1,2548,715,2013-01-01 00:00:00.000000000
100,Pagado,2014-05-01,1,2548,715,2014-01-01 00:00:00.000000000
140,Pagado,2014-12-01,1,2548,715,2014-06-01 00:00:00.000000000
100,Pagado,2016-06-01,1,2548,715,2016-02-01 00:00:00.000000000
120,Pagado,2016-12-01,1,2548,715,2016-06-01 00:00:00.000000000
100,Pagado,2017-05-01,1,2548,715,2017-01-01 00:00:00.000000000
120,Pagado,2017-11-01,1,2548,715,2017-06-01 00:00:00.000000000
240,Pagado,2018-11-01,1,2548,715,2017-12-01 00:00:00.000000000
260,Pagado,2019-12-01,1,2548,715,2018-12-01 00:00:00.000000000
240,Pagado,2020-12-01,1,2548,715,2020-01-01 00:00:00.000000000
100,Pagado,2021-05-01,1,2548,715,2021-01-01 00:00:00.000000000
240,Pagado,2022-12-01,1,2548,715,2022-01-01 00:00:00.000000000
240,Pagado,2023-12-01,1,2548,715,2023-01-01 00:00:00.000000000
210,Pagado,2024-07-01,1,2548,715,2024-01-01 00:00:00.000000000
150,Pagado,2024-12-01,1,2548,715,2024-08-01 00:00:00.000000000
360,Pagado,2025-12-01,1,2548,715,2025-01-01 00:00:00.000000000
240,Pagado,2002-10-01,1,2548,716,2001-11-01 00:00:00.000000000
100,Pagado,2003-08-01,1,2548,716,2003-04-01 00:00:00.000000000
100,Pagado,2004-01-01,1,2548,716,2003-09-01 00:00:00.000000000
60,Pagado,2004-04-01,1,2548,716,2004-02-01 00:00:00.000000000
100,Pagado,2004-09-01,1,2548,716,2004-05-01 00:00:00.000000000
100,Pagado,2005-02-01,1,2548,716,2004-10-01 00:00:00.000000000
100,Pagado,2005-07-01,1,2548,716,2005-03-01 00:00:00.000000000
100,Pagado,2005-12-01,1,2548,716,2005-08-01 00:00:00.000000000
20,Pagado,2001-06-01,1,2548,717,2001-06-01 00:00:00.000000000
100,Pagado,2001-11-01,1,2548,717,2001-07-01 00:00:00.000000000
200,Pagado,2001-10-01,1,2548,718,2001-01-01 00:00:00.000000000
100,Pagado,2002-03-01,1,2548,718,2001-11-01 00:00:00.000000000
60,Pagado,2002-06-01,1,2548,718,2002-04-01 00:00:00.000000000
100,Pagado,2002-11-01,1,2548,718,2002-07-01 00:00:00.000000000
100,Pagado,2003-04-01,1,2548,718,2003-12-01 00:00:00.000000000
60,Pagado,2003-07-01,1,2548,718,2003-05-01 00:00:00.000000000
40,Pagado,2003-09-01,1,2548,718,2003-08-01 00:00:00.000000000
60,Pagado,2003-12-01,1,2548,718,2003-10-01 00:00:00.000000000
20,Pagado,2004-01-01,1,2548,718,2004-01-01 00:00:00.000000000
100,Pagado,2004-08-01,1,2548,718,2004-04-01 00:00:00.000000000
20,Pagado,2004-09-01,1,2548,718,2004-09-01 00:00:00.000000000
60,Pagado,2004-12-01,1,2548,718,2004-10-01 00:00:00.000000000
20,Pagado,2005-01-01,1,2548,718,2005-01-01 00:00:00.000000000
2580,Pagado,2011-10-01,1,2548,720,2001-02-01 00:00:00.000000000
80,Pagado,2002-04-01,1,2548,721,2002-01-01 00:00:00.000000000
60,Pagado,2002-07-01,1,2548,721,2002-05-01 00:00:00.000000000
140,Pagado,2003-02-01,1,2548,721,2002-08-01 00:00:00.000000000
240,Pagado,2004-02-01,1,2548,721,2003-03-01 00:00:00.000000000
400,Pagado,2006-09-01,1,2548,721,2005-02-01 00:00:00.000000000
100,Pagado,2007-02-01,1,2548,721,2006-10-01 00:00:00.000000000
600,Pagado,2009-08-01,1,2548,721,2007-03-01 00:00:00.000000000
80,Pagado,2009-12-01,1,2548,721,2009-09-01 00:00:00.000000000
200,Pagado,2010-10-01,1,2548,721,2010-01-01 00:00:00.000000000
40,Pagado,2010-12-01,1,2548,721,2010-11-01 00:00:00.000000000
240,Pagado,2011-12-01,1,2548,721,2011-01-01 00:00:00.000000000
240,Pagado,2012-12-01,1,2548,721,2012-01-01 00:00:00.000000000
20,Pagado,2001-03-01,1,2548,722,2001-03-01 00:00:00.000000000
200,Pagado,2002-01-01,1,2548,722,2001-04-01 00:00:00.000000000
20,Pagado,2002-03-01,1,2548,722,2002-03-01 00:00:00.000000000
20,Pagado,2002-04-01,1,2548,722,2002-04-01 00:00:00.000000000
40,Pagado,2002-07-01,1,2548,722,2002-06-01 00:00:00.000000000
60,Pagado,2002-09-01,1,2548,722,2002-07-01 00:00:00.000000000
400,Pagado,2004-05-01,1,2548,722,2002-10-01 00:00:00.000000000
1000,Pagado,2008-07-01,1,2548,722,2004-06-01 00:00:00.000000000
220,Pagado,2001-12-01,1,2548,723,2001-02-01 00:00:00.000000000
420,Pagado,2003-09-01,1,2548,723,2002-01-01 00:00:00.000000000
500,Pagado,2003-02-01,1,2548,725,2001-02-01 00:00:00.000000000
725,Pagado,2003-12-01,1,2548,725,2003-03-01 00:00:00.000000000
200,Pagado,2004-10-01,1,2548,725,2004-01-01 00:00:00.000000000
320,Pagado,2002-05-01,1,2548,727,2001-02-01 00:00:00.000000000
20,Pagado,2002-06-01,1,2548,727,2002-06-01 00:00:00.000000000
340,Pagado,2003-11-01,1,2548,727,2002-07-01 00:00:00.000000000
200,Pagado,2004-10-01,1,2548,727,2004-01-01 00:00:00.000000000
60,Pagado,2005-01-01,1,2548,727,2004-11-01 00:00:00.000000000
160,Pagado,2005-09-01,1,2548,727,2005-02-01 00:00:00.000000000
20,Pagado,2005-10-01,1,2548,727,2005-10-01 00:00:00.000000000
20,Pagado,2005-11-01,1,2548,727,2005-11-01 00:00:00.000000000
20,Pagado,2005-12-01,1,2548,727,2005-12-01 00:00:00.000000000
20,Pagado,2006-01-01,1,2548,727,2006-01-01 00:00:00.000000000
20,Pagado,2006-02-01,1,2548,727,2006-02-01 00:00:00.000000000
20,Pagado,2006-03-01,1,2548,727,2006-03-01 00:00:00.000000000
20,Pagado,2006-04-01,1,2548,727,2006-04-01 00:00:00.000000000
40,Pagado,2006-06-01,1,2548,727,2006-05-01 00:00:00.000000000
60,Pagado,2006-09-01,1,2548,727,2006-07-01 00:00:00.000000000
60,Pagado,2006-12-01,1,2548,727,2006-10-01 00:00:00.000000000
120,Pagado,2013-12-01,1,2548,727,2013-07-01 00:00:00.000000000
1920,Pagado,2014-12-01,1,2548,727,2007-01-01 00:00:00.000000000
200,Pagado,2015-10-01,1,2548,727,2015-01-01 00:00:00.000000000
100,Pagado,2016-03-01,1,2548,727,2015-11-01 00:00:00.000000000
800,Pagado,2019-07-01,1,2548,727,2016-04-01 00:00:00.000000000
800,Pagado,2022-11-01,1,2548,727,2019-08-01 00:00:00.000000000
260,Pagado,2002-02-01,1,2548,728,2001-02-01 00:00:00.000000000
60,Pagado,2004-09-01,1,2548,728,2004-07-01 00:00:00.000000000
20,Pagado,2004-10-01,1,2548,728,2004-10-01 00:00:00.000000000
60,Pagado,2005-01-01,1,2548,728,2004-11-01 00:00:00.000000000
40,Pagado,2005-03-01,1,2548,728,2005-02-01 00:00:00.000000000
40,Pagado,2005-05-01,1,2548,728,2005-04-01 00:00:00.000000000
40,Pagado,2005-07-01,1,2548,728,2005-06-01 00:00:00.000000000
40,Pagado,2005-09-01,1,2548,728,2005-08-01 00:00:00.000000000
40,Pagado,2005-11-01,1,2548,728,2005-10-01 00:00:00.000000000
100,Pagado,2006-09-01,1,2548,728,2006-05-01 00:00:00.000000000
100,Pagado,2007-02-01,1,2548,728,2006-10-01 00:00:00.000000000
100,Pagado,2007-07-01,1,2548,728,2007-05-01 00:00:00.000000000
20,Pagado,2001-03-01,1,2548,729,2001-03-01 00:00:00.000000000
60,Pagado,2001-06-01,1,2548,729,2001-05-01 00:00:00.000000000
380,Pagado,2003-02-01,1,2548,729,2001-08-01 00:00:00.000000000
300,Pagado,2004-05-01,1,2548,729,2003-03-01 00:00:00.000000000
80,Pagado,2004-09-01,1,2548,729,2004-06-01 00:00:00.000000000
300,Pagado,2002-07-01,1,2548,731,2001-05-01 00:00:00.000000000
800,Pagado,2005-11-01,1,2548,731,2002-08-01 00:00:00.000000000
80,Pagado,2001-06-01,1,2548,732,2001-03-01 00:00:00.000000000
80,Pagado,2001-10-01,1,2548,732,2001-07-01 00:00:00.000000000
100,Pagado,2001-12-01,1,2548,732,2003-08-01 00:00:00.000000000
100,Pagado,2002-03-01,1,2548,732,2001-11-01 00:00:00.000000000
60,Pagado,2002-06-01,1,2548,732,2002-04-01 00:00:00.000000000
140,Pagado,2003-01-01,1,2548,732,2002-07-01 00:00:00.000000000
120,Pagado,2003-07-01,1,2548,732,2003-02-01 00:00:00.000000000
20,Pagado,2004-01-01,1,2548,732,2004-01-01 00:00:00.000000000
20,Pagado,2004-02-01,1,2548,732,2004-02-01 00:00:00.000000000
220,Pagado,2005-01-01,1,2548,732,2004-03-01 00:00:00.000000000
500,Pagado,2007-02-01,1,2548,732,2005-02-01 00:00:00.000000000
30,Pagado,2007-03-01,1,2548,732,2007-03-01 00:00:00.000000000
420,Pagado,2002-12-01,1,2548,733,2001-04-01 00:00:00.000000000
100,Pagado,2003-05-01,1,2548,733,2003-01-01 00:00:00.000000000
80,Pagado,2003-09-01,1,2548,733,2003-06-01 00:00:00.000000000
40,Pagado,2003-11-01,1,2548,733,2003-10-01 00:00:00.000000000
60,Pagado,2004-12-01,1,2548,733,2004-10-01 00:00:00.000000000
500,Pagado,2003-05-01,1,2548,734,2001-03-01 00:00:00.000000000
820,Pagado,2004-08-01,1,2548,736,2001-04-01 00:00:00.000000000
80,Pagado,2004-11-01,1,2548,736,2004-08-01 00:00:00.000000000
20,Pagado,2004-12-01,1,2548,736,2004-12-01 00:00:00.000000000
20,Pagado,2005-01-01,1,2548,736,2005-01-01 00:00:00.000000000
400,Pagado,2006-09-01,1,2548,736,2005-02-01 00:00:00.000000000
100,Pagado,2007-02-01,1,2548,736,2006-10-01 00:00:00.000000000
500,Pagado,2009-03-01,1,2548,736,2007-03-01 00:00:00.000000000
240,Pagado,2010-03-01,1,2548,736,2009-04-01 00:00:00.000000000
240,Pagado,2011-03-01,1,2548,736,2010-04-01 00:00:00.000000000
240,Pagado,2012-03-01,1,2548,736,2011-04-01 00:00:00.000000000
200,Pagado,2001-12-01,1,2548,737,2001-03-01 00:00:00.000000000
100,Pagado,2002-05-01,1,2548,737,2002-01-01 00:00:00.000000000
100,Pagado,2002-10-01,1,2548,737,2002-06-01 00:00:00.000000000
100,Pagado,2003-03-01,1,2548,737,2002-11-01 00:00:00.000000000
200,Pagado,2004-01-01,1,2548,737,2003-04-01 00:00:00.000000000
200,Pagado,2004-11-01,1,2548,737,2004-02-01 00:00:00.000000000
100,Pagado,2005-04-01,1,2548,737,2004-09-01 00:00:00.000000000
700,Pagado,2004-01-01,1,2548,738,2001-03-01 00:00:00.000000000
300,Pagado,2002-05-01,1,2548,739,2001-03-01 00:00:00.000000000
480,Pagado,2008-12-01,1,2548,739,2007-01-01 00:00:00.000000000
240,Pagado,2009-12-01,1,2548,739,2009-01-01 00:00:00.000000000
20,Pagado,2001-03-01,1,2548,740,2001-03-01 00:00:00.000000000
20,Pagado,2001-04-01,1,2548,740,2001-04-01 00:00:00.000000000
2580,Pagado,2012-01-01,1,2548,740,2001-05-01 00:00:00.000000000
220,Pagado,2012-12-01,1,2548,740,2012-02-01 00:00:00.000000000
580,Pagado,2015-05-01,1,2548,740,2013-01-01 00:00:00.000000000
60,Pagado,2015-08-01,1,2548,740,2015-06-01 00:00:00.000000000
140,Pagado,2016-03-01,1,2548,740,2015-09-01 00:00:00.000000000
180,Pagado,2016-12-01,1,2548,740,2016-04-01 00:00:00.000000000
200,Pagado,2017-10-01,1,2548,740,2017-01-01 00:00:00.000000000
280,Pagado,2018-12-01,1,2548,740,2017-11-01 00:00:00.000000000
240,Pagado,2019-12-01,1,2548,740,2019-01-01 00:00:00.000000000
240,Pagado,2020-12-01,1,2548,740,2020-01-01 00:00:00.000000000
240,Pagado,2021-12-01,1,2548,740,2021-01-01 00:00:00.000000000
480,Pagado,2023-12-01,1,2548,740,2022-01-01 00:00:00.000000000
360,Pagado,2024-12-01,1,2548,740,2024-01-01 00:00:00.000000000
200,Pagado,2001-12-01,1,2548,741,2001-03-01 00:00:00.000000000
940,Pagado,2005-11-01,1,2548,741,2002-01-01 00:00:00.000000000
120,Pagado,2006-05-01,1,2548,741,2005-12-01 00:00:00.000000000
100,Pagado,2006-10-01,1,2548,741,2006-06-01 00:00:00.000000000
1120,Pagado,2011-06-01,1,2548,741,2006-11-01 00:00:00.000000000
200,Pagado,2001-12-01,1,2548,742,2001-03-01 00:00:00.000000000
240,Pagado,2002-12-01,1,2548,742,2002-01-01 00:00:00.000000000
400,Pagado,2002-10-01,1,2548,743,2001-03-01 00:00:00.000000000
100,Pagado,2003-03-01,1,2548,743,2002-11-01 00:00:00.000000000
100,Pagado,2003-08-01,1,2548,743,2003-04-01 00:00:00.000000000
40,Pagado,2003-10-01,1,2548,743,2003-09-01 00:00:00.000000000
100,Pagado,2005-01-01,1,2548,743,2004-09-01 00:00:00.000000000
60,Pagado,2005-04-01,1,2548,743,2005-02-01 00:00:00.000000000
60,Pagado,2005-07-01,1,2548,743,2005-05-01 00:00:00.000000000
40,Pagado,2005-09-01,1,2548,743,2005-08-01 00:00:00.000000000
20,Pagado,2001-12-01,1,2548,744,2001-12-01 00:00:00.000000000
40,Pagado,2001-05-01,1,2548,747,2001-04-01 00:00:00.000000000
40,Pagado,2001-07-01,1,2548,747,2001-06-01 00:00:00.000000000
280,Pagado,2002-06-01,1,2548,747,2001-06-01 00:00:00.000000000
20,Pagado,2003-05-01,1,2548,747,2003-05-01 00:00:00.000000000
20,Pagado,2003-06-01,1,2548,747,2003-06-01 00:00:00.000000000
40,Pagado,2003-08-01,1,2548,747,2003-07-01 00:00:00.000000000
20,Pagado,2003-10-01,1,2548,747,2003-10-01 00:00:00.000000000
20,Pagado,2003-11-01,1,2548,747,2003-11-01 00:00:00.000000000
20,Pagado,2003-12-01,1,2548,747,2003-12-01 00:00:00.000000000
80,Pagado,2004-12-01,1,2548,747,2004-09-01 00:00:00.000000000
40,Pagado,2005-02-01,1,2548,747,2005-01-01 00:00:00.000000000
40,Pagado,2005-04-01,1,2548,747,2005-03-01 00:00:00.000000000
100,Pagado,2005-09-01,1,2548,747,2005-05-01 00:00:00.000000000
20,Pagado,2005-10-01,1,2548,747,2005-10-01 00:00:00.000000000
40,Pagado,2005-12-01,1,2548,747,2005-11-01 00:00:00.000000000
40,Pagado,2006-02-01,1,2548,747,2006-01-01 00:00:00.000000000
100,Pagado,2006-07-01,1,2548,747,2006-03-01 00:00:00.000000000
60,Pagado,2006-10-01,1,2548,747,2006-08-01 00:00:00.000000000
100,Pagado,2007-03-01,1,2548,747,2006-11-01 00:00:00.000000000
20,Pagado,2007-04-01,1,2548,747,2007-04-01 00:00:00.000000000
20,Pagado,2007-05-01,1,2548,747,2007-05-01 00:00:00.000000000
40,Pagado,2007-07-01,1,2548,747,2007-06-01 00:00:00.000000000
100,Pagado,2007-12-01,1,2548,747,2007-08-01 00:00:00.000000000
20,Pagado,2008-01-01,1,2548,747,2008-01-01 00:00:00.000000000
40,Pagado,2008-03-01,1,2548,747,2008-02-01 00:00:00.000000000
20,Pagado,2008-04-01,1,2548,747,2008-04-01 00:00:00.000000000
40,Pagado,2008-06-01,1,2548,747,2008-05-01 00:00:00.000000000
20,Pagado,2008-07-01,1,2548,747,2008-07-01 00:00:00.000000000
100,Pagado,2008-12-01,1,2548,747,2008-08-01 00:00:00.000000000
320,Pagado,2010-05-01,1,2548,747,2009-02-01 00:00:00.000000000
140,Pagado,2010-12-01,1,2548,747,2010-06-01 00:00:00.000000000
40,Pagado,2011-02-01,1,2548,747,2011-01-01 00:00:00.000000000
60,Pagado,2011-05-01,1,2548,747,2011-03-01 00:00:00.000000000
60,Pagado,2011-08-01,1,2548,747,2011-06-01 00:00:00.000000000
80,Pagado,2011-12-01,1,2548,747,2011-09-01 00:00:00.000000000
60,Pagado,2012-03-01,1,2548,747,2012-01-01 00:00:00.000000000
120,Pagado,2012-09-01,1,2548,747,2012-04-01 00:00:00.000000000
60,Pagado,2012-12-01,1,2548,747,2012-10-01 00:00:00.000000000
120,Pagado,2013-06-01,1,2548,747,2013-01-01 00:00:00.000000000
100,Pagado,2013-11-01,1,2548,747,2013-07-01 00:00:00.000000000
20,Pagado,2013-12-01,1,2548,747,2013-12-01 00:00:00.000000000
240,Pagado,2014-12-01,1,2548,747,2014-01-01 00:00:00.000000000
100,Pagado,2015-05-01,1,2548,747,2015-01-01 00:00:00.000000000
140,Pagado,2015-12-01,1,2548,747,2015-06-01 00:00:00.000000000
240,Pagado,2016-12-01,1,2548,747,2016-01-01 00:00:00.000000000
20,Pagado,2017-01-01,1,2548,747,2017-01-01 00:00:00.000000000
40,Pagado,2017-03-01,1,2548,747,2017-02-01 00:00:00.000000000
20,Pagado,2017-04-01,1,2548,747,2017-04-01 00:00:00.000000000
40,Pagado,2017-06-01,1,2548,747,2017-05-01 00:00:00.000000000
120,Pagado,2017-12-01,1,2548,747,2017-07-01 00:00:00.000000000
240,Pagado,2018-12-01,1,2548,747,2018-01-01 00:00:00.000000000
240,Pagado,2019-12-01,1,2548,747,2019-01-01 00:00:00.000000000
240,Pagado,2020-12-01,1,2548,747,2020-01-01 00:00:00.000000000
240,Pagado,2021-12-01,1,2548,747,2021-01-01 00:00:00.000000000
240,Pagado,2022-12-01,1,2548,747,2022-01-01 00:00:00.000000000
240,Pagado,2023-12-01,1,2548,747,2023-01-01 00:00:00.000000000
180,Pagado,2024-06-01,1,2548,747,2024-01-01 00:00:00.000000000
180,Pagado,2024-12-01,1,2548,747,2024-07-01 00:00:00.000000000
180,Pagado,2025-06-01,1,2548,747,2025-01-01 00:00:00.000000000
180,Pagado,2025-12-01,1,2548,747,2025-07-01 00:00:00.000000000
300,Pagado,2026-10-01,1,2548,747,2026-01-01 00:00:00.000000000
40,Pagado,2002-02-01,1,2548,750,2002-01-01 00:00:00.000000000
20,Pagado,2003-07-01,1,2548,750,2003-07-01 00:00:00.000000000
100,Pagado,2001-07-01,1,2548,751,2001-03-01 00:00:00.000000000
100,Pagado,2001-12-01,1,2548,751,2001-08-01 00:00:00.000000000
700,Pagado,2004-01-01,1,2548,752,2001-03-01 00:00:00.000000000
400,Pagado,2005-09-01,1,2548,752,2004-02-01 00:00:00.000000000
100,Pagado,2006-02-01,1,2548,752,2005-10-01 00:00:00.000000000
100,Pagado,2006-07-01,1,2548,752,2006-03-01 00:00:00.000000000
60,Pagado,2024-07-01,1,2548,752,2024-06-01 00:00:00.000000000
150,Pagado,2024-12-01,1,2548,752,2024-08-01 00:00:00.000000000
210,Pagado,2025-07-01,1,2548,752,2025-01-01 00:00:00.000000000
150,Pagado,2025-12-01,1,2548,752,2025-08-01 00:00:00.000000000
60,Pagado,2002-02-01,1,2548,753,2001-12-01 00:00:00.000000000
100,Pagado,2002-07-01,1,2548,753,2002-03-01 00:00:00.000000000
120,Pagado,2003-01-01,1,2548,753,2002-08-01 00:00:00.000000000
380,Pagado,2005-10-01,1,2548,753,2004-04-01 00:00:00.000000000
100,Pagado,2007-01-01,1,2548,753,2006-09-01 00:00:00.000000000
160,Pagado,2007-09-01,1,2548,753,2007-02-01 00:00:00.000000000
280,Pagado,2002-04-01,1,2548,754,2001-03-01 00:00:00.000000000
240,Pagado,2003-04-01,1,2548,754,2002-05-01 00:00:00.000000000
60,Pagado,2003-07-01,1,2548,754,2003-05-01 00:00:00.000000000
20,Pagado,2003-08-01,1,2548,754,2003-08-01 00:00:00.000000000
140,Pagado,2005-04-01,1,2548,754,2004-10-01 00:00:00.000000000
100,Pagado,2005-09-01,1,2548,754,2005-05-01 00:00:00.000000000
20,Pagado,2005-10-01,1,2548,754,2005-10-01 00:00:00.000000000
220,Pagado,2006-09-01,1,2548,754,2005-11-01 00:00:00.000000000
40,Pagado,2006-11-01,1,2548,754,2006-10-01 00:00:00.000000000
220,Pagado,2007-10-01,1,2548,754,2006-12-01 00:00:00.000000000
100,Pagado,2008-03-01,1,2548,754,2007-11-01 00:00:00.000000000
180,Pagado,2008-12-01,1,2548,754,2008-04-01 00:00:00.000000000
40,Pagado,2002-01-01,1,2548,756,2001-12-01 00:00:00.000000000
20,Pagado,2002-02-01,1,2548,756,2002-02-01 00:00:00.000000000
20,Pagado,2002-03-01,1,2548,756,2002-03-01 00:00:00.000000000
20,Pagado,2002-04-01,1,2548,756,2002-04-01 00:00:00.000000000
20,Pagado,2002-05-01,1,2548,756,2002-05-01 00:00:00.000000000
200,Pagado,2009-08-01,1,2548,756,2008-11-01 00:00:00.000000000
100,Pagado,2010-01-01,1,2548,756,2009-09-01 00:00:00.000000000
300,Pagado,2011-04-01,1,2548,756,2010-02-01 00:00:00.000000000
1500,Pagado,2017-07-01,1,2548,756,2011-05-01 00:00:00.000000000
400,Pagado,2019-03-01,1,2548,756,2017-08-01 00:00:00.000000000
200,Pagado,2020-01-01,1,2548,756,2019-04-01 00:00:00.000000000
220,Pagado,2020-12-01,1,2548,756,2020-02-01 00:00:00.000000000
200,Pagado,2021-10-01,1,2548,756,2021-01-01 00:00:00.000000000
40,Pagado,2021-12-01,1,2548,756,2021-11-01 00:00:00.000000000
240,Pagado,2022-12-01,1,2548,756,2022-01-01 00:00:00.000000000
240,Pagado,2023-12-01,1,2548,756,2023-01-01 00:00:00.000000000
360,Pagado,2024-12-01,1,2548,756,2024-01-01 00:00:00.000000000
270,Pagado,2025-12-01,1,2548,756,2025-04-01 00:00:00.000000000
100,Pagado,2001-08-01,1,2548,758,2001-04-01 00:00:00.000000000
1040,Pagado,2005-12-01,1,2548,758,2001-09-01 00:00:00.000000000
240,Pagado,2006-12-01,1,2548,758,2006-01-01 00:00:00.000000000
240,Pagado,2007-12-01,1,2548,758,2007-01-01 00:00:00.000000000
240,Pagado,2008-12-01,1,2548,758,2008-01-01 00:00:00.000000000
240,Pagado,2009-12-01,1,2548,758,2009-01-01 00:00:00.000000000
220,Pagado,2010-11-01,1,2548,758,2010-01-01 00:00:00.000000000
240,Pagado,2011-11-01,1,2548,758,2010-12-01 00:00:00.000000000
240,Pagado,2012-11-01,1,2548,758,2011-12-01 00:00:00.000000000
240,Pagado,2013-11-01,1,2548,758,2012-12-01 00:00:00.000000000
240,Pagado,2014-11-01,1,2548,758,2013-12-01 00:00:00.000000000
260,Pagado,2015-12-01,1,2548,758,2014-12-01 00:00:00.000000000
240,Pagado,2016-12-01,1,2548,758,2016-01-01 00:00:00.000000000
460,Pagado,2018-11-01,1,2548,758,2017-01-01 00:00:00.000000000
740,Pagado,2021-12-01,1,2548,758,2018-12-01 00:00:00.000000000
240,Pagado,2022-12-01,1,2548,758,2022-01-01 00:00:00.000000000
240,Pagado,2023-12-01,1,2548,758,2023-01-01 00:00:00.000000000
360,Pagado,2024-12-01,1,2548,758,2024-01-01 00:00:00.000000000
360,Pagado,2025-12-01,1,2548,758,2025-01-01 00:00:00.000000000
20,Pagado,2001-12-01,1,2548,759,2001-12-01 00:00:00.000000000
500,Pagado,2009-12-01,1,2548,759,2007-12-01 00:00:00.000000000
60,Pagado,2002-02-01,1,2548,760,2001-12-01 00:00:00.000000000
100,Pagado,2002-07-01,1,2548,760,2002-03-01 00:00:00.000000000
60,Pagado,2002-10-01,1,2548,760,2002-08-01 00:00:00.000000000
100,Pagado,2003-03-01,1,2548,760,2002-11-01 00:00:00.000000000
100,Pagado,2003-08-01,1,2548,760,2003-04-01 00:00:00.000000000
80,Pagado,2003-12-01,1,2548,760,2003-09-01 00:00:00.000000000
100,Pagado,2004-05-01,1,2548,760,2004-01-01 00:00:00.000000000
120,Pagado,2004-11-01,1,2548,760,2004-06-01 00:00:00.000000000
60,Pagado,2005-02-01,1,2548,760,2004-12-01 00:00:00.000000000
100,Pagado,2005-07-01,1,2548,760,2005-03-01 00:00:00.000000000
100,Pagado,2005-12-01,1,2548,760,2005-08-01 00:00:00.000000000
200,Pagado,2006-10-01,1,2548,760,2006-01-01 00:00:00.000000000
300,Pagado,2008-01-01,1,2548,760,2006-11-01 00:00:00.000000000
200,Pagado,2008-11-01,1,2548,760,2008-02-01 00:00:00.000000000
160,Pagado,2009-07-01,1,2548,760,2008-12-01 00:00:00.000000000
200,Pagado,2010-05-01,1,2548,760,2009-08-01 00:00:00.000000000
200,Pagado,2011-03-01,1,2548,760,2010-06-01 00:00:00.000000000
400,Pagado,2002-11-01,1,2548,761,2001-04-01 00:00:00.000000000
280,Pagado,2002-05-01,1,2548,762,2001-04-01 00:00:00.000000000
80,Pagado,2002-09-01,1,2548,762,2002-06-01 00:00:00.000000000
200,Pagado,2002-01-01,1,2548,763,2001-04-01 00:00:00.000000000
800,Pagado,2005-05-01,1,2548,763,2002-02-01 00:00:00.000000000
200,Pagado,2006-05-01,1,2548,763,2005-06-01 00:00:00.000000000
200,Pagado,2007-01-01,1,2548,763,2006-04-01 00:00:00.000000000
700,Pagado,2009-12-01,1,2548,763,2007-02-01 00:00:00.000000000
300,Pagado,2011-03-01,1,2548,763,2010-01-01 00:00:00.000000000
100,Pagado,2011-08-01,1,2548,763,2011-04-01 00:00:00.000000000
1000,Pagado,2015-10-01,1,2548,763,2011-01-01 00:00:00.000000000
360,Pagado,2017-04-01,1,2548,763,2015-11-01 00:00:00.000000000
360,Pagado,2018-10-01,1,2548,763,2017-05-01 00:00:00.000000000
360,Pagado,2020-04-01,1,2548,763,2018-11-01 00:00:00.000000000
360,Pagado,2021-10-01,1,2548,763,2020-05-01 00:00:00.000000000
220,Pagado,2022-09-01,1,2548,763,2021-11-01 00:00:00.000000000
60,Pagado,2022-12-01,1,2548,763,2022-10-01 00:00:00.000000000
200,Pagado,2023-10-01,1,2548,763,2023-01-01 00:00:00.000000000
40,Pagado,2023-12-01,1,2548,763,2023-11-01 00:00:00.000000000
180,Pagado,2024-06-01,1,2548,763,2024-01-01 00:00:00.000000000
180,Pagado,2024-12-01,1,2548,763,2024-07-01 00:00:00.000000000
180,Pagado,2025-06-01,1,2548,763,2025-01-01 00:00:00.000000000
180,Pagado,2025-12-01,1,2548,763,2025-07-01 00:00:00.000000000
20,Pagado,2001-12-01,1,2548,764,2001-12-01 00:00:00.000000000
260,Pagado,2004-09-01,1,2548,764,2003-09-01 00:00:00.000000000
240,Pagado,2009-12-01,1,2548,764,2009-01-01 00:00:00.000000000
240,Pagado,2010-12-01,1,2548,764,2010-01-01 00:00:00.000000000
20,Pagado,2011-01-01,1,2548,764,2011-01-01 00:00:00.000000000
220,Pagado,2011-12-01,1,2548,764,2011-02-01 00:00:00.000000000
240,Pagado,2012-12-01,1,2548,764,2012-01-01 00:00:00.000000000
240,Pagado,2013-12-01,1,2548,764,2013-01-01 00:00:00.000000000
240,Pagado,2014-12-01,1,2548,764,2014-01-01 00:00:00.000000000
20,Pagado,2015-01-01,1,2548,764,2015-01-01 00:00:00.000000000
20,Pagado,2015-02-01,1,2548,764,2015-02-01 00:00:00.000000000
180,Pagado,2015-11-01,1,2548,764,2015-03-01 00:00:00.000000000
220,Pagado,2015-11-01,1,2548,764,2015-01-01 00:00:00.000000000
20,Pagado,2015-12-01,1,2548,764,2015-12-01 00:00:00.000000000
240,Pagado,2016-12-01,1,2548,764,2016-01-01 00:00:00.000000000
240,Pagado,2017-12-01,1,2548,764,2017-01-01 00:00:00.000000000
240,Pagado,2018-12-01,1,2548,764,2018-01-01 00:00:00.000000000
240,Pagado,2019-12-01,1,2548,764,2019-01-01 00:00:00.000000000
240,Pagado,2020-12-01,1,2548,764,2020-01-01 00:00:00.000000000
240,Pagado,2021-12-01,1,2548,764,2021-01-01 00:00:00.000000000
240,Pagado,2022-12-01,1,2548,764,2022-01-01 00:00:00.000000000
240,Pagado,2023-12-01,1,2548,764,2023-01-01 00:00:00.000000000
360,Pagado,2024-12-01,1,2548,764,2024-01-01 00:00:00.000000000
380,Pagado,2002-10-01,1,2548,765,2001-04-01 00:00:00.000000000
260,Pagado,2003-11-01,1,2548,765,2002-11-01 00:00:00.000000000
20,Pagado,2003-12-01,1,2548,765,2003-12-01 00:00:00.000000000
260,Pagado,2005-01-01,1,2548,765,2004-01-01 00:00:00.000000000
260,Pagado,2006-02-01,1,2548,765,2005-02-01 00:00:00.000000000
500,Pagado,2008-03-01,1,2548,765,2006-03-01 00:00:00.000000000
20,Pagado,2001-06-01,1,2548,770,2001-06-01 00:00:00.000000000
200,Pagado,2002-05-01,1,2548,770,2001-08-01 00:00:00.000000000
760,Pagado,2004-05-01,1,2548,771,2001-04-01 00:00:00.000000000
100,Pagado,2001-08-01,1,2548,772,2001-04-01 00:00:00.000000000
100,Pagado,2002-01-01,1,2548,772,2001-09-01 00:00:00.000000000
100,Pagado,2002-06-01,1,2548,772,2002-02-01 00:00:00.000000000
120,Pagado,2002-12-01,1,2548,772,2002-07-01 00:00:00.000000000
180,Pagado,2003-09-01,1,2548,772,2003-01-01 00:00:00.000000000
772,Pagado,2004-02-01,1,2548,772,2003-10-01 00:00:00.000000000
120,Pagado,2005-01-01,1,2548,772,2004-08-01 00:00:00.000000000
60,Pagado,2005-04-01,1,2548,772,2005-02-01 00:00:00.000000000
100,Pagado,2005-09-01,1,2548,772,2005-05-01 00:00:00.000000000
60,Pagado,2005-12-01,1,2548,772,2005-10-01 00:00:00.000000000
160,Pagado,2006-08-01,1,2548,772,2006-01-01 00:00:00.000000000
80,Pagado,2006-12-01,1,2548,772,2006-09-01 00:00:00.000000000
80,Pagado,2007-04-01,1,2548,772,2007-01-01 00:00:00.000000000
100,Pagado,2007-09-01,1,2548,772,2007-05-01 00:00:00.000000000
60,Pagado,2007-12-01,1,2548,772,2007-10-01 00:00:00.000000000
40,Pagado,2008-02-01,1,2548,772,2008-01-01 00:00:00.000000000
120,Pagado,2008-08-01,1,2548,772,2008-03-01 00:00:00.000000000
40,Pagado,2008-10-01,1,2548,772,2008-09-01 00:00:00.000000000
280,Pagado,2009-12-01,1,2548,772,2008-11-01 00:00:00.000000000
80,Pagado,2010-04-01,1,2548,772,2010-01-01 00:00:00.000000000
40,Pagado,2010-06-01,1,2548,772,2010-05-01 00:00:00.000000000
120,Pagado,2010-12-01,1,2548,772,2010-07-01 00:00:00.000000000
60,Pagado,2011-03-01,1,2548,772,2011-01-01 00:00:00.000000000
60,Pagado,2011-06-01,1,2548,772,2011-04-01 00:00:00.000000000
120,Pagado,2011-12-01,1,2548,772,2011-07-01 00:00:00.000000000
100,Pagado,2012-05-01,1,2548,772,2012-01-01 00:00:00.000000000
60,Pagado,2012-07-01,1,2548,772,2012-06-01 00:00:00.000000000
80,Pagado,2012-12-01,1,2548,772,2012-09-01 00:00:00.000000000
240,Pagado,2013-12-01,1,2548,772,2013-01-01 00:00:00.000000000
220,Pagado,2014-11-01,1,2548,772,2014-01-01 00:00:00.000000000
120,Pagado,2015-05-01,1,2548,772,2014-12-01 00:00:00.000000000
120,Pagado,2015-11-01,1,2548,772,2015-06-01 00:00:00.000000000
500,Pagado,2017-12-01,1,2548,772,2015-12-01 00:00:00.000000000
240,Pagado,2018-12-01,1,2548,772,2018-01-01 00:00:00.000000000
240,Pagado,2019-12-01,1,2548,772,2019-01-01 00:00:00.000000000
20,Pagado,2020-01-01,1,2548,772,2020-01-01 00:00:00.000000000
220,Pagado,2020-12-01,1,2548,772,2020-02-01 00:00:00.000000000
240,Pagado,2021-12-01,1,2548,772,2021-01-01 00:00:00.000000000
200,Pagado,2022-10-01,1,2548,772,2022-01-01 00:00:00.000000000
40,Pagado,2022-12-01,1,2548,772,2022-11-01 00:00:00.000000000
240,Pagado,2023-12-01,1,2548,772,2023-01-01 00:00:00.000000000
300,Pagado,2002-08-01,1,2548,775,2001-06-01 00:00:00.000000000
100,Pagado,2003-01-01,1,2548,775,2002-09-01 00:00:00.000000000
1140,Pagado,2006-09-01,1,2548,776,2002-01-01 00:00:00.000000000
260,Pagado,2008-05-01,1,2548,776,2007-05-01 00:00:00.000000000
210,Pagado,2002-12-01,1,2548,777,2001-04-01 00:00:00.000000000
50,Pagado,2003-05-01,1,2548,777,2003-01-01 00:00:00.000000000
30,Pagado,2003-08-01,1,2548,777,2003-06-01 00:00:00.000000000
520,Pagado,2005-10-01,1,2548,777,2003-09-01 00:00:00.000000000
100,Pagado,2006-03-01,1,2548,777,2005-11-01 00:00:00.000000000
120,Pagado,2006-09-01,1,2548,777,2006-04-01 00:00:00.000000000
100,Pagado,2007-01-01,1,2548,777,2006-09-01 00:00:00.000000000
40,Pagado,2007-03-01,1,2548,777,2007-02-01 00:00:00.000000000
3320,Pagado,2020-08-01,1,2548,777,2007-04-01 00:00:00.000000000
100,Pagado,2002-01-01,1,2548,779,2001-09-01 00:00:00.000000000
100,Pagado,2002-06-01,1,2548,779,2002-02-01 00:00:00.000000000
160,Pagado,2003-02-01,1,2548,779,2002-07-01 00:00:00.000000000
100,Pagado,2003-07-01,1,2548,779,2003-03-01 00:00:00.000000000
60,Pagado,2003-10-01,1,2548,779,2003-08-01 00:00:00.000000000
20,Pagado,2003-11-01,1,2548,779,2003-11-01 00:00:00.000000000
40,Pagado,2004-03-01,1,2548,779,2004-02-01 00:00:00.000000000
100,Pagado,2004-08-01,1,2548,779,2004-04-01 00:00:00.000000000
380,Pagado,2006-03-01,1,2548,779,2004-09-01 00:00:00.000000000
200,Pagado,2007-01-01,1,2548,779,2006-04-01 00:00:00.000000000
200,Pagado,2007-11-01,1,2548,779,2007-02-01 00:00:00.000000000
100,Pagado,2008-04-01,1,2548,779,2007-12-01 00:00:00.000000000
60,Pagado,2001-11-01,1,2548,780,2001-09-01 00:00:00.000000000
200,Pagado,2002-09-01,1,2548,780,2001-12-01 00:00:00.000000000
100,Pagado,2003-02-01,1,2548,780,2002-10-01 00:00:00.000000000
40,Pagado,2003-04-01,1,2548,780,2003-03-01 00:00:00.000000000
60,Pagado,2003-07-01,1,2548,780,2003-05-01 00:00:00.000000000
40,Pagado,2003-09-01,1,2548,780,2003-08-01 00:00:00.000000000
20,Pagado,2003-10-01,1,2548,780,2003-10-01 00:00:00.000000000
20,Pagado,2003-11-01,1,2548,780,2003-11-01 00:00:00.000000000
20,Pagado,2003-12-01,1,2548,780,2003-12-01 00:00:00.000000000
20,Pagado,2004-01-01,1,2548,780,2004-01-01 00:00:00.000000000
20,Pagado,2004-02-01,1,2548,780,2004-02-01 00:00:00.000000000
40,Pagado,2004-04-01,1,2548,780,2004-03-01 00:00:00.000000000
100,Pagado,2004-09-01,1,2548,780,2004-05-01 00:00:00.000000000
60,Pagado,2004-12-01,1,2548,780,2004-10-01 00:00:00.000000000
100,Pagado,2005-05-01,1,2548,780,2005-01-01 00:00:00.000000000
100,Pagado,2005-10-01,1,2548,780,2005-06-01 00:00:00.000000000
100,Pagado,2006-03-01,1,2548,780,2005-11-01 00:00:00.000000000
140,Pagado,2006-10-01,1,2548,780,2006-04-01 00:00:00.000000000
40,Pagado,2006-12-01,1,2548,780,2006-11-01 00:00:00.000000000
20,Pagado,2007-01-01,1,2548,780,2007-01-01 00:00:00.000000000
60,Pagado,2007-04-01,1,2548,780,2007-02-01 00:00:00.000000000
100,Pagado,2007-09-01,1,2548,780,2007-05-01 00:00:00.000000000
60,Pagado,2007-12-01,1,2548,780,2007-10-01 00:00:00.000000000
100,Pagado,2008-08-01,1,2548,780,2008-04-01 00:00:00.000000000
100,Pagado,2009-01-01,1,2548,780,2008-09-01 00:00:00.000000000
1120,Pagado,2005-11-01,1,2548,782,2001-04-01 00:00:00.000000000
120,Pagado,2006-05-01,1,2548,782,2005-12-01 00:00:00.000000000
100,Pagado,2006-10-01,1,2548,782,2006-06-01 00:00:00.000000000
200,Pagado,2007-08-01,1,2548,782,2006-11-01 00:00:00.000000000
20,Pagado,2001-05-01,1,2548,783,2001-05-01 00:00:00.000000000
20,Pagado,2001-06-01,1,2548,783,2001-06-01 00:00:00.000000000
20,Pagado,2001-08-01,1,2548,783,2001-08-01 00:00:00.000000000
20,Pagado,2002-07-01,1,2548,783,2002-07-01 00:00:00.000000000
140,Pagado,2005-10-01,1,2548,783,2005-04-01 00:00:00.000000000
400,Pagado,2006-12-01,1,2548,783,2005-04-01 00:00:00.000000000
500,Pagado,2009-01-01,1,2548,783,2007-01-01 00:00:00.000000000
240,Pagado,2002-12-01,1,2548,784,2002-01-01 00:00:00.000000000
240,Pagado,2003-12-01,1,2548,784,2003-01-01 00:00:00.000000000
240,Pagado,2004-12-01,1,2548,784,2004-01-01 00:00:00.000000000
80,Pagado,2005-04-01,1,2548,784,2005-01-01 00:00:00.000000000
100,Pagado,2005-09-01,1,2548,784,2005-05-01 00:00:00.000000000
100,Pagado,2006-02-01,1,2548,784,2005-10-01 00:00:00.000000000
200,Pagado,2006-12-01,1,2548,784,2006-03-01 00:00:00.000000000
120,Pagado,2007-06-01,1,2548,784,2007-01-01 00:00:00.000000000
120,Pagado,2007-12-01,1,2548,784,2007-07-01 00:00:00.000000000
280,Pagado,2009-02-01,1,2548,784,2008-01-01 00:00:00.000000000
920,Pagado,2012-12-01,1,2548,784,2009-03-01 00:00:00.000000000
80,Pagado,2001-12-01,1,2548,785,2001-09-01 00:00:00.000000000
180,Pagado,2002-09-01,1,2548,785,2002-01-01 00:00:00.000000000
120,Pagado,2002-03-01,1,2548,786,2001-10-01 00:00:00.000000000
200,Pagado,2003-10-01,1,2548,786,2003-01-01 00:00:00.000000000
100,Pagado,2004-08-01,1,2548,786,2004-04-01 00:00:00.000000000
140,Pagado,2005-03-01,1,2548,786,2004-09-01 00:00:00.000000000
300,Pagado,2006-06-01,1,2548,786,2005-04-01 00:00:00.000000000
220,Pagado,2007-05-01,1,2548,786,2006-07-01 00:00:00.000000000
200,Pagado,2008-05-01,1,2548,786,2007-06-01 00:00:00.000000000
220,Pagado,2009-02-01,1,2548,786,2008-04-01 00:00:00.000000000
60,Pagado,2001-08-01,1,2548,789,2001-06-01 00:00:00.000000000
40,Pagado,2001-10-01,1,2548,789,2001-09-01 00:00:00.000000000
40,Pagado,2001-12-01,1,2548,789,2001-11-01 00:00:00.000000000
40,Pagado,2002-02-01,1,2548,789,2002-01-01 00:00:00.000000000
40,Pagado,2002-04-01,1,2548,789,2002-03-01 00:00:00.000000000
1400,Pagado,2007-02-01,1,2548,791,2001-05-01 00:00:00.000000000
110,Pagado,2002-03-01,1,2548,792,2001-05-01 00:00:00.000000000
160,Pagado,2003-07-01,1,2548,792,2002-04-01 00:00:00.000000000
580,Pagado,2006-07-01,1,2548,792,2004-03-01 00:00:00.000000000
500,Pagado,2008-08-01,1,2548,792,2006-08-01 00:00:00.000000000
200,Pagado,2002-02-01,1,2548,793,2001-05-01 00:00:00.000000000
100,Pagado,2002-11-01,1,2548,793,2002-07-01 00:00:00.000000000
2000,Pagado,2011-03-01,1,2548,793,2002-12-01 00:00:00.000000000
360,Pagado,2003-01-01,1,2548,794,2001-08-01 00:00:00.000000000
360,Pagado,2005-03-01,1,2548,794,2003-10-01 00:00:00.000000000
20,Pagado,2001-12-01,1,2548,795,2001-12-01 00:00:00.000000000
300,Pagado,2005-08-01,1,2548,795,2004-06-01 00:00:00.000000000
100,Pagado,2006-01-01,1,2548,795,2005-09-01 00:00:00.000000000
100,Pagado,2006-06-01,1,2548,795,2006-02-01 00:00:00.000000000
500,Pagado,2008-07-01,1,2548,795,2006-07-01 00:00:00.000000000
500,Pagado,2010-08-01,1,2548,795,2008-08-01 00:00:00.000000000
500,Pagado,2012-09-01,1,2548,795,2010-09-01 00:00:00.000000000
520,Pagado,2014-11-01,1,2548,795,2012-10-01 00:00:00.000000000
260,Pagado,2015-12-01,1,2548,795,2014-12-01 00:00:00.000000000
260,Pagado,2017-01-01,1,2548,795,2016-01-01 00:00:00.000000000
260,Pagado,2018-02-01,1,2548,795,2017-02-01 00:00:00.000000000
520,Pagado,2020-04-01,1,2548,795,2018-03-01 00:00:00.000000000
260,Pagado,2021-05-01,1,2548,795,2020-05-01 00:00:00.000000000
100,Pagado,2021-10-01,1,2548,795,2021-06-01 00:00:00.000000000
40,Pagado,2021-12-01,1,2548,795,2021-11-01 00:00:00.000000000
240,Pagado,2022-12-01,1,2548,795,2022-01-01 00:00:00.000000000
200,Pagado,2023-10-01,1,2548,795,2023-01-01 00:00:00.000000000
40,Pagado,2023-12-01,1,2548,795,2023-11-01 00:00:00.000000000
300,Pagado,2024-10-01,1,2548,795,2024-01-01 00:00:00.000000000
60,Pagado,2024-12-01,1,2548,795,2024-11-01 00:00:00.000000000
150,Pagado,2025-05-01,1,2548,795,2025-01-01 00:00:00.000000000
210,Pagado,2025-12-01,1,2548,795,2025-06-01 00:00:00.000000000
100,Pagado,2002-01-01,1,2548,796,2001-09-01 00:00:00.000000000
100,Pagado,2002-06-01,1,2548,796,2002-02-01 00:00:00.000000000
100,Pagado,2002-11-01,1,2548,796,2002-07-01 00:00:00.000000000
180,Pagado,2002-01-01,1,2548,797,2001-05-01 00:00:00.000000000
20,Pagado,2002-02-01,1,2548,797,2002-02-01 00:00:00.000000000
200,Pagado,2002-12-01,1,2548,797,2002-03-01 00:00:00.000000000
120,Pagado,2003-06-01,1,2548,797,2003-01-01 00:00:00.000000000
120,Pagado,2003-12-01,1,2548,797,2003-07-01 00:00:00.000000000
120,Pagado,2004-06-01,1,2548,797,2004-01-01 00:00:00.000000000
120,Pagado,2004-12-01,1,2548,797,2004-07-01 00:00:00.000000000
120,Pagado,2005-06-01,1,2548,797,2005-01-01 00:00:00.000000000
120,Pagado,2005-12-01,1,2548,797,2005-07-01 00:00:00.000000000
120,Pagado,2006-06-01,1,2548,797,2006-01-01 00:00:00.000000000
120,Pagado,2006-12-01,1,2548,797,2006-07-01 00:00:00.000000000
120,Pagado,2007-06-01,1,2548,797,2007-01-01 00:00:00.000000000
120,Pagado,2007-12-01,1,2548,797,2007-07-01 00:00:00.000000000
120,Pagado,2008-06-01,1,2548,797,2008-01-01 00:00:00.000000000
120,Pagado,2008-12-01,1,2548,797,2008-07-01 00:00:00.000000000
120,Pagado,2009-06-01,1,2548,797,2009-01-01 00:00:00.000000000
120,Pagado,2009-12-01,1,2548,797,2009-07-01 00:00:00.000000000
120,Pagado,2010-12-01,1,2548,797,2010-07-01 00:00:00.000000000
120,Pagado,2011-06-01,1,2548,797,2011-01-01 00:00:00.000000000
120,Pagado,2011-12-01,1,2548,797,2011-07-01 00:00:00.000000000
20,Pagado,2012-02-01,1,2548,797,2012-02-01 00:00:00.000000000
120,Pagado,2012-07-01,1,2548,797,2012-01-01 00:00:00.000000000
120,Pagado,2012-12-01,1,2548,797,2012-07-01 00:00:00.000000000
20,Pagado,2013-01-01,1,2548,797,2013-01-01 00:00:00.000000000
20,Pagado,2013-05-01,1,2548,797,2013-05-01 00:00:00.000000000
60,Pagado,2013-06-01,1,2548,797,2013-04-01 00:00:00.000000000
120,Pagado,2014-06-01,1,2548,797,2014-01-01 00:00:00.000000000
20,Pagado,2014-07-01,1,2548,797,2014-07-01 00:00:00.000000000
20,Pagado,2014-08-01,1,2548,797,2014-08-01 00:00:00.000000000
20,Pagado,2014-09-01,1,2548,797,2014-09-01 00:00:00.000000000
20,Pagado,2014-10-01,1,2548,797,2014-10-01 00:00:00.000000000
40,Pagado,2014-12-01,1,2548,797,2014-11-01 00:00:00.000000000
80,Pagado,2015-04-01,1,2548,797,2015-01-01 00:00:00.000000000
200,Pagado,2002-04-01,1,2548,799,2001-07-01 00:00:00.000000000
160,Pagado,2002-01-01,1,2548,802,2001-06-01 00:00:00.000000000
800,Pagado,2005-05-01,1,2548,802,2002-02-01 00:00:00.000000000
500,Pagado,2007-06-01,1,2548,802,2005-06-01 00:00:00.000000000
140,Pagado,2001-12-01,1,2548,803,2001-06-01 00:00:00.000000000
120,Pagado,2001-11-01,1,2548,805,2001-06-01 00:00:00.000000000
20,Pagado,2001-12-01,1,2548,805,2001-12-01 00:00:00.000000000
100,Pagado,2001-10-01,1,2548,807,2001-06-01 00:00:00.000000000
100,Pagado,2002-03-01,1,2548,807,2001-11-01 00:00:00.000000000
100,Pagado,2002-08-01,1,2548,807,2002-04-01 00:00:00.000000000
100,Pagado,2003-01-01,1,2548,807,2002-09-01 00:00:00.000000000
100,Pagado,2003-06-01,1,2548,807,2003-02-01 00:00:00.000000000
20,Pagado,2003-10-01,1,2548,807,2003-10-01 00:00:00.000000000
100,Pagado,2003-11-01,1,2548,807,2003-07-01 00:00:00.000000000
20,Pagado,2003-12-01,1,2548,807,2003-12-01 00:00:00.000000000
180,Pagado,2004-10-01,1,2548,807,2004-02-01 00:00:00.000000000
20,Pagado,2005-01-01,1,2548,807,2005-01-01 00:00:00.000000000
20,Pagado,2005-02-01,1,2548,807,2005-02-01 00:00:00.000000000
20,Pagado,2005-03-19,1,2548,807,2005-03-19 00:00:00.000000000
20,Pagado,2005-04-01,1,2548,807,2005-04-01 00:00:00.000000000
20,Pagado,2005-05-01,1,2548,807,2005-05-01 00:00:00.000000000
20,Pagado,2005-06-01,1,2548,807,2005-06-01 00:00:00.000000000
20,Pagado,2005-08-01,1,2548,807,2005-08-01 00:00:00.000000000
20,Pagado,2005-09-01,1,2548,807,2005-09-01 00:00:00.000000000
20,Pagado,2005-10-01,1,2548,807,2005-10-01 00:00:00.000000000
20,Pagado,2005-11-01,1,2548,807,2005-11-01 00:00:00.000000000
40,Pagado,2006-01-01,1,2548,807,2005-12-01 00:00:00.000000000
20,Pagado,2006-02-01,1,2548,807,2006-02-01 00:00:00.000000000
20,Pagado,2006-03-01,1,2548,807,2006-03-01 00:00:00.000000000
20,Pagado,2006-04-01,1,2548,807,2006-04-01 00:00:00.000000000
20,Pagado,2006-05-01,1,2548,807,2006-05-01 00:00:00.000000000
40,Pagado,2006-07-01,1,2548,807,2006-06-01 00:00:00.000000000
40,Pagado,2006-09-01,1,2548,807,2006-08-01 00:00:00.000000000
20,Pagado,2006-10-01,1,2548,807,2006-10-01 00:00:00.000000000
40,Pagado,2006-12-01,1,2548,807,2006-11-01 00:00:00.000000000
20,Pagado,2007-02-01,1,2548,807,2007-02-01 00:00:00.000000000
40,Pagado,2007-03-01,1,2548,807,2007-02-01 00:00:00.000000000
40,Pagado,2007-05-01,1,2548,807,2007-04-01 00:00:00.000000000
40,Pagado,2007-07-01,1,2548,807,2007-06-01 00:00:00.000000000
40,Pagado,2007-09-01,1,2548,807,2007-08-01 00:00:00.000000000
20,Pagado,2007-11-01,1,2548,807,2007-11-01 00:00:00.000000000
20,Pagado,2007-12-01,1,2548,807,2007-12-01 00:00:00.000000000
40,Pagado,2008-02-01,1,2548,807,2008-01-01 00:00:00.000000000
20,Pagado,2008-03-01,1,2548,807,2008-03-01 00:00:00.000000000
20,Pagado,2008-04-01,1,2548,807,2008-04-01 00:00:00.000000000
40,Pagado,2008-06-01,1,2548,807,2008-05-01 00:00:00.000000000
20,Pagado,2008-07-01,1,2548,807,2008-07-01 00:00:00.000000000
20,Pagado,2008-08-01,1,2548,807,2008-08-01 00:00:00.000000000
20,Pagado,2008-09-01,1,2548,807,2008-09-01 00:00:00.000000000
40,Pagado,2008-11-01,1,2548,807,2008-10-01 00:00:00.000000000
40,Pagado,2009-01-01,1,2548,807,2008-12-01 00:00:00.000000000
40,Pagado,2009-03-01,1,2548,807,2009-02-01 00:00:00.000000000
400,Pagado,2010-11-01,1,2548,807,2009-04-01 00:00:00.000000000
20,Pagado,2010-12-01,1,2548,807,2010-12-01 00:00:00.000000000
40,Pagado,2011-02-01,1,2548,807,2011-01-01 00:00:00.000000000
40,Pagado,2011-04-01,1,2548,807,2011-03-01 00:00:00.000000000
40,Pagado,2011-06-01,1,2548,807,2011-05-01 00:00:00.000000000
100,Pagado,2011-11-01,1,2548,807,2011-07-01 00:00:00.000000000
100,Pagado,2012-04-01,1,2548,807,2011-12-01 00:00:00.000000000
1000,Pagado,2016-06-01,1,2548,807,2012-04-01 00:00:00.000000000
20,Pagado,2016-07-01,1,2548,807,2016-07-01 00:00:00.000000000
20,Pagado,2016-08-01,1,2548,807,2016-08-01 00:00:00.000000000
20,Pagado,2016-09-01,1,2548,807,2016-09-01 00:00:00.000000000
60,Pagado,2016-12-01,1,2548,807,2016-10-01 00:00:00.000000000
240,Pagado,2017-12-01,1,2548,807,2017-01-01 00:00:00.000000000
240,Pagado,2018-12-01,1,2548,807,2018-01-01 00:00:00.000000000
240,Pagado,2019-12-01,1,2548,807,2019-01-01 00:00:00.000000000
40,Pagado,2020-02-01,1,2548,807,2020-01-01 00:00:00.000000000
200,Pagado,2020-12-01,1,2548,807,2020-03-01 00:00:00.000000000
240,Pagado,2021-12-01,1,2548,807,2021-01-01 00:00:00.000000000
100,Pagado,2022-05-01,1,2548,807,2022-01-01 00:00:00.000000000
140,Pagado,2022-12-01,1,2548,807,2022-06-01 00:00:00.000000000
100,Pagado,2023-05-01,1,2548,807,2023-01-01 00:00:00.000000000
60,Pagado,2023-08-01,1,2548,807,2023-06-01 00:00:00.000000000
60,Pagado,2023-11-01,1,2548,807,2023-09-01 00:00:00.000000000
20,Pagado,2023-12-01,1,2548,807,2023-12-01 00:00:00.000000000
120,Pagado,2024-04-01,1,2548,807,2024-01-01 00:00:00.000000000
120,Pagado,2024-08-01,1,2548,807,2024-05-01 00:00:00.000000000
120,Pagado,2024-12-01,1,2548,807,2024-09-01 00:00:00.000000000
150,Pagado,2025-05-01,1,2548,807,2025-01-01 00:00:00.000000000
210,Pagado,2025-12-01,1,2548,807,2025-06-01 00:00:00.000000000
100,Pagado,2001-10-01,1,2548,808,2001-06-01 00:00:00.000000000
240,Pagado,2002-10-01,1,2548,808,2002-11-01 00:00:00.000000000
140,Pagado,2005-01-01,1,2548,808,2004-07-01 00:00:00.000000000
20,Pagado,2005-02-01,1,2548,808,2005-02-01 00:00:00.000000000
60,Pagado,2009-02-01,1,2548,808,2008-12-01 00:00:00.000000000
60,Pagado,2009-05-01,1,2548,808,2009-03-01 00:00:00.000000000
120,Pagado,2009-11-01,1,2548,808,2009-06-01 00:00:00.000000000
240,Pagado,2010-11-01,1,2548,808,2009-12-01 00:00:00.000000000
240,Pagado,2011-11-01,1,2548,808,2010-12-01 00:00:00.000000000
240,Pagado,2012-11-01,1,2548,808,2011-12-01 00:00:00.000000000
240,Pagado,2013-11-01,1,2548,808,2012-12-01 00:00:00.000000000
240,Pagado,2014-11-01,1,2548,808,2013-12-01 00:00:00.000000000
240,Pagado,2015-11-01,1,2548,808,2014-12-01 00:00:00.000000000
20,Pagado,2015-12-01,1,2548,808,2015-12-01 00:00:00.000000000
160,Pagado,2016-08-01,1,2548,808,2016-01-01 00:00:00.000000000
300,Pagado,2017-11-01,1,2548,808,2016-09-01 00:00:00.000000000
240,Pagado,2018-11-01,1,2548,808,2017-12-01 00:00:00.000000000
240,Pagado,2019-11-01,1,2548,808,2018-12-01 00:00:00.000000000
260,Pagado,2020-12-01,1,2548,808,2019-12-01 00:00:00.000000000
240,Pagado,2021-12-01,1,2548,808,2021-01-01 00:00:00.000000000
240,Pagado,2022-12-01,1,2548,808,2022-01-01 00:00:00.000000000
100,Pagado,2023-05-01,1,2548,808,2023-01-01 00:00:00.000000000
140,Pagado,2023-12-01,1,2548,808,2023-06-01 00:00:00.000000000
360,Pagado,2024-12-01,1,2548,808,2024-01-01 00:00:00.000000000
150,Pagado,2025-05-01,1,2548,808,2025-01-01 00:00:00.000000000
210,Pagado,2025-12-01,1,2548,808,2025-06-01 00:00:00.000000000
100,Pagado,2001-10-01,1,2548,810,2001-06-01 00:00:00.000000000
100,Pagado,2002-03-01,1,2548,810,2001-11-01 00:00:00.000000000
300,Pagado,2003-06-01,1,2548,810,2002-04-01 00:00:00.000000000
60,Pagado,2003-03-01,1,2548,811,2003-01-01 00:00:00.000000000
60,Pagado,2003-06-01,1,2548,811,2003-04-01 00:00:00.000000000
20,Pagado,2003-07-01,1,2548,811,2003-07-01 00:00:00.000000000
20,Pagado,2001-12-01,1,2548,812,2001-12-01 00:00:00.000000000
500,Pagado,2009-05-01,1,2548,812,2007-05-01 00:00:00.000000000
240,Pagado,2010-05-01,1,2548,812,2009-06-01 00:00:00.000000000
340,Pagado,2002-10-01,1,2548,813,2001-06-01 00:00:00.000000000
40,Pagado,2002-12-01,1,2548,813,2002-11-01 00:00:00.000000000
40,Pagado,2003-02-01,1,2548,813,2003-01-01 00:00:00.000000000
20,Pagado,2003-03-01,1,2548,813,2203-03-01 00:00:00.000000000
20,Pagado,2001-06-01,1,2548,814,2001-06-01 00:00:00.000000000
20,Pagado,2001-07-01,1,2548,814,2001-07-01 00:00:00.000000000
20,Pagado,2001-10-01,1,2548,814,2001-10-01 00:00:00.000000000
20,Pagado,2001-11-01,1,2548,814,2001-11-01 00:00:00.000000000
20,Pagado,2001-12-01,1,2548,814,2001-12-01 00:00:00.000000000
20,Pagado,2002-01-01,1,2548,814,2002-01-01 00:00:00.000000000
20,Pagado,2002-02-01,1,2548,814,2002-02-01 00:00:00.000000000
20,Pagado,2002-03-01,1,2548,814,2002-03-01 00:00:00.000000000
20,Pagado,2002-08-01,1,2548,814,2002-08-01 00:00:00.000000000
360,Pagado,2003-09-01,1,2548,814,2002-04-01 00:00:00.000000000
20,Pagado,2003-10-01,1,2548,814,2003-10-01 00:00:00.000000000
20,Pagado,2003-11-01,1,2548,814,2003-11-01 00:00:00.000000000
20,Pagado,2003-12-01,1,2548,814,2003-12-01 00:00:00.000000000
20,Pagado,2004-01-01,1,2548,814,2004-01-01 00:00:00.000000000
20,Pagado,2004-02-01,1,2548,814,2004-02-01 00:00:00.000000000
20,Pagado,2004-04-01,1,2548,814,2004-04-01 00:00:00.000000000
20,Pagado,2004-05-01,1,2548,814,2004-05-01 00:00:00.000000000
20,Pagado,2004-06-01,1,2548,814,2004-06-01 00:00:00.000000000
20,Pagado,2004-08-01,1,2548,814,2004-08-01 00:00:00.000000000
20,Pagado,2004-09-01,1,2548,814,2004-09-01 00:00:00.000000000
20,Pagado,2004-10-01,1,2548,814,2004-10-01 00:00:00.000000000
20,Pagado,2005-02-01,1,2548,814,2005-02-01 00:00:00.000000000
20,Pagado,2005-03-01,1,2548,814,2005-03-01 00:00:00.000000000
20,Pagado,2005-04-01,1,2548,814,2005-04-01 00:00:00.000000000
20,Pagado,2005-05-01,1,2548,814,2005-05-01 00:00:00.000000000
20,Pagado,2005-06-01,1,2548,814,2005-06-01 00:00:00.000000000
20,Pagado,2005-07-01,1,2548,814,2005-07-01 00:00:00.000000000
20,Pagado,2005-09-01,1,2548,814,2005-09-01 00:00:00.000000000
100,Pagado,2002-01-01,1,2548,816,2001-09-01 00:00:00.000000000
816,Pagado,2002-04-01,1,2548,816,2002-02-01 00:00:00.000000000
200,Pagado,2003-02-01,1,2548,816,2002-05-01 00:00:00.000000000
200,Pagado,2004-10-01,1,2548,816,2004-01-01 00:00:00.000000000
140,Pagado,2005-05-01,1,2548,816,2004-11-01 00:00:00.000000000
100,Pagado,2005-10-01,1,2548,816,2005-06-01 00:00:00.000000000
100,Pagado,2005-10-01,1,2548,816,2005-06-01 00:00:00.000000000
200,Pagado,2006-08-01,1,2548,816,2005-11-01 00:00:00.000000000
300,Pagado,2007-11-01,1,2548,816,2006-09-01 00:00:00.000000000
60,Pagado,2008-02-01,1,2548,816,2007-12-01 00:00:00.000000000
40,Pagado,2008-04-01,1,2548,816,2008-03-01 00:00:00.000000000
200,Pagado,2009-02-01,1,2548,816,2008-05-01 00:00:00.000000000
200,Pagado,2009-12-01,1,2548,816,2009-03-01 00:00:00.000000000
100,Pagado,2010-05-01,1,2548,816,2010-01-01 00:00:00.000000000
140,Pagado,2010-12-01,1,2548,816,2010-06-01 00:00:00.000000000
220,Pagado,2011-11-01,1,2548,816,2011-01-01 00:00:00.000000000
100,Pagado,2012-04-01,1,2548,816,2011-12-01 00:00:00.000000000
140,Pagado,2012-11-01,1,2548,816,2012-05-01 00:00:00.000000000
20,Pagado,2012-12-01,1,2548,816,2012-12-01 00:00:00.000000000
240,Pagado,2013-12-01,1,2548,816,2013-01-01 00:00:00.000000000
240,Pagado,2014-12-01,1,2548,816,2014-01-01 00:00:00.000000000
240,Pagado,2015-12-01,1,2548,816,2015-01-01 00:00:00.000000000
240,Pagado,2016-12-01,1,2548,816,2016-01-01 00:00:00.000000000
240,Pagado,2017-12-01,1,2548,816,2017-01-01 00:00:00.000000000
240,Pagado,2018-12-01,1,2548,816,2018-01-01 00:00:00.000000000
180,Pagado,2019-09-01,1,2548,816,2019-01-01 00:00:00.000000000
60,Pagado,2019-12-01,1,2548,816,2019-10-01 00:00:00.000000000
200,Pagado,2020-10-01,1,2548,816,2020-01-01 00:00:00.000000000
40,Pagado,2020-12-01,1,2548,816,2020-11-01 00:00:00.000000000
240,Pagado,2021-12-01,1,2548,816,2021-01-01 00:00:00.000000000
240,Pagado,2022-12-01,1,2548,816,2022-01-01 00:00:00.000000000
240,Pagado,2023-12-01,1,2548,816,2023-01-01 00:00:00.000000000
350,Pagado,2024-12-01,1,2548,816,2024-01-01 00:00:00.000000000
10,Pagado,2024-12-01,1,2548,816,2024-12-01 00:00:00.000000000
360,Pagado,2025-12-01,1,2548,816,2025-01-01 00:00:00.000000000
120,Pagado,2002-06-01,1,2548,817,2002-01-01 00:00:00.000000000
200,Pagado,2002-04-01,1,2548,818,2001-07-01 00:00:00.000000000
300,Pagado,2002-09-01,1,2548,819,2001-07-01 00:00:00.000000000
180,Pagado,2003-06-01,1,2548,819,2002-10-01 00:00:00.000000000
20,Pagado,2004-01-01,1,2548,819,2004-01-01 00:00:00.000000000
380,Pagado,2005-01-01,1,2548,819,2003-07-01 00:00:00.000000000
20,Pagado,2005-02-01,1,2548,819,2005-02-01 00:00:00.000000000
40,Pagado,2005-04-01,1,2548,819,2005-03-01 00:00:00.000000000
240,Pagado,2006-04-01,1,2548,819,2005-05-01 00:00:00.000000000
140,Pagado,2006-11-01,1,2548,819,2006-05-01 00:00:00.000000000
220,Pagado,2007-10-01,1,2548,819,2006-12-01 00:00:00.000000000
200,Pagado,2008-11-01,1,2548,819,2008-02-01 00:00:00.000000000
500,Pagado,2010-12-01,1,2548,819,2008-12-01 00:00:00.000000000
240,Pagado,2011-12-01,1,2548,819,2011-01-01 00:00:00.000000000
240,Pagado,2012-12-01,1,2548,819,2012-01-01 00:00:00.000000000
240,Pagado,2013-12-01,1,2548,819,2013-01-01 00:00:00.000000000
40,Pagado,2014-02-01,1,2548,819,2014-01-01 00:00:00.000000000
180,Pagado,2002-09-01,1,2548,820,2002-01-01 00:00:00.000000000
220,Pagado,2003-08-01,1,2548,820,2002-10-01 00:00:00.000000000
20,Pagado,2003-09-01,1,2548,820,2003-09-01 00:00:00.000000000
100,Pagado,2004-02-01,1,2548,820,2003-10-01 00:00:00.000000000
100,Pagado,2002-02-01,1,2548,821,2001-10-01 00:00:00.000000000
500,Pagado,2004-03-01,1,2548,821,2002-03-01 00:00:00.000000000
300,Pagado,2005-06-01,1,2548,821,2004-04-01 00:00:00.000000000
300,Pagado,2006-12-01,1,2548,821,2005-07-01 00:00:00.000000000
100,Pagado,2007-02-01,1,2548,821,2006-10-01 00:00:00.000000000
300,Pagado,2008-05-01,1,2548,821,2007-03-01 00:00:00.000000000
200,Pagado,2009-03-01,1,2548,821,2009-06-01 00:00:00.000000000
20,Pagado,2009-08-01,1,2548,821,2009-04-01 00:00:00.000000000
80,Pagado,2009-12-01,1,2548,821,2009-09-01 00:00:00.000000000
120,Pagado,2010-06-01,1,2548,821,2010-01-01 00:00:00.000000000
180,Pagado,2011-03-01,1,2548,821,2010-07-01 00:00:00.000000000
20,Pagado,2011-04-01,1,2548,821,2011-04-01 00:00:00.000000000
20,Pagado,2011-05-01,1,2548,821,2011-05-01 00:00:00.000000000
140,Pagado,2011-12-01,1,2548,821,2011-06-01 00:00:00.000000000
3600,Pagado,2025-12-01,1,2548,821,2012-01-01 00:00:00.000000000
20,Pagado,2001-12-01,1,2548,822,2001-12-01 00:00:00.000000000
60,Pagado,2007-10-01,1,2548,822,2007-08-01 00:00:00.000000000
20,Pagado,2007-11-01,1,2548,822,2007-11-01 00:00:00.000000000
20,Pagado,2007-12-01,1,2548,822,2007-12-01 00:00:00.000000000
220,Pagado,2008-11-01,1,2548,822,2008-01-01 00:00:00.000000000
500,Pagado,2010-12-01,1,2548,822,2008-12-01 00:00:00.000000000
20,Pagado,2011-01-01,1,2548,822,2011-01-01 00:00:00.000000000
20,Pagado,2011-02-01,1,2548,822,2011-02-01 00:00:00.000000000
20,Pagado,2011-05-01,1,2548,822,2011-05-01 00:00:00.000000000
160,Pagado,2011-11-01,1,2548,822,2011-04-01 00:00:00.000000000
20,Pagado,2011-12-01,1,2548,822,2011-12-01 00:00:00.000000000
40,Pagado,2012-02-01,1,2548,822,2012-01-01 00:00:00.000000000
40,Pagado,2012-04-01,1,2548,822,2012-03-01 00:00:00.000000000
60,Pagado,2012-07-01,1,2548,822,2012-05-01 00:00:00.000000000
100,Pagado,2012-12-01,1,2548,822,2012-08-01 00:00:00.000000000
240,Pagado,2014-12-01,1,2548,822,2014-01-01 00:00:00.000000000
100,Pagado,2015-05-01,1,2548,822,2015-01-01 00:00:00.000000000
140,Pagado,2015-12-01,1,2548,822,2015-06-01 00:00:00.000000000
240,Pagado,2016-12-01,1,2548,822,2016-01-01 00:00:00.000000000
240,Pagado,2017-12-01,1,2548,822,2017-01-01 00:00:00.000000000
240,Pagado,2018-12-01,1,2548,822,2018-01-01 00:00:00.000000000
240,Pagado,2019-12-01,1,2548,822,2019-01-01 00:00:00.000000000
200,Pagado,2020-10-01,1,2548,822,2020-01-01 00:00:00.000000000
40,Pagado,2020-12-01,1,2548,822,2020-11-01 00:00:00.000000000
240,Pagado,2021-12-01,1,2548,822,2021-01-01 00:00:00.000000000
240,Pagado,2022-12-01,1,2548,822,2022-01-01 00:00:00.000000000
240,Pagado,2023-12-01,1,2548,822,2023-01-01 00:00:00.000000000
360,Pagado,2024-12-01,1,2548,822,2024-01-01 00:00:00.000000000
360,Pagado,2025-12-01,1,2548,822,2025-01-01 00:00:00.000000000
20,Pagado,2001-07-01,1,2548,823,2001-07-01 00:00:00.000000000
80,Pagado,2001-12-01,1,2548,823,2001-09-01 00:00:00.000000000
100,Pagado,2002-02-01,1,2548,823,2002-06-01 00:00:00.000000000
100,Pagado,2002-05-01,1,2548,823,2002-01-01 00:00:00.000000000
60,Pagado,2003-01-01,1,2548,823,2002-11-01 00:00:00.000000000
200,Pagado,2003-11-01,1,2548,823,2003-02-01 00:00:00.000000000
40,Pagado,2002-03-01,1,2548,824,2002-01-01 00:00:00.000000000
20,Pagado,2002-03-01,1,2548,824,2002-03-01 00:00:00.000000000
20,Pagado,2002-04-01,1,2548,824,2002-04-01 00:00:00.000000000
40,Pagado,2002-06-01,1,2548,824,2002-05-01 00:00:00.000000000
300,Pagado,2003-09-01,1,2548,824,2002-07-01 00:00:00.000000000
300,Pagado,2005-08-01,1,2548,824,2004-06-01 00:00:00.000000000
100,Pagado,2006-01-01,1,2548,824,2005-09-01 00:00:00.000000000
100,Pagado,2006-06-01,1,2548,824,2006-02-01 00:00:00.000000000
500,Pagado,2008-07-01,1,2548,824,2006-07-01 00:00:00.000000000
20,Pagado,2001-07-01,1,2548,825,2001-07-01 00:00:00.000000000
40,Pagado,2001-09-01,1,2548,825,2001-08-01 00:00:00.000000000
480,Pagado,2003-09-01,1,2548,825,2001-10-01 00:00:00.000000000
160,Pagado,2002-02-01,1,2548,826,2001-07-01 00:00:00.000000000
200,Pagado,2009-05-01,1,2548,826,2088-08-01 00:00:00.000000000
400,Pagado,2011-01-01,1,2548,826,2009-06-01 00:00:00.000000000
220,Pagado,2011-12-01,1,2548,826,2011-02-01 00:00:00.000000000
500,Pagado,2003-11-01,1,2548,827,2001-11-01 00:00:00.000000000
60,Pagado,2001-09-01,1,2548,828,2001-07-01 00:00:00.000000000
20,Pagado,2001-08-01,1,2548,829,2001-08-01 00:00:00.000000000
20,Pagado,2001-10-01,1,2548,829,2001-10-01 00:00:00.000000000
20,Pagado,2001-11-01,1,2548,829,2001-11-01 00:00:00.000000000
20,Pagado,2001-12-01,1,2548,829,2001-12-01 00:00:00.000000000
40,Pagado,2002-02-01,1,2548,829,2002-01-01 00:00:00.000000000
20,Pagado,2002-05-01,1,2548,829,2002-05-01 00:00:00.000000000
40,Pagado,2002-07-01,1,2548,829,2002-06-01 00:00:00.000000000
40,Pagado,2002-09-01,1,2548,829,2002-08-01 00:00:00.000000000
100,Pagado,2003-02-01,1,2548,829,2002-10-01 00:00:00.000000000
40,Pagado,2003-04-01,1,2548,829,2003-03-01 00:00:00.000000000
540,Pagado,2005-07-01,1,2548,829,2003-05-01 00:00:00.000000000
20,Pagado,2005-08-01,1,2548,829,2005-08-01 00:00:00.000000000
20,Pagado,2005-09-01,1,2548,829,2005-09-01 00:00:00.000000000
280,Pagado,2006-11-01,1,2548,829,2005-10-01 00:00:00.000000000
220,Pagado,2007-10-01,1,2548,829,2006-12-01 00:00:00.000000000
260,Pagado,2008-11-01,1,2548,829,2007-11-01 00:00:00.000000000
240,Pagado,2009-11-01,1,2548,829,2008-12-01 00:00:00.000000000
240,Pagado,2010-11-01,1,2548,829,2009-12-01 00:00:00.000000000
240,Pagado,2011-11-01,1,2548,829,2010-12-01 00:00:00.000000000
240,Pagado,2012-11-01,1,2548,829,2011-12-01 00:00:00.000000000
260,Pagado,2013-12-01,1,2548,829,2012-12-01 00:00:00.000000000
160,Pagado,2014-08-01,1,2548,829,2014-01-01 00:00:00.000000000
80,Pagado,2014-12-01,1,2548,829,2014-09-01 00:00:00.000000000
220,Pagado,2015-11-01,1,2548,829,2015-01-01 00:00:00.000000000
240,Pagado,2016-11-01,1,2548,829,2015-12-01 00:00:00.000000000
220,Pagado,2017-10-01,1,2548,829,2016-12-01 00:00:00.000000000
40,Pagado,2017-12-01,1,2548,829,2017-11-01 00:00:00.000000000
240,Pagado,2018-12-01,1,2548,829,2018-01-01 00:00:00.000000000
240,Pagado,2019-12-01,1,2548,829,2019-01-01 00:00:00.000000000
240,Pagado,2020-12-01,1,2548,829,2020-01-01 00:00:00.000000000
180,Pagado,2021-09-01,1,2548,829,2021-01-01 00:00:00.000000000
40,Pagado,2021-11-01,1,2548,829,2021-10-01 00:00:00.000000000
20,Pagado,2021-12-01,1,2548,829,2021-12-01 00:00:00.000000000
240,Pagado,2022-12-01,1,2548,829,2022-01-01 00:00:00.000000000
240,Pagado,2023-12-01,1,2548,829,2023-01-01 00:00:00.000000000
360,Pagado,2024-12-01,1,2548,829,2024-01-01 00:00:00.000000000
360,Pagado,2025-12-01,1,2548,829,2025-01-01 00:00:00.000000000
200,Pagado,2002-05-01,1,2548,830,2001-08-01 00:00:00.000000000
20,Pagado,2002-06-01,1,2548,830,2002-06-01 00:00:00.000000000
120,Pagado,2002-12-01,1,2548,830,2002-07-01 00:00:00.000000000
200,Pagado,2003-10-01,1,2548,830,2003-01-01 00:00:00.000000000
100,Pagado,2004-03-01,1,2548,830,2003-11-01 00:00:00.000000000
100,Pagado,2004-08-01,1,2548,830,2004-04-01 00:00:00.000000000
100,Pagado,2005-01-01,1,2548,830,2004-09-01 00:00:00.000000000
260,Pagado,2006-02-01,1,2548,830,2005-02-01 00:00:00.000000000
100,Pagado,2006-07-01,1,2548,830,2006-03-01 00:00:00.000000000
100,Pagado,2006-12-01,1,2548,830,2006-08-01 00:00:00.000000000
100,Pagado,2007-05-01,1,2548,830,2007-01-01 00:00:00.000000000
100,Pagado,2007-10-01,1,2548,830,2007-06-01 00:00:00.000000000
440,Pagado,2010-01-01,1,2548,830,2008-04-01 00:00:00.000000000
900,Pagado,2013-10-01,1,2548,830,2010-02-01 00:00:00.000000000
140,Pagado,2002-02-01,1,2548,833,2001-08-01 00:00:00.000000000
540,Pagado,2004-12-01,1,2548,833,2002-10-01 00:00:00.000000000
120,Pagado,2008-10-01,1,2548,833,2008-05-01 00:00:00.000000000
40,Pagado,2008-12-01,1,2548,833,2008-11-01 00:00:00.000000000
240,Pagado,2002-06-01,1,2548,835,2001-07-01 00:00:00.000000000
800,Pagado,2005-10-01,1,2548,835,2002-07-01 00:00:00.000000000
1000,Pagado,2009-12-01,1,2548,835,2005-11-01 00:00:00.000000000
240,Pagado,2010-12-01,1,2548,835,2010-01-01 00:00:00.000000000
240,Pagado,2011-12-01,1,2548,835,2011-01-01 00:00:00.000000000
240,Pagado,2012-12-01,1,2548,835,2012-01-01 00:00:00.000000000
240,Pagado,2013-12-01,1,2548,835,2013-01-01 00:00:00.000000000
240,Pagado,2015-12-01,1,2548,835,2015-01-01 00:00:00.000000000
240,Pagado,2017-12-01,1,2548,835,2017-01-01 00:00:00.000000000
240,Pagado,2018-12-01,1,2548,835,2018-01-01 00:00:00.000000000
480,Pagado,2020-12-01,1,2548,835,2019-01-01 00:00:00.000000000
240,Pagado,2021-12-01,1,2548,835,2021-01-01 00:00:00.000000000
240,Pagado,2022-12-01,1,2548,835,2022-01-01 00:00:00.000000000
240,Pagado,2023-12-01,1,2548,835,2023-01-01 00:00:00.000000000
360,Pagado,2024-12-01,1,2548,835,2024-01-01 00:00:00.000000000
360,Pagado,2025-12-01,1,2548,835,2025-01-01 00:00:00.000000000
100,Pagado,2001-12-01,1,2548,836,2001-08-01 00:00:00.000000000
100,Pagado,2002-05-01,1,2548,836,2002-01-01 00:00:00.000000000
140,Pagado,2002-12-01,1,2548,836,2002-06-01 00:00:00.000000000
500,Pagado,2005-01-01,1,2548,836,2003-01-01 00:00:00.000000000
100,Pagado,2002-01-01,1,2548,837,2001-09-01 00:00:00.000000000
60,Pagado,2002-07-01,1,2548,837,2002-05-01 00:00:00.000000000
60,Pagado,2002-10-01,1,2548,837,2002-08-01 00:00:00.000000000
100,Pagado,2003-03-01,1,2548,837,2002-11-01 00:00:00.000000000
20,Pagado,2003-04-01,1,2548,837,2003-04-01 00:00:00.000000000
20,Pagado,2003-05-01,1,2548,837,2003-05-01 00:00:00.000000000
20,Pagado,2003-06-01,1,2548,837,2003-06-01 00:00:00.000000000
20,Pagado,2004-09-01,1,2548,837,2004-09-01 00:00:00.000000000
1000,Pagado,2007-08-01,1,2548,837,2003-07-01 00:00:00.000000000
340,Pagado,2009-01-01,1,2548,837,2007-09-01 00:00:00.000000000
60,Pagado,2009-04-01,1,2548,837,2009-02-01 00:00:00.000000000
60,Pagado,2002-04-01,1,2548,838,2002-02-01 00:00:00.000000000
40,Pagado,2002-11-01,1,2548,838,2002-10-01 00:00:00.000000000
40,Pagado,2003-01-01,1,2548,838,2002-12-01 00:00:00.000000000
20,Pagado,2003-02-01,1,2548,838,2003-02-01 00:00:00.000000000
60,Pagado,2003-05-01,1,2548,838,2003-03-01 00:00:00.000000000
20,Pagado,2003-06-01,1,2548,838,2003-06-01 00:00:00.000000000
20,Pagado,2003-07-01,1,2548,838,2003-07-01 00:00:00.000000000
20,Pagado,2003-08-01,1,2548,838,2003-08-01 00:00:00.000000000
20,Pagado,2004-10-01,1,2548,838,2004-10-01 00:00:00.000000000
40,Pagado,2004-12-01,1,2548,838,2004-11-01 00:00:00.000000000
200,Pagado,2005-10-01,1,2548,838,2005-01-01 00:00:00.000000000
60,Pagado,2001-10-01,1,2548,839,2001-08-01 00:00:00.000000000
200,Pagado,2002-08-01,1,2548,839,2001-11-01 00:00:00.000000000
300,Pagado,2002-11-01,1,2548,843,2001-09-01 00:00:00.000000000
600,Pagado,2005-05-01,1,2548,843,2002-12-01 00:00:00.000000000
120,Pagado,2002-01-01,1,2548,844,2001-08-01 00:00:00.000000000
20,Pagado,2002-02-01,1,2548,844,2002-02-01 00:00:00.000000000
20,Pagado,2002-04-01,1,2548,844,2002-04-01 00:00:00.000000000
1400,Pagado,2007-06-01,1,2548,845,2001-09-01 00:00:00.000000000
800,Pagado,2010-10-01,1,2548,845,2007-07-01 00:00:00.000000000
400,Pagado,2012-06-01,1,2548,845,2010-11-01 00:00:00.000000000
1120,Pagado,2017-02-01,1,2548,845,2012-07-01 00:00:00.000000000
480,Pagado,2019-02-01,1,2548,845,2017-03-01 00:00:00.000000000
240,Pagado,2020-02-01,1,2548,845,2019-03-01 00:00:00.000000000
200,Pagado,2022-12-01,1,2548,845,2022-03-01 00:00:00.000000000
240,Pagado,2023-12-01,1,2548,845,2023-01-01 00:00:00.000000000
740,Pagado,2004-09-01,1,2548,846,2001-09-01 00:00:00.000000000
160,Pagado,2005-05-01,1,2548,846,2004-10-01 00:00:00.000000000
660,Pagado,2008-02-01,1,2548,846,2005-06-01 00:00:00.000000000
100,Pagado,2002-01-01,1,2548,847,2001-09-01 00:00:00.000000000
180,Pagado,2002-10-01,1,2548,847,2002-02-01 00:00:00.000000000
100,Pagado,2002-01-01,1,2548,848,2001-09-01 00:00:00.000000000
40,Pagado,2001-10-01,1,2548,849,2001-09-01 00:00:00.000000000
20,Pagado,2002-01-01,1,2548,849,2002-01-01 00:00:00.000000000
20,Pagado,2002-02-01,1,2548,849,2002-02-01 00:00:00.000000000
20,Pagado,2002-03-01,1,2548,849,2002-03-01 00:00:00.000000000
20,Pagado,2002-07-01,1,2548,849,2002-07-01 00:00:00.000000000
20,Pagado,2002-08-01,1,2548,849,2002-08-01 00:00:00.000000000
20,Pagado,2002-09-01,1,2548,849,2002-09-01 00:00:00.000000000
40,Pagado,2002-11-01,1,2548,849,2002-10-01 00:00:00.000000000
400,Pagado,2004-05-01,1,2548,849,2002-10-01 00:00:00.000000000
60,Pagado,2005-03-01,1,2548,849,2002-10-01 00:00:00.000000000
300,Pagado,2006-06-01,1,2548,849,2005-04-01 00:00:00.000000000
340,Pagado,2007-11-01,1,2548,849,2006-07-01 00:00:00.000000000
200,Pagado,2008-09-01,1,2548,849,2007-12-01 00:00:00.000000000
100,Pagado,2009-02-01,1,2548,849,2008-10-01 00:00:00.000000000
100,Pagado,2009-07-01,1,2548,849,2009-03-01 00:00:00.000000000
80,Pagado,2001-12-01,1,2548,850,2001-09-01 00:00:00.000000000
300,Pagado,2003-03-01,1,2548,850,2002-01-01 00:00:00.000000000
100,Pagado,2003-08-01,1,2548,850,2003-04-01 00:00:00.000000000
60,Pagado,2003-11-01,1,2548,850,2003-09-01 00:00:00.000000000
560,Pagado,2006-03-01,1,2548,850,2003-12-01 00:00:00.000000000
180,Pagado,2006-12-01,1,2548,850,2006-04-01 00:00:00.000000000
240,Pagado,2007-12-01,1,2548,850,2007-01-01 00:00:00.000000000
80,Pagado,2008-04-01,1,2548,850,2008-01-01 00:00:00.000000000
160,Pagado,2008-12-01,1,2548,850,2008-05-01 00:00:00.000000000
40,Pagado,2009-02-01,1,2548,850,2009-01-01 00:00:00.000000000
200,Pagado,2009-12-01,1,2548,850,2009-03-01 00:00:00.000000000
240,Pagado,2010-12-01,1,2548,850,2010-01-01 00:00:00.000000000
220,Pagado,2011-12-01,1,2548,850,2011-01-01 00:00:00.000000000
120,Pagado,2012-05-01,1,2548,850,2011-12-01 00:00:00.000000000
140,Pagado,2012-12-01,1,2548,850,2012-06-01 00:00:00.000000000
240,Pagado,2013-12-01,1,2548,850,2013-01-01 00:00:00.000000000
220,Pagado,2014-11-01,1,2548,850,2014-01-01 00:00:00.000000000
240,Pagado,2015-11-01,1,2548,850,2014-12-01 00:00:00.000000000
100,Pagado,2002-01-01,1,2548,851,2001-09-01 00:00:00.000000000
200,Pagado,2002-11-01,1,2548,851,2002-02-01 00:00:00.000000000
100,Pagado,2003-04-01,1,2548,851,2002-12-01 00:00:00.000000000
200,Pagado,2004-02-01,1,2548,851,2003-05-01 00:00:00.000000000
200,Pagado,2004-12-01,1,2548,851,2004-03-01 00:00:00.000000000
200,Pagado,2005-10-01,1,2548,851,2005-01-01 00:00:00.000000000
280,Pagado,2002-10-01,1,2548,852,2001-09-01 00:00:00.000000000
40,Pagado,2002-12-01,1,2548,852,2002-11-01 00:00:00.000000000
240,Pagado,2003-12-01,1,2548,852,2003-01-01 00:00:00.000000000
260,Pagado,2005-01-01,1,2548,852,2004-01-01 00:00:00.000000000
260,Pagado,2006-02-01,1,2548,852,2005-02-01 00:00:00.000000000
100,Pagado,2006-07-01,1,2548,852,2006-03-01 00:00:00.000000000
400,Pagado,2008-03-01,1,2548,852,2006-08-01 00:00:00.000000000
400,Pagado,2009-11-01,1,2548,852,2008-04-01 00:00:00.000000000
1000,Pagado,2005-10-01,1,2548,853,2001-09-01 00:00:00.000000000
200,Pagado,2002-06-01,1,2548,854,2001-09-01 00:00:00.000000000
60,Pagado,2002-09-01,1,2548,854,2002-07-01 00:00:00.000000000
100,Pagado,2003-02-01,1,2548,854,2002-10-01 00:00:00.000000000
100,Pagado,2003-07-01,1,2548,854,2003-03-01 00:00:00.000000000
60,Pagado,2003-10-01,1,2548,854,2003-08-01 00:00:00.000000000
20,Pagado,2003-11-01,1,2548,854,2003-11-01 00:00:00.000000000
20,Pagado,2003-12-01,1,2548,854,2003-12-01 00:00:00.000000000
80,Pagado,2004-06-01,1,2548,854,2004-03-01 00:00:00.000000000
120,Pagado,2004-12-01,1,2548,854,2004-07-01 00:00:00.000000000
200,Pagado,2005-10-01,1,2548,854,2005-01-01 00:00:00.000000000
40,Pagado,2001-10-01,1,2548,855,2001-09-01 00:00:00.000000000
200,Pagado,2002-08-01,1,2548,855,2001-11-01 00:00:00.000000000
140,Pagado,2003-03-01,1,2548,855,2002-09-01 00:00:00.000000000
120,Pagado,2003-09-01,1,2548,855,2003-04-01 00:00:00.000000000
60,Pagado,2003-12-01,1,2548,855,2003-10-01 00:00:00.000000000
20,Pagado,2004-01-01,1,2548,855,2004-01-01 00:00:00.000000000
200,Pagado,2004-11-01,1,2548,855,2004-02-01 00:00:00.000000000
240,Pagado,2005-11-01,1,2548,855,2004-12-01 00:00:00.000000000
620,Pagado,2008-06-01,1,2548,855,2005-12-01 00:00:00.000000000
120,Pagado,2008-12-01,1,2548,855,2008-07-01 00:00:00.000000000
240,Pagado,2009-12-01,1,2548,855,2009-01-01 00:00:00.000000000
220,Pagado,2010-11-01,1,2548,855,2010-01-01 00:00:00.000000000
240,Pagado,2011-11-01,1,2548,855,2010-12-01 00:00:00.000000000
240,Pagado,2012-11-01,1,2548,855,2011-12-01 00:00:00.000000000
240,Pagado,2013-11-01,1,2548,855,2012-12-01 00:00:00.000000000
260,Pagado,2014-12-01,1,2548,855,2013-12-01 00:00:00.000000000
40,Pagado,2015-02-01,1,2548,855,2015-01-01 00:00:00.000000000
200,Pagado,2015-12-01,1,2548,855,2015-03-01 00:00:00.000000000
160,Pagado,2016-08-01,1,2548,855,2016-01-01 00:00:00.000000000
80,Pagado,2016-12-01,1,2548,855,2016-09-01 00:00:00.000000000
240,Pagado,2017-12-01,1,2548,855,2017-01-01 00:00:00.000000000
520,Pagado,2020-02-01,1,2548,855,2018-01-01 00:00:00.000000000
200,Pagado,2020-12-01,1,2548,855,2020-03-01 00:00:00.000000000
200,Pagado,2021-10-01,1,2548,855,2021-01-01 00:00:00.000000000
40,Pagado,2021-12-01,1,2548,855,2021-11-01 00:00:00.000000000
100,Pagado,2022-05-01,1,2548,855,2022-01-01 00:00:00.000000000
100,Pagado,2022-10-01,1,2548,855,2022-06-01 00:00:00.000000000
40,Pagado,2022-12-01,1,2548,855,2022-11-01 00:00:00.000000000
100,Pagado,2023-05-01,1,2548,855,2023-01-01 00:00:00.000000000
140,Pagado,2023-12-01,1,2548,855,2023-06-01 00:00:00.000000000
360,Pagado,2024-12-01,1,2548,855,2024-01-01 00:00:00.000000000
360,Pagado,2025-12-01,1,2548,855,2025-01-01 00:00:00.000000000
200,Pagado,2002-06-01,1,2548,856,2001-09-01 00:00:00.000000000
20,Pagado,2002-07-01,1,2548,856,2002-07-01 00:00:00.000000000
40,Pagado,2002-09-01,1,2548,856,2002-08-01 00:00:00.000000000
100,Pagado,2002-01-01,1,2548,857,2001-09-01 00:00:00.000000000
320,Pagado,2003-05-01,1,2548,857,2002-02-01 00:00:00.000000000
120,Pagado,2002-02-01,1,2548,858,2001-09-01 00:00:00.000000000
120,Pagado,2002-08-01,1,2548,858,2002-03-01 00:00:00.000000000
120,Pagado,2003-02-01,1,2548,858,2002-09-01 00:00:00.000000000
360,Pagado,2003-02-01,1,2548,859,2001-09-01 00:00:00.000000000
100,Pagado,2003-07-01,1,2548,859,2003-03-01 00:00:00.000000000
40,Pagado,2003-09-01,1,2548,859,2003-08-01 00:00:00.000000000
200,Pagado,2004-07-01,1,2548,859,2003-10-01 00:00:00.000000000
100,Pagado,2004-12-01,1,2548,859,2004-08-01 00:00:00.000000000
500,Pagado,2007-01-01,1,2548,859,2005-01-01 00:00:00.000000000
40,Pagado,2001-10-01,1,2548,860,2001-09-01 00:00:00.000000000
120,Pagado,2002-04-01,1,2548,860,2001-11-01 00:00:00.000000000
100,Pagado,2002-09-01,1,2548,860,2002-05-01 00:00:00.000000000
100,Pagado,2003-02-01,1,2548,860,2002-10-01 00:00:00.000000000
20,Pagado,2001-11-01,1,2548,861,2001-11-01 00:00:00.000000000
100,Pagado,2002-04-01,1,2548,861,2001-12-01 00:00:00.000000000
240,Pagado,2003-04-01,1,2548,861,2002-05-01 00:00:00.000000000
120,Pagado,2002-02-01,1,2548,862,2001-09-01 00:00:00.000000000
20,Pagado,2001-09-01,1,2548,863,2001-09-01 00:00:00.000000000
140,Pagado,2002-04-01,1,2548,863,2001-10-01 00:00:00.000000000
60,Pagado,2002-02-06,1,2548,864,2002-01-01 00:00:00.000000000
60,Pagado,2002-08-01,1,2548,864,2002-07-01 00:00:00.000000000
100,Pagado,2002-01-01,1,2548,865,2001-09-01 00:00:00.000000000
60,Pagado,2002-04-01,1,2548,865,2002-02-01 00:00:00.000000000
60,Pagado,2002-07-01,1,2548,865,2002-05-01 00:00:00.000000000
480,Pagado,2003-08-01,1,2548,866,2001-09-01 00:00:00.000000000
20,Pagado,2003-09-01,1,2548,866,2003-09-01 00:00:00.000000000
40,Pagado,2003-11-01,1,2548,866,2003-10-01 00:00:00.000000000
20,Pagado,2003-12-01,1,2548,866,2003-12-01 00:00:00.000000000
40,Pagado,2004-04-01,1,2548,866,2004-03-01 00:00:00.000000000
20,Pagado,2004-07-01,1,2548,866,2004-07-01 00:00:00.000000000
20,Pagado,2005-02-01,1,2548,866,2005-02-01 00:00:00.000000000
20,Pagado,2005-03-01,1,2548,866,2005-03-01 00:00:00.000000000
160,Pagado,2005-11-01,1,2548,866,2005-04-01 00:00:00.000000000
100,Pagado,2006-04-01,1,2548,866,2005-12-01 00:00:00.000000000
160,Pagado,2006-12-01,1,2548,866,2006-05-01 00:00:00.000000000
100,Pagado,2007-05-01,1,2548,866,2007-01-01 00:00:00.000000000
140,Pagado,2007-12-01,1,2548,866,2007-06-01 00:00:00.000000000
20,Pagado,2008-01-01,1,2548,866,2008-01-01 00:00:00.000000000
160,Pagado,2008-09-01,1,2548,866,2008-02-01 00:00:00.000000000
1000,Pagado,2012-11-01,1,2548,866,2008-10-01 00:00:00.000000000
660,Pagado,2015-08-01,1,2548,866,2012-12-01 00:00:00.000000000
240,Pagado,2016-08-01,1,2548,866,2015-09-01 00:00:00.000000000
80,Pagado,2016-12-01,1,2548,866,2016-09-01 00:00:00.000000000
460,Pagado,2018-11-01,1,2548,866,2017-01-01 00:00:00.000000000
740,Pagado,2021-12-01,1,2548,866,2018-12-01 00:00:00.000000000
240,Pagado,2022-12-01,1,2548,866,2022-01-01 00:00:00.000000000
240,Pagado,2023-12-01,1,2548,866,2023-01-01 00:00:00.000000000
360,Pagado,2024-12-01,1,2548,866,2024-01-01 00:00:00.000000000
360,Pagado,2025-12-01,1,2548,866,2025-01-01 00:00:00.000000000
100,Pagado,2002-03-01,1,2548,867,2001-11-01 00:00:00.000000000
100,Pagado,2002-08-01,1,2548,867,2002-04-01 00:00:00.000000000
760,Pagado,2005-10-01,1,2548,867,2002-09-01 00:00:00.000000000
40,Pagado,2005-12-01,1,2548,867,2005-11-01 00:00:00.000000000
100,Pagado,2006-05-01,1,2548,867,2006-01-01 00:00:00.000000000
200,Pagado,2007-03-01,1,2548,867,2006-06-01 00:00:00.000000000
20,Pagado,2007-10-01,1,2548,867,2007-10-01 00:00:00.000000000
360,Pagado,2008-09-01,1,2548,867,2007-04-01 00:00:00.000000000
40,Pagado,2008-11-01,1,2548,867,2008-10-01 00:00:00.000000000
200,Pagado,2009-09-01,1,2548,867,2008-12-01 00:00:00.000000000
540,Pagado,2011-12-01,1,2548,867,2009-10-01 00:00:00.000000000
240,Pagado,2012-12-01,1,2548,867,2012-01-01 00:00:00.000000000
240,Pagado,2013-12-01,1,2548,867,2013-01-01 00:00:00.000000000
240,Pagado,2014-12-01,1,2548,867,2014-01-01 00:00:00.000000000
240,Pagado,2015-12-01,1,2548,867,2015-01-01 00:00:00.000000000
240,Pagado,2016-12-01,1,2548,867,2016-01-01 00:00:00.000000000
240,Pagado,2017-12-01,1,2548,867,2017-01-01 00:00:00.000000000
240,Pagado,2018-12-01,1,2548,867,2018-01-01 00:00:00.000000000
240,Pagado,2019-12-01,1,2548,867,2019-01-01 00:00:00.000000000
240,Pagado,2020-12-01,1,2548,867,2020-01-01 00:00:00.000000000
240,Pagado,2021-12-01,1,2548,867,2021-01-01 00:00:00.000000000
240,Pagado,2022-12-01,1,2548,867,2022-01-01 00:00:00.000000000
240,Pagado,2023-12-01,1,2548,867,2023-01-01 00:00:00.000000000
360,Pagado,2024-12-01,1,2548,867,2024-01-01 00:00:00.000000000
360,Pagado,2025-12-01,1,2548,867,2025-01-01 00:00:00.000000000
40,Pagado,2001-11-01,1,2548,868,2001-10-01 00:00:00.000000000
100,Pagado,2002-05-01,1,2548,868,2002-01-01 00:00:00.000000000
20,Pagado,2002-06-01,1,2548,868,2002-06-01 00:00:00.000000000
20,Pagado,2002-07-01,1,2548,868,2002-07-01 00:00:00.000000000
260,Pagado,2002-10-01,1,2548,869,2001-10-01 00:00:00.000000000
60,Pagado,2003-01-01,1,2548,869,2002-11-01 00:00:00.000000000
160,Pagado,2003-09-01,1,2548,869,2003-02-01 00:00:00.000000000
80,Pagado,2004-01-01,1,2548,869,2003-10-01 00:00:00.000000000
240,Pagado,2005-01-01,1,2548,869,2004-02-01 00:00:00.000000000
380,Pagado,2006-08-01,1,2548,869,2005-02-01 00:00:00.000000000
100,Pagado,2002-02-01,1,2548,870,2001-10-01 00:00:00.000000000
180,Pagado,2002-09-01,1,2548,871,2002-01-01 00:00:00.000000000
40,Pagado,2002-11-01,1,2548,871,2002-10-01 00:00:00.000000000
80,Pagado,2003-03-01,1,2548,871,2002-12-01 00:00:00.000000000
20,Pagado,2003-04-01,1,2548,871,2003-04-01 00:00:00.000000000
40,Pagado,2003-06-01,1,2548,871,2003-05-01 00:00:00.000000000
120,Pagado,2003-12-01,1,2548,871,2003-07-01 00:00:00.000000000
100,Pagado,2004-07-01,1,2548,871,2004-03-01 00:00:00.000000000
200,Pagado,2005-05-01,1,2548,871,2004-08-01 00:00:00.000000000
200,Pagado,2006-03-01,1,2548,871,2005-06-01 00:00:00.000000000
80,Pagado,2006-07-01,1,2548,871,2006-04-01 00:00:00.000000000
300,Pagado,2007-10-01,1,2548,871,2006-08-01 00:00:00.000000000
60,Pagado,2008-02-01,1,2548,871,2007-11-01 00:00:00.000000000
160,Pagado,2008-10-01,1,2548,871,2008-03-01 00:00:00.000000000
200,Pagado,2009-08-01,1,2548,871,2008-11-01 00:00:00.000000000
180,Pagado,2010-05-01,1,2548,871,2009-09-01 00:00:00.000000000
120,Pagado,2010-11-01,1,2548,871,2010-06-01 00:00:00.000000000
240,Pagado,2011-11-01,1,2548,871,2010-12-01 00:00:00.000000000
380,Pagado,2015-07-01,1,2548,871,2014-01-01 00:00:00.000000000
280,Pagado,2016-09-01,1,2548,871,2015-08-01 00:00:00.000000000
40,Pagado,2016-11-01,1,2548,871,2016-10-01 00:00:00.000000000
200,Pagado,2017-09-01,1,2548,871,2016-12-01 00:00:00.000000000
260,Pagado,2018-10-01,1,2548,871,2017-10-01 00:00:00.000000000
100,Pagado,2019-03-01,1,2548,871,2018-11-01 00:00:00.000000000
420,Pagado,2020-12-01,1,2548,871,2019-04-01 00:00:00.000000000
200,Pagado,2021-10-01,1,2548,871,2021-01-01 00:00:00.000000000
40,Pagado,2021-12-01,1,2548,871,2021-11-01 00:00:00.000000000
240,Pagado,2022-12-01,1,2548,871,2022-01-01 00:00:00.000000000
240,Pagado,2023-12-01,1,2548,871,2023-01-01 00:00:00.000000000
360,Pagado,2024-12-01,1,2548,871,2024-01-01 00:00:00.000000000
360,Pagado,2025-12-01,1,2548,871,2025-01-01 00:00:00.000000000
200,Pagado,2002-07-01,1,2548,872,2001-10-01 00:00:00.000000000
100,Pagado,2002-12-01,1,2548,872,2002-08-01 00:00:00.000000000
100,Pagado,2003-05-01,1,2548,872,2003-01-01 00:00:00.000000000
80,Pagado,2003-09-01,1,2548,872,2003-06-01 00:00:00.000000000
300,Pagado,2004-12-01,1,2548,872,2003-10-01 00:00:00.000000000
240,Pagado,2005-12-01,1,2548,872,2005-01-01 00:00:00.000000000
500,Pagado,2008-01-01,1,2548,872,2006-01-01 00:00:00.000000000
80,Pagado,2008-05-01,1,2548,872,2008-02-01 00:00:00.000000000
220,Pagado,2009-04-01,1,2548,872,2008-06-01 00:00:00.000000000
160,Pagado,2009-12-01,1,2548,872,2009-05-01 00:00:00.000000000
240,Pagado,2010-12-01,1,2548,872,2010-01-01 00:00:00.000000000
240,Pagado,2011-12-01,1,2548,872,2011-01-01 00:00:00.000000000
40,Pagado,2012-02-01,1,2548,872,2012-01-01 00:00:00.000000000
200,Pagado,2012-12-01,1,2548,872,2012-03-01 00:00:00.000000000
40,Pagado,2013-02-01,1,2548,872,2013-01-01 00:00:00.000000000
200,Pagado,2013-12-01,1,2548,872,2013-03-01 00:00:00.000000000
240,Pagado,2014-12-01,1,2548,872,2014-01-01 00:00:00.000000000
100,Pagado,2015-04-01,1,2548,872,2015-01-01 00:00:00.000000000
120,Pagado,2015-11-01,1,2548,872,2015-06-01 00:00:00.000000000
60,Pagado,2016-02-01,1,2548,872,2015-12-01 00:00:00.000000000
200,Pagado,2016-12-01,1,2548,872,2016-03-01 00:00:00.000000000
240,Pagado,2017-12-01,1,2548,872,2017-01-01 00:00:00.000000000
240,Pagado,2018-12-01,1,2548,872,2018-01-01 00:00:00.000000000
240,Pagado,2019-12-01,1,2548,872,2019-01-01 00:00:00.000000000
240,Pagado,2020-12-01,1,2548,872,2020-01-01 00:00:00.000000000
200,Pagado,2021-10-01,1,2548,872,2021-01-01 00:00:00.000000000
40,Pagado,2021-12-01,1,2548,872,2021-11-01 00:00:00.000000000
240,Pagado,2022-12-01,1,2548,872,2022-01-01 00:00:00.000000000
80,Pagado,2023-04-01,1,2548,872,2023-01-01 00:00:00.000000000
160,Pagado,2023-12-01,1,2548,872,2023-05-01 00:00:00.000000000
360,Pagado,2024-12-01,1,2548,872,2024-01-01 00:00:00.000000000
20,Pagado,2001-10-01,1,2548,873,2001-10-01 00:00:00.000000000
200,Pagado,2005-07-01,1,2548,873,2014-10-01 00:00:00.000000000
200,Pagado,2006-05-01,1,2548,873,2005-08-01 00:00:00.000000000
160,Pagado,2015-05-01,1,2548,873,2014-10-01 00:00:00.000000000
140,Pagado,2015-12-01,1,2548,873,2015-06-01 00:00:00.000000000
160,Pagado,2016-08-01,1,2548,873,2016-01-01 00:00:00.000000000
60,Pagado,2001-12-01,1,2548,874,2001-10-01 00:00:00.000000000
40,Pagado,2002-02-01,1,2548,874,2002-01-01 00:00:00.000000000
100,Pagado,2003-04-01,1,2548,874,2002-12-01 00:00:00.000000000
100,Pagado,2002-02-01,1,2548,876,2001-10-01 00:00:00.000000000
200,Pagado,2002-12-01,1,2548,876,2002-03-01 00:00:00.000000000
20,Pagado,2002-02-01,1,2548,878,2002-02-01 00:00:00.000000000
440,Pagado,2003-10-01,1,2548,878,2002-01-01 00:00:00.000000000
480,Pagado,2005-10-01,1,2548,878,2003-11-01 00:00:00.000000000
20,Pagado,2005-11-01,1,2548,878,2005-11-01 00:00:00.000000000
120,Pagado,2006-05-01,1,2548,878,2005-12-01 00:00:00.000000000
160,Pagado,2007-01-01,1,2548,878,2006-06-01 00:00:00.000000000
400,Pagado,2008-09-01,1,2548,878,2007-02-01 00:00:00.000000000
90,Pagado,2024-08-01,1,2548,878,2024-06-01 00:00:00.000000000
120,Pagado,2024-12-01,1,2548,878,2024-09-01 00:00:00.000000000
90,Pagado,2025-03-01,1,2548,878,2025-01-01 00:00:00.000000000
270,Pagado,2025-12-01,1,2548,878,2025-04-01 00:00:00.000000000
100,Pagado,2005-12-01,1,2548,879,2001-11-01 00:00:00.000000000
280,Pagado,2002-12-01,1,2548,880,2001-11-01 00:00:00.000000000
240,Pagado,2002-10-01,1,2548,881,2001-11-01 00:00:00.000000000
400,Pagado,2005-08-01,1,2548,881,2004-01-01 00:00:00.000000000
60,Pagado,2005-11-01,1,2548,881,2005-09-01 00:00:00.000000000
800,Pagado,2009-03-01,1,2548,881,2005-12-01 00:00:00.000000000
1000,Pagado,2013-05-01,1,2548,881,2009-04-01 00:00:00.000000000
200,Pagado,2014-03-01,1,2548,881,2013-06-01 00:00:00.000000000
1000,Pagado,2018-07-01,1,2548,881,2014-05-01 00:00:00.000000000
240,Pagado,2019-06-01,1,2548,881,2018-07-01 00:00:00.000000000
480,Pagado,2021-06-01,1,2548,881,2019-07-01 00:00:00.000000000
200,Pagado,2022-04-01,1,2548,881,2021-07-01 00:00:00.000000000
100,Pagado,2022-09-01,1,2548,881,2022-05-01 00:00:00.000000000
60,Pagado,2022-12-01,1,2548,881,2022-10-01 00:00:00.000000000
240,Pagado,2023-12-01,1,2548,881,2023-01-01 00:00:00.000000000
360,Pagado,2024-12-01,1,2548,881,2024-01-01 00:00:00.000000000
360,Pagado,2025-12-01,1,2548,881,2025-01-01 00:00:00.000000000
400,Pagado,2003-07-01,1,2548,882,2001-12-01 00:00:00.000000000
560,Pagado,2005-11-01,1,2548,882,2003-08-01 00:00:00.000000000
20,Pagado,2005-12-01,1,2548,882,2005-12-01 00:00:00.000000000
60,Pagado,2006-03-01,1,2548,882,2006-01-01 00:00:00.000000000
40,Pagado,2006-05-01,1,2548,882,2006-04-01 00:00:00.000000000
100,Pagado,2006-10-01,1,2548,882,2006-06-01 00:00:00.000000000
100,Pagado,2007-03-01,1,2548,882,2006-11-01 00:00:00.000000000
160,Pagado,2007-11-01,1,2548,882,2007-04-01 00:00:00.000000000
40,Pagado,2001-12-01,1,2548,883,2001-11-01 00:00:00.000000000
100,Pagado,2002-05-01,1,2548,883,2002-01-01 00:00:00.000000000
200,Pagado,2003-03-01,1,2548,883,2002-06-01 00:00:00.000000000
200,Pagado,2004-01-01,1,2548,883,2003-04-01 00:00:00.000000000
100,Pagado,2004-06-01,1,2548,883,2004-02-01 00:00:00.000000000
100,Pagado,2005-02-01,1,2548,883,2004-10-01 00:00:00.000000000
300,Pagado,2006-05-01,1,2548,883,2005-03-01 00:00:00.000000000
200,Pagado,2007-03-01,1,2548,883,2006-06-01 00:00:00.000000000
200,Pagado,2008-01-01,1,2548,883,2007-04-01 00:00:00.000000000
60,Pagado,2008-04-01,1,2548,883,2008-02-01 00:00:00.000000000
120,Pagado,2008-10-01,1,2548,883,2008-05-01 00:00:00.000000000
100,Pagado,2009-03-01,1,2548,883,2008-11-01 00:00:00.000000000
80,Pagado,2009-07-01,1,2548,883,2009-04-01 00:00:00.000000000
80,Pagado,2009-11-01,1,2548,883,2009-08-01 00:00:00.000000000
20,Pagado,2009-12-01,1,2548,883,2009-12-01 00:00:00.000000000
100,Pagado,2010-05-01,1,2548,883,2010-01-01 00:00:00.000000000
100,Pagado,2010-10-01,1,2548,883,2010-06-01 00:00:00.000000000
20,Pagado,2010-11-01,1,2548,883,2010-11-01 00:00:00.000000000
140,Pagado,2011-06-01,1,2548,883,2010-12-01 00:00:00.000000000
40,Pagado,2011-08-01,1,2548,883,2011-07-01 00:00:00.000000000
80,Pagado,2011-12-01,1,2548,883,2011-09-01 00:00:00.000000000
120,Pagado,2012-06-01,1,2548,883,2012-01-01 00:00:00.000000000
100,Pagado,2012-11-01,1,2548,883,2012-07-01 00:00:00.000000000
20,Pagado,2012-12-01,1,2548,883,2012-12-01 00:00:00.000000000
120,Pagado,2013-06-01,1,2548,883,2013-01-01 00:00:00.000000000
60,Pagado,2013-09-01,1,2548,883,2013-07-01 00:00:00.000000000
60,Pagado,2013-12-01,1,2548,883,2013-10-01 00:00:00.000000000
100,Pagado,2014-05-01,1,2548,883,2014-01-01 00:00:00.000000000
80,Pagado,2014-09-01,1,2548,883,2014-06-01 00:00:00.000000000
40,Pagado,2014-11-01,1,2548,883,2014-10-01 00:00:00.000000000
140,Pagado,2015-06-01,1,2548,883,2014-12-01 00:00:00.000000000
40,Pagado,2015-08-01,1,2548,883,2015-07-01 00:00:00.000000000
20,Pagado,2015-09-01,1,2548,883,2015-09-01 00:00:00.000000000
20,Pagado,2015-11-01,1,2548,883,2015-11-01 00:00:00.000000000
40,Pagado,2016-01-01,1,2548,883,2015-12-01 00:00:00.000000000
40,Pagado,2016-03-01,1,2548,883,2016-02-01 00:00:00.000000000
40,Pagado,2016-05-01,1,2548,883,2016-04-01 00:00:00.000000000
100,Pagado,2016-10-01,1,2548,883,2016-06-01 00:00:00.000000000
40,Pagado,2016-12-01,1,2548,883,2016-11-01 00:00:00.000000000
40,Pagado,2017-02-01,1,2548,883,2017-01-01 00:00:00.000000000
100,Pagado,2017-07-01,1,2548,883,2017-03-01 00:00:00.000000000
60,Pagado,2017-10-01,1,2548,883,2017-08-01 00:00:00.000000000
40,Pagado,2017-12-01,1,2548,883,2017-11-01 00:00:00.000000000
140,Pagado,2018-07-01,1,2548,883,2018-01-01 00:00:00.000000000
20,Pagado,2018-09-01,1,2548,883,2018-09-01 00:00:00.000000000
20,Pagado,2018-10-01,1,2548,883,2018-10-01 00:00:00.000000000
20,Pagado,2018-11-01,1,2548,883,2018-11-01 00:00:00.000000000
20,Pagado,2018-12-01,1,2548,883,2018-12-01 00:00:00.000000000
120,Pagado,2019-06-01,1,2548,883,2019-01-01 00:00:00.000000000
120,Pagado,2019-12-01,1,2548,883,2019-07-01 00:00:00.000000000
240,Pagado,2020-12-01,1,2548,883,2020-01-01 00:00:00.000000000
120,Pagado,2021-06-01,1,2548,883,2021-01-01 00:00:00.000000000
200,Pagado,2002-08-01,1,2548,885,2001-11-01 00:00:00.000000000
20,Pagado,2002-09-01,1,2548,885,2002-09-01 00:00:00.000000000
60,Pagado,2002-12-01,1,2548,885,2002-10-01 00:00:00.000000000
40,Pagado,2003-02-01,1,2548,885,2003-01-01 00:00:00.000000000
100,Pagado,2002-09-01,1,2548,886,2002-05-01 00:00:00.000000000
1200,Pagado,2006-10-01,1,2548,887,2001-11-01 00:00:00.000000000
260,Pagado,2006-11-01,1,2548,887,2006-11-01 00:00:00.000000000
60,Pagado,2008-02-01,1,2548,887,2007-12-01 00:00:00.000000000
500,Pagado,2010-03-01,1,2548,887,2008-03-01 00:00:00.000000000
300,Pagado,2011-06-01,1,2548,887,2010-04-01 00:00:00.000000000
260,Pagado,2002-11-01,1,2548,888,2001-11-01 00:00:00.000000000
200,Pagado,2003-09-01,1,2548,888,2002-12-01 00:00:00.000000000
80,Pagado,2002-03-01,1,2548,891,2001-12-01 00:00:00.000000000
100,Pagado,2002-08-01,1,2548,891,2002-04-01 00:00:00.000000000
60,Pagado,2002-11-01,1,2548,891,2002-09-01 00:00:00.000000000
80,Pagado,2003-03-01,1,2548,891,2002-12-01 00:00:00.000000000
20,Pagado,2003-04-01,1,2548,891,2003-04-01 00:00:00.000000000
100,Pagado,2003-09-01,1,2548,891,2003-05-01 00:00:00.000000000
100,Pagado,2004-02-01,1,2548,891,2003-10-01 00:00:00.000000000
100,Pagado,2004-07-01,1,2548,891,2004-03-01 00:00:00.000000000
100,Pagado,2004-12-01,1,2548,891,2004-08-01 00:00:00.000000000
100,Pagado,2005-05-01,1,2548,891,2005-01-01 00:00:00.000000000
100,Pagado,2005-10-01,1,2548,891,2005-06-01 00:00:00.000000000
120,Pagado,2006-04-01,1,2548,891,2005-11-01 00:00:00.000000000
120,Pagado,2006-10-01,1,2548,891,2006-05-01 00:00:00.000000000
100,Pagado,2007-03-01,1,2548,891,2006-11-01 00:00:00.000000000
100,Pagado,2007-08-01,1,2548,891,2007-04-01 00:00:00.000000000
80,Pagado,2007-12-01,1,2548,891,2007-09-01 00:00:00.000000000
100,Pagado,2008-05-01,1,2548,891,2008-01-01 00:00:00.000000000
140,Pagado,2008-12-01,1,2548,891,2008-06-01 00:00:00.000000000
100,Pagado,2009-05-01,1,2548,891,2009-01-01 00:00:00.000000000
40,Pagado,2009-07-01,1,2548,891,2009-06-01 00:00:00.000000000
100,Pagado,2009-12-01,1,2548,891,2009-08-01 00:00:00.000000000
240,Pagado,2010-12-01,1,2548,891,2010-01-01 00:00:00.000000000
200,Pagado,2011-10-01,1,2548,891,2011-01-01 00:00:00.000000000
40,Pagado,2011-12-01,1,2548,891,2011-11-01 00:00:00.000000000
220,Pagado,2012-11-01,1,2548,891,2012-01-01 00:00:00.000000000
240,Pagado,2013-11-01,1,2548,891,2012-12-01 00:00:00.000000000
240,Pagado,2014-11-01,1,2548,891,2013-12-01 00:00:00.000000000
100,Pagado,2015-04-01,1,2548,891,2014-12-01 00:00:00.000000000
80,Pagado,2015-08-01,1,2548,891,2015-05-01 00:00:00.000000000
60,Pagado,2015-11-01,1,2548,891,2015-09-01 00:00:00.000000000
180,Pagado,2016-08-01,1,2548,891,2015-12-01 00:00:00.000000000
60,Pagado,2016-11-01,1,2548,891,2016-09-01 00:00:00.000000000
60,Pagado,2017-02-01,1,2548,891,2016-12-01 00:00:00.000000000
60,Pagado,2017-05-01,1,2548,891,2017-03-01 00:00:00.000000000
120,Pagado,2017-11-01,1,2548,891,2017-06-01 00:00:00.000000000
80,Pagado,2002-03-01,1,2548,892,2001-12-01 00:00:00.000000000
140,Pagado,2002-10-01,1,2548,892,2002-04-01 00:00:00.000000000
20,Pagado,2003-01-01,1,2548,892,2003-01-01 00:00:00.000000000
40,Pagado,2003-03-01,1,2548,892,2003-02-01 00:00:00.000000000
20,Pagado,2003-04-01,1,2548,892,2003-04-01 00:00:00.000000000
20,Pagado,2003-05-01,1,2548,892,2003-05-01 00:00:00.000000000
20,Pagado,2003-06-01,1,2548,892,2003-06-01 00:00:00.000000000
200,Pagado,2004-04-01,1,2548,892,2003-07-01 00:00:00.000000000
60,Pagado,2004-07-01,1,2548,892,2004-05-01 00:00:00.000000000
20,Pagado,2004-08-01,1,2548,892,2004-08-01 00:00:00.000000000
100,Pagado,2005-01-01,1,2548,892,2004-09-01 00:00:00.000000000
60,Pagado,2005-04-01,1,2548,892,2005-02-01 00:00:00.000000000
20,Pagado,2005-05-01,1,2548,892,2005-05-01 00:00:00.000000000
40,Pagado,2002-01-01,1,2548,893,2001-12-01 00:00:00.000000000
60,Pagado,2002-04-01,1,2548,893,2002-02-01 00:00:00.000000000
60,Pagado,2002-07-01,1,2548,893,2002-05-01 00:00:00.000000000
60,Pagado,2002-10-01,1,2548,893,2002-08-01 00:00:00.000000000
60,Pagado,2003-06-01,1,2548,893,2003-04-01 00:00:00.000000000
20,Pagado,2003-07-01,1,2548,893,2003-07-01 00:00:00.000000000
40,Pagado,2003-09-01,1,2548,893,2003-08-01 00:00:00.000000000
60,Pagado,2003-11-01,1,2548,893,2003-09-01 00:00:00.000000000
60,Pagado,2004-02-01,1,2548,893,2003-12-01 00:00:00.000000000
120,Pagado,2004-08-01,1,2548,893,2004-03-01 00:00:00.000000000
100,Pagado,2006-07-01,1,2548,893,2006-03-01 00:00:00.000000000
100,Pagado,2006-12-01,1,2548,893,2006-08-01 00:00:00.000000000
60,Pagado,2007-01-01,1,2548,893,2006-11-01 00:00:00.000000000
40,Pagado,2007-03-01,1,2548,893,2007-02-01 00:00:00.000000000
20,Pagado,2007-04-01,1,2548,893,2007-04-01 00:00:00.000000000
20,Pagado,2007-04-01,1,2548,893,2007-04-01 00:00:00.000000000
40,Pagado,2007-06-01,1,2548,893,2007-05-01 00:00:00.000000000
200,Pagado,2007-10-01,1,2548,893,2007-01-01 00:00:00.000000000
100,Pagado,2007-11-01,1,2548,893,2007-07-01 00:00:00.000000000
40,Pagado,2007-12-01,1,2548,893,2007-11-01 00:00:00.000000000
140,Pagado,2008-06-01,1,2548,893,2007-12-01 00:00:00.000000000
80,Pagado,2008-10-01,1,2548,893,2008-07-01 00:00:00.000000000
260,Pagado,2002-12-01,1,2548,894,2001-12-01 00:00:00.000000000
180,Pagado,2003-09-01,1,2548,894,2003-01-01 00:00:00.000000000
20,Pagado,2003-10-01,1,2548,894,2003-10-01 00:00:00.000000000
40,Pagado,2003-12-01,1,2548,894,2003-11-01 00:00:00.000000000
160,Pagado,2004-08-01,1,2548,894,2004-01-01 00:00:00.000000000
80,Pagado,2004-12-01,1,2548,894,2004-09-01 00:00:00.000000000
80,Pagado,2005-04-01,1,2548,894,2005-01-01 00:00:00.000000000
260,Pagado,2006-05-01,1,2548,894,2005-05-01 00:00:00.000000000
100,Pagado,2006-10-01,1,2548,894,2006-06-01 00:00:00.000000000
120,Pagado,2007-04-01,1,2548,894,2006-11-01 00:00:00.000000000
240,Pagado,2008-04-01,1,2548,894,2007-05-01 00:00:00.000000000
500,Pagado,2010-05-01,1,2548,894,2008-05-01 00:00:00.000000000
360,Pagado,2011-11-01,1,2548,894,2010-06-01 00:00:00.000000000
60,Pagado,2002-03-01,1,2548,895,2002-01-01 00:00:00.000000000
180,Pagado,2002-12-01,1,2548,895,2002-04-01 00:00:00.000000000
60,Pagado,2003-03-01,1,2548,895,2003-01-01 00:00:00.000000000
100,Pagado,2003-08-01,1,2548,895,2003-04-01 00:00:00.000000000
20,Pagado,2003-09-01,1,2548,895,2003-09-01 00:00:00.000000000
60,Pagado,2003-12-01,1,2548,895,2003-10-01 00:00:00.000000000
100,Pagado,2004-05-01,1,2548,895,2004-01-01 00:00:00.000000000
80,Pagado,2004-12-01,1,2548,895,2004-09-01 00:00:00.000000000
240,Pagado,2005-12-01,1,2548,895,2005-01-01 00:00:00.000000000
240,Pagado,2006-12-01,1,2548,895,2006-01-01 00:00:00.000000000
240,Pagado,2007-12-01,1,2548,895,2007-01-01 00:00:00.000000000
480,Pagado,2009-12-01,1,2548,895,2008-01-01 00:00:00.000000000
200,Pagado,2010-10-01,1,2548,895,2010-01-01 00:00:00.000000000
20,Pagado,2010-11-01,1,2548,895,2010-10-01 00:00:00.000000000
20,Pagado,2010-12-01,1,2548,895,2010-12-01 00:00:00.000000000
180,Pagado,2011-10-01,1,2548,895,2011-02-01 00:00:00.000000000
40,Pagado,2011-12-01,1,2548,895,2011-11-01 00:00:00.000000000
240,Pagado,2012-12-01,1,2548,895,2012-01-01 00:00:00.000000000
240,Pagado,2013-12-01,1,2548,895,2013-01-01 00:00:00.000000000
240,Pagado,2014-12-01,1,2548,895,2014-01-01 00:00:00.000000000
240,Pagado,2016-12-01,1,2548,895,2016-01-01 00:00:00.000000000
240,Pagado,2017-12-01,1,2548,895,2017-01-01 00:00:00.000000000
240,Pagado,2018-12-01,1,2548,895,2018-01-01 00:00:00.000000000
240,Pagado,2019-12-01,1,2548,895,2019-01-01 00:00:00.000000000
240,Pagado,2020-12-01,1,2548,895,2020-01-01 00:00:00.000000000
240,Pagado,2021-12-01,1,2548,895,2021-01-01 00:00:00.000000000
240,Pagado,2022-12-01,1,2548,895,2022-01-01 00:00:00.000000000
240,Pagado,2023-12-01,1,2548,895,2023-01-01 00:00:00.000000000
360,Pagado,2024-12-01,1,2548,895,2024-01-01 00:00:00.000000000
360,Pagado,2025-12-01,1,2548,895,2025-01-01 00:00:00.000000000
120,Pagado,2002-06-01,1,2548,896,2002-01-01 00:00:00.000000000
160,Pagado,2002-08-01,1,2548,897,2002-01-01 00:00:00.000000000
40,Pagado,2002-10-01,1,2548,897,2002-09-01 00:00:00.000000000
60,Pagado,2003-01-01,1,2548,897,2002-11-01 00:00:00.000000000
220,Pagado,2003-12-01,1,2548,897,2003-02-01 00:00:00.000000000
100,Pagado,2004-12-01,1,2548,897,2004-08-01 00:00:00.000000000
20,Pagado,2005-01-01,1,2548,897,2005-01-01 00:00:00.000000000
40,Pagado,2005-03-01,1,2548,897,2005-02-01 00:00:00.000000000
40,Pagado,2005-05-01,1,2548,897,2005-04-01 00:00:00.000000000
20,Pagado,2005-06-01,1,2548,897,2005-06-01 00:00:00.000000000
300,Pagado,2006-09-01,1,2548,897,2005-07-01 00:00:00.000000000
200,Pagado,2003-03-01,1,2548,898,2002-06-01 00:00:00.000000000
300,Pagado,2004-06-01,1,2548,898,2003-04-01 00:00:00.000000000
60,Pagado,2002-06-01,1,2548,899,2002-04-01 00:00:00.000000000
40,Pagado,2002-08-01,1,2548,899,2002-07-01 00:00:00.000000000
100,Pagado,2003-01-01,1,2548,899,2002-09-01 00:00:00.000000000
60,Pagado,2003-03-01,1,2548,899,2002-01-01 00:00:00.000000000
100,Pagado,2002-05-01,1,2548,900,2002-01-01 00:00:00.000000000
60,Pagado,2002-08-01,1,2548,900,2002-06-01 00:00:00.000000000
80,Pagado,2002-12-01,1,2548,900,2002-09-01 00:00:00.000000000
200,Pagado,2003-10-01,1,2548,900,2003-01-01 00:00:00.000000000
300,Pagado,2005-01-01,1,2548,900,2003-11-01 00:00:00.000000000
1000,Pagado,2009-03-01,1,2548,900,2005-02-01 00:00:00.000000000
20,Pagado,2009-04-01,1,2548,900,2009-04-01 00:00:00.000000000
500,Pagado,2011-05-01,1,2548,900,2009-05-01 00:00:00.000000000
380,Pagado,2012-12-01,1,2548,900,2011-06-01 00:00:00.000000000
80,Pagado,2013-04-01,1,2548,900,2013-01-01 00:00:00.000000000
200,Pagado,2014-02-01,1,2548,900,2013-05-01 00:00:00.000000000
200,Pagado,2014-12-01,1,2548,900,2014-03-01 00:00:00.000000000
240,Pagado,2015-12-01,1,2548,900,2015-01-01 00:00:00.000000000
240,Pagado,2016-12-01,1,2548,900,2016-01-01 00:00:00.000000000
240,Pagado,2017-12-01,1,2548,900,2017-01-01 00:00:00.000000000
60,Pagado,2018-03-01,1,2548,900,2018-01-01 00:00:00.000000000
180,Pagado,2018-12-01,1,2548,900,2018-04-01 00:00:00.000000000
60,Pagado,2019-03-01,1,2548,900,2019-01-01 00:00:00.000000000
180,Pagado,2019-12-01,1,2548,900,2019-04-01 00:00:00.000000000
300,Pagado,2021-03-01,1,2548,900,2020-01-01 00:00:00.000000000
240,Pagado,2022-03-01,1,2548,900,2021-04-01 00:00:00.000000000
240,Pagado,2023-03-01,1,2548,900,2022-04-01 00:00:00.000000000
240,Pagado,2024-03-01,1,2548,900,2023-04-01 00:00:00.000000000
240,Pagado,2025-03-01,1,2548,900,2024-04-01 00:00:00.000000000
360,Pagado,2026-03-01,1,2548,900,2025-04-01 00:00:00.000000000
360,Pagado,2027-03-01,1,2548,900,2026-04-01 00:00:00.000000000
360,Pagado,2003-06-01,1,2548,901,2002-01-01 00:00:00.000000000
40,Pagado,2003-08-01,1,2548,901,2003-07-01 00:00:00.000000000
20,Pagado,2003-09-01,1,2548,901,2003-09-01 00:00:00.000000000
20,Pagado,2005-02-01,1,2548,901,2005-02-01 00:00:00.000000000
20,Pagado,2005-03-01,1,2548,901,2005-03-01 00:00:00.000000000
20,Pagado,2005-04-01,1,2548,901,2005-04-01 00:00:00.000000000
20,Pagado,2005-05-01,1,2548,901,2005-05-01 00:00:00.000000000
20,Pagado,2005-06-01,1,2548,901,2005-06-01 00:00:00.000000000
20,Pagado,2005-07-01,1,2548,901,2005-07-01 00:00:00.000000000
20,Pagado,2005-08-01,1,2548,901,2005-08-01 00:00:00.000000000
20,Pagado,2005-09-01,1,2548,901,2005-09-01 00:00:00.000000000
40,Pagado,2005-11-01,1,2548,901,2005-10-01 00:00:00.000000000
20,Pagado,2005-12-01,1,2548,901,2005-12-01 00:00:00.000000000
20,Pagado,2006-01-01,1,2548,901,2006-01-01 00:00:00.000000000
20,Pagado,2006-02-01,1,2548,901,2006-02-01 00:00:00.000000000
400,Pagado,2007-10-01,1,2548,901,2006-03-01 00:00:00.000000000
20,Pagado,2007-11-01,1,2548,901,2007-11-01 00:00:00.000000000
40,Pagado,2008-01-01,1,2548,901,2007-12-01 00:00:00.000000000
160,Pagado,2008-09-01,1,2548,901,2008-02-01 00:00:00.000000000
120,Pagado,2002-06-01,1,2548,902,2002-01-01 00:00:00.000000000
120,Pagado,2002-12-01,1,2548,902,2002-07-01 00:00:00.000000000
240,Pagado,2003-12-01,1,2548,902,2003-01-01 00:00:00.000000000
60,Pagado,2004-03-01,1,2548,902,2004-01-01 00:00:00.000000000
80,Pagado,2004-07-01,1,2548,902,2004-04-01 00:00:00.000000000
60,Pagado,2004-10-01,1,2548,902,2004-08-01 00:00:00.000000000
40,Pagado,2004-12-01,1,2548,902,2004-11-01 00:00:00.000000000
40,Pagado,2005-02-01,1,2548,902,2005-01-01 00:00:00.000000000
100,Pagado,2005-07-01,1,2548,902,2005-03-01 00:00:00.000000000
100,Pagado,2005-12-01,1,2548,902,2005-08-01 00:00:00.000000000
240,Pagado,2006-12-01,1,2548,902,2006-01-01 00:00:00.000000000
40,Pagado,2007-02-01,1,2548,902,2007-01-01 00:00:00.000000000
200,Pagado,2007-12-01,1,2548,902,2007-03-01 00:00:00.000000000
140,Pagado,2008-07-01,1,2548,902,2008-01-01 00:00:00.000000000
80,Pagado,2008-11-01,1,2548,902,2008-08-01 00:00:00.000000000
260,Pagado,2009-12-01,1,2548,902,2008-12-01 00:00:00.000000000
220,Pagado,2010-11-01,1,2548,902,2010-01-01 00:00:00.000000000
40,Pagado,2011-01-01,1,2548,902,2010-12-01 00:00:00.000000000
20,Pagado,2011-02-01,1,2548,902,2011-02-01 00:00:00.000000000
60,Pagado,2011-05-01,1,2548,902,2011-03-01 00:00:00.000000000
20,Pagado,2011-06-01,1,2548,902,2011-06-01 00:00:00.000000000
100,Pagado,2011-12-01,1,2548,902,2011-07-01 00:00:00.000000000
140,Pagado,2012-06-01,1,2548,902,2011-12-01 00:00:00.000000000
100,Pagado,2012-11-01,1,2548,902,2012-07-01 00:00:00.000000000
240,Pagado,2013-11-01,1,2548,902,2012-12-01 00:00:00.000000000
100,Pagado,2014-04-01,1,2548,902,2013-12-01 00:00:00.000000000
140,Pagado,2014-11-01,1,2548,902,2014-05-01 00:00:00.000000000
20,Pagado,2014-12-01,1,2548,902,2014-12-01 00:00:00.000000000
240,Pagado,2015-12-01,1,2548,902,2015-01-01 00:00:00.000000000
220,Pagado,2016-11-01,1,2548,902,2016-01-01 00:00:00.000000000
240,Pagado,2017-11-01,1,2548,902,2016-12-01 00:00:00.000000000
240,Pagado,2018-11-01,1,2548,902,2017-12-01 00:00:00.000000000
440,Pagado,2020-09-01,1,2548,902,2018-12-01 00:00:00.000000000
240,Pagado,2021-09-01,1,2548,902,2020-10-01 00:00:00.000000000
60,Pagado,2021-12-01,1,2548,902,2021-10-01 00:00:00.000000000
240,Pagado,2022-12-01,1,2548,902,2022-01-01 00:00:00.000000000
60,Pagado,2023-03-01,1,2548,902,2023-01-01 00:00:00.000000000
180,Pagado,2023-12-01,1,2548,902,2023-04-01 00:00:00.000000000
360,Pagado,2024-12-01,1,2548,902,2024-01-01 00:00:00.000000000
180,Pagado,2025-06-01,1,2548,902,2025-01-01 00:00:00.000000000
180,Pagado,2025-12-01,1,2548,902,2025-07-01 00:00:00.000000000
360,Pagado,2003-06-01,1,2548,903,2002-01-01 00:00:00.000000000
600,Pagado,2005-12-01,1,2548,903,2003-07-01 00:00:00.000000000
20,Pagado,2002-01-01,1,2548,904,2002-01-01 00:00:00.000000000
200,Pagado,2002-11-01,1,2548,904,2002-02-01 00:00:00.000000000
60,Pagado,2003-02-01,1,2548,904,2002-12-01 00:00:00.000000000
40,Pagado,2002-02-01,1,2548,905,2002-01-01 00:00:00.000000000
20,Pagado,2002-03-01,1,2548,905,2002-03-01 00:00:00.000000000
60,Pagado,2002-06-01,1,2548,905,2002-04-01 00:00:00.000000000
100,Pagado,2002-11-01,1,2548,905,2002-07-01 00:00:00.000000000
20,Pagado,2002-12-01,1,2548,905,2002-12-01 00:00:00.000000000
180,Pagado,2003-09-01,1,2548,905,2003-01-01 00:00:00.000000000
200,Pagado,2004-07-01,1,2548,905,2003-10-01 00:00:00.000000000
100,Pagado,2004-12-01,1,2548,905,2004-08-01 00:00:00.000000000
220,Pagado,2005-11-01,1,2548,905,2005-01-01 00:00:00.000000000
180,Pagado,2006-08-01,1,2548,905,2005-12-01 00:00:00.000000000
20,Pagado,2006-09-01,1,2548,905,2006-09-01 00:00:00.000000000
300,Pagado,2007-12-01,1,2548,905,2006-10-01 00:00:00.000000000
240,Pagado,2008-12-01,1,2548,905,2008-01-01 00:00:00.000000000
240,Pagado,2009-12-01,1,2548,905,2009-01-01 00:00:00.000000000
240,Pagado,2010-12-01,1,2548,905,2010-01-01 00:00:00.000000000
240,Pagado,2011-12-01,1,2548,905,2011-01-01 00:00:00.000000000
240,Pagado,2012-12-01,1,2548,905,2012-01-01 00:00:00.000000000
20,Pagado,2013-01-01,1,2548,905,2013-01-01 00:00:00.000000000
220,Pagado,2013-12-01,1,2548,905,2013-02-01 00:00:00.000000000
240,Pagado,2014-12-01,1,2548,905,2014-01-01 00:00:00.000000000
240,Pagado,2015-12-01,1,2548,905,2015-01-01 00:00:00.000000000
240,Pagado,2016-12-01,1,2548,905,2016-01-01 00:00:00.000000000
240,Pagado,2017-12-01,1,2548,905,2017-01-01 00:00:00.000000000
240,Pagado,2018-12-01,1,2548,905,2018-01-01 00:00:00.000000000
240,Pagado,2019-12-01,1,2548,905,2019-01-01 00:00:00.000000000
240,Pagado,2020-12-01,1,2548,905,2020-01-01 00:00:00.000000000
200,Pagado,2021-10-01,1,2548,905,2021-01-01 00:00:00.000000000
40,Pagado,2021-12-01,1,2548,905,2021-11-01 00:00:00.000000000
180,Pagado,2022-09-01,1,2548,905,2022-01-01 00:00:00.000000000
60,Pagado,2022-12-01,1,2548,905,2022-10-01 00:00:00.000000000
240,Pagado,2023-12-01,1,2548,905,2023-01-01 00:00:00.000000000
360,Pagado,2024-12-01,1,2548,905,2024-01-01 00:00:00.000000000
360,Pagado,2025-12-01,1,2548,905,2025-01-01 00:00:00.000000000
100,Pagado,2002-05-01,1,2548,906,2002-01-01 00:00:00.000000000
80,Pagado,2002-09-01,1,2548,906,2002-06-01 00:00:00.000000000
60,Pagado,2002-12-01,1,2548,906,2002-10-01 00:00:00.000000000
60,Pagado,2003-03-01,1,2548,906,2003-01-01 00:00:00.000000000
100,Pagado,2003-08-01,1,2548,906,2003-04-01 00:00:00.000000000
80,Pagado,2003-12-01,1,2548,906,2003-09-01 00:00:00.000000000
120,Pagado,2004-06-01,1,2548,906,2004-01-01 00:00:00.000000000
240,Pagado,2005-06-01,1,2548,906,2004-07-01 00:00:00.000000000
906,Pagado,2006-09-01,1,2548,906,2005-07-01 00:00:00.000000000
240,Pagado,2007-09-01,1,2548,906,2006-10-01 00:00:00.000000000
500,Pagado,2009-10-01,1,2548,906,2007-10-01 00:00:00.000000000
760,Pagado,2012-12-01,1,2548,906,2009-11-01 00:00:00.000000000
240,Pagado,2013-12-01,1,2548,906,2013-01-01 00:00:00.000000000
240,Pagado,2014-12-01,1,2548,906,2014-01-01 00:00:00.000000000
240,Pagado,2015-12-01,1,2548,906,2015-01-01 00:00:00.000000000
240,Pagado,2016-12-01,1,2548,906,2016-01-01 00:00:00.000000000
240,Pagado,2017-12-01,1,2548,906,2017-01-01 00:00:00.000000000
240,Pagado,2018-12-01,1,2548,906,2018-01-01 00:00:00.000000000
240,Pagado,2019-12-01,1,2548,906,2019-01-01 00:00:00.000000000
240,Pagado,2020-12-01,1,2548,906,2020-01-01 00:00:00.000000000
240,Pagado,2021-12-01,1,2548,906,2021-01-01 00:00:00.000000000
240,Pagado,2022-12-01,1,2548,906,2022-01-01 00:00:00.000000000
240,Pagado,2023-12-01,1,2548,906,2023-01-01 00:00:00.000000000
360,Pagado,2024-12-01,1,2548,906,2024-01-01 00:00:00.000000000
360,Pagado,2025-12-01,1,2548,906,2025-01-01 00:00:00.000000000
200,Pagado,2002-10-01,1,2548,907,2002-01-01 00:00:00.000000000
540,Pagado,2005-01-01,1,2548,907,2002-11-01 00:00:00.000000000
60,Pagado,2005-04-01,1,2548,907,2005-02-01 00:00:00.000000000
20,Pagado,2005-05-01,1,2548,907,2005-05-01 00:00:00.000000000
20,Pagado,2005-06-01,1,2548,907,2005-06-01 00:00:00.000000000
600,Pagado,2007-12-01,1,2548,907,2005-07-01 00:00:00.000000000
760,Pagado,2005-02-01,1,2548,908,2002-01-01 00:00:00.000000000
100,Pagado,2002-05-01,1,2548,909,2002-01-01 00:00:00.000000000
160,Pagado,2003-01-01,1,2548,909,2002-06-01 00:00:00.000000000
600,Pagado,2005-07-01,1,2548,909,2003-02-01 00:00:00.000000000
500,Pagado,2007-08-01,1,2548,909,2005-08-01 00:00:00.000000000
60,Pagado,2007-11-01,1,2548,909,2007-09-01 00:00:00.000000000
40,Pagado,2008-01-01,1,2548,909,2007-12-01 00:00:00.000000000
1200,Pagado,2013-01-01,1,2548,909,2008-02-01 00:00:00.000000000
240,Pagado,2014-01-01,1,2548,909,2013-02-01 00:00:00.000000000
240,Pagado,2015-01-01,1,2548,909,2014-02-01 00:00:00.000000000
240,Pagado,2016-01-01,1,2548,909,2015-02-01 00:00:00.000000000
240,Pagado,2017-01-01,1,2548,909,2016-02-01 00:00:00.000000000
240,Pagado,2018-01-01,1,2548,909,2017-02-01 00:00:00.000000000
240,Pagado,2019-01-01,1,2548,909,2018-02-01 00:00:00.000000000
240,Pagado,2022-01-01,1,2548,909,2021-02-01 00:00:00.000000000
100,Pagado,2022-06-01,1,2548,909,2022-02-01 00:00:00.000000000
60,Pagado,2022-09-01,1,2548,909,2022-07-01 00:00:00.000000000
40,Pagado,2022-11-01,1,2548,909,2022-10-01 00:00:00.000000000
20,Pagado,2022-12-01,1,2548,909,2022-12-01 00:00:00.000000000
60,Pagado,2023-03-01,1,2548,909,2023-01-01 00:00:00.000000000
180,Pagado,2023-12-01,1,2548,909,2023-04-01 00:00:00.000000000
120,Pagado,2024-04-01,1,2548,909,2024-01-01 00:00:00.000000000
240,Pagado,2024-12-01,1,2548,909,2024-05-01 00:00:00.000000000
360,Pagado,2025-12-01,1,2548,909,2025-01-01 00:00:00.000000000
40,Pagado,2002-02-01,1,2548,910,2002-01-01 00:00:00.000000000
120,Pagado,2002-08-01,1,2548,910,2002-03-01 00:00:00.000000000
80,Pagado,2002-12-01,1,2548,910,2002-09-01 00:00:00.000000000
200,Pagado,2008-10-01,1,2548,910,2008-01-01 00:00:00.000000000
1000,Pagado,2012-12-01,1,2548,910,2008-11-01 00:00:00.000000000
480,Pagado,2014-12-01,1,2548,910,2013-01-01 00:00:00.000000000
720,Pagado,2017-12-01,1,2548,910,2015-01-01 00:00:00.000000000
960,Pagado,2021-12-01,1,2548,910,2018-01-01 00:00:00.000000000
240,Pagado,2022-12-01,1,2548,910,2022-01-01 00:00:00.000000000
240,Pagado,2023-12-01,1,2548,910,2023-01-01 00:00:00.000000000
180,Pagado,2024-06-01,1,2548,910,2024-01-01 00:00:00.000000000
180,Pagado,2024-12-01,1,2548,910,2024-07-01 00:00:00.000000000
520,Pagado,2005-02-01,1,2548,912,2003-01-01 00:00:00.000000000
60,Pagado,2005-05-01,1,2548,912,2005-03-01 00:00:00.000000000
400,Pagado,2007-01-01,1,2548,912,2005-06-01 00:00:00.000000000
2105,Pagado,2024-05-01,1,2548,912,2007-02-01 00:00:00.000000000
210,Pagado,2024-12-01,1,2548,912,2024-06-01 00:00:00.000000000
90,Pagado,2025-03-01,1,2548,912,2025-01-01 00:00:00.000000000
270,Pagado,2025-12-01,1,2548,912,2025-04-01 00:00:00.000000000
300,Pagado,2003-03-01,1,2548,913,2002-01-01 00:00:00.000000000
100,Pagado,2003-08-01,1,2548,913,2003-04-01 00:00:00.000000000
100,Pagado,2004-01-01,1,2548,913,2003-09-01 00:00:00.000000000
100,Pagado,2004-06-01,1,2548,913,2004-02-01 00:00:00.000000000
100,Pagado,2004-11-01,1,2548,913,2004-07-01 00:00:00.000000000
100,Pagado,2005-04-01,1,2548,913,2004-12-01 00:00:00.000000000
100,Pagado,2005-09-01,1,2548,913,2005-05-01 00:00:00.000000000
100,Pagado,2006-02-01,1,2548,913,2005-10-01 00:00:00.000000000
100,Pagado,2006-07-01,1,2548,913,2016-03-01 00:00:00.000000000
100,Pagado,2006-12-01,1,2548,913,2006-08-01 00:00:00.000000000
100,Pagado,2007-05-01,1,2548,913,2007-01-01 00:00:00.000000000
100,Pagado,2007-10-01,1,2548,913,2007-06-01 00:00:00.000000000
100,Pagado,2008-03-01,1,2548,913,2007-11-01 00:00:00.000000000
40,Pagado,2008-05-01,1,2548,913,2008-04-01 00:00:00.000000000
60,Pagado,2008-08-01,1,2548,913,2008-06-01 00:00:00.000000000
40,Pagado,2008-10-01,1,2548,913,2008-09-01 00:00:00.000000000
40,Pagado,2008-12-01,1,2548,913,2008-11-01 00:00:00.000000000
120,Pagado,2010-05-01,1,2548,913,2009-12-01 00:00:00.000000000
60,Pagado,2010-08-01,1,2548,913,2010-06-01 00:00:00.000000000
60,Pagado,2010-11-01,1,2548,913,2010-09-01 00:00:00.000000000
100,Pagado,2011-04-01,1,2548,913,2010-12-01 00:00:00.000000000
60,Pagado,2011-07-01,1,2548,913,2011-05-01 00:00:00.000000000
40,Pagado,2011-09-01,1,2548,913,2011-08-01 00:00:00.000000000
40,Pagado,2011-11-01,1,2548,913,2011-10-01 00:00:00.000000000
2012,Pagado,2012-04-01,1,2548,913,2011-12-01 00:00:00.000000000
140,Pagado,2012-11-01,1,2548,913,2012-05-01 00:00:00.000000000
60,Pagado,2013-02-01,1,2548,913,2012-12-01 00:00:00.000000000
100,Pagado,2013-07-01,1,2548,913,2013-03-01 00:00:00.000000000
100,Pagado,2013-12-01,1,2548,913,2013-08-01 00:00:00.000000000
40,Pagado,2014-02-01,1,2548,913,2014-01-01 00:00:00.000000000
200,Pagado,2014-12-01,1,2548,913,2014-03-01 00:00:00.000000000
100,Pagado,2015-05-01,1,2548,913,2015-01-01 00:00:00.000000000
120,Pagado,2015-11-01,1,2548,913,2015-06-01 00:00:00.000000000
240,Pagado,2016-11-01,1,2548,913,2015-12-01 00:00:00.000000000
240,Pagado,2017-11-01,1,2548,913,2017-01-01 00:00:00.000000000
260,Pagado,2018-12-01,1,2548,913,2017-12-01 00:00:00.000000000
240,Pagado,2019-12-01,1,2548,913,2019-01-01 00:00:00.000000000
200,Pagado,2020-10-01,1,2548,913,2020-01-01 00:00:00.000000000
40,Pagado,2020-12-01,1,2548,913,2020-11-01 00:00:00.000000000
240,Pagado,2021-12-01,1,2548,913,2021-01-01 00:00:00.000000000
180,Pagado,2022-09-01,1,2548,913,2022-01-01 00:00:00.000000000
60,Pagado,2022-12-01,1,2548,913,2022-10-01 00:00:00.000000000
240,Pagado,2023-12-01,1,2548,913,2023-01-01 00:00:00.000000000
180,Pagado,2024-06-01,1,2548,913,2024-03-01 00:00:00.000000000
240,Pagado,2009-11-01,1,2548,914,2008-12-01 00:00:00.000000000
200,Pagado,2010-09-01,1,2548,914,2009-12-01 00:00:00.000000000
40,Pagado,2010-11-01,1,2548,914,2010-10-01 00:00:00.000000000
140,Pagado,2011-06-01,1,2548,914,2010-12-01 00:00:00.000000000
100,Pagado,2011-11-01,1,2548,914,2011-07-01 00:00:00.000000000
240,Pagado,2012-11-01,1,2548,914,2011-12-01 00:00:00.000000000
240,Pagado,2013-11-01,1,2548,914,2012-12-01 00:00:00.000000000
140,Pagado,2014-11-01,1,2548,914,2014-05-01 00:00:00.000000000
240,Pagado,2015-11-01,1,2548,914,2014-12-01 00:00:00.000000000
200,Pagado,2016-09-01,1,2548,914,2015-12-01 00:00:00.000000000
100,Pagado,2017-02-01,1,2548,914,2016-10-01 00:00:00.000000000
160,Pagado,2017-10-01,1,2548,914,2017-03-01 00:00:00.000000000
240,Pagado,2018-10-01,1,2548,914,2017-11-01 00:00:00.000000000
400,Pagado,2003-08-01,1,2548,915,2002-01-01 00:00:00.000000000
40,Pagado,2003-10-01,1,2548,915,2003-09-01 00:00:00.000000000
300,Pagado,2003-03-01,1,2548,917,2002-01-01 00:00:00.000000000
120,Pagado,2003-09-01,1,2548,917,2003-04-01 00:00:00.000000000
20,Pagado,2003-10-01,1,2548,917,2003-10-01 00:00:00.000000000
360,Pagado,2005-04-01,1,2548,917,2003-11-01 00:00:00.000000000
340,Pagado,2006-09-01,1,2548,917,2005-05-01 00:00:00.000000000
260,Pagado,2008-11-01,1,2548,917,2007-11-01 00:00:00.000000000
40,Pagado,2009-01-01,1,2548,917,2008-12-01 00:00:00.000000000
100,Pagado,2009-06-01,1,2548,917,2009-02-01 00:00:00.000000000
80,Pagado,2009-10-01,1,2548,917,2009-07-01 00:00:00.000000000
80,Pagado,2010-02-01,1,2548,917,2009-11-01 00:00:00.000000000
80,Pagado,2010-06-01,1,2548,917,2010-03-01 00:00:00.000000000
100,Pagado,2010-11-01,1,2548,917,2010-07-01 00:00:00.000000000
100,Pagado,2011-04-01,1,2548,917,2010-12-01 00:00:00.000000000
100,Pagado,2011-09-01,1,2548,917,2011-05-01 00:00:00.000000000
100,Pagado,2012-02-01,1,2548,917,2011-10-01 00:00:00.000000000
100,Pagado,2012-06-01,1,2548,917,2012-03-01 00:00:00.000000000
60,Pagado,2012-10-01,1,2548,917,2012-08-01 00:00:00.000000000
100,Pagado,2013-03-01,1,2548,917,2012-11-01 00:00:00.000000000
200,Pagado,2014-01-01,1,2548,917,2013-04-01 00:00:00.000000000
220,Pagado,2014-12-01,1,2548,917,2014-02-01 00:00:00.000000000
700,Pagado,2017-11-01,1,2548,917,2015-01-01 00:00:00.000000000
500,Pagado,2019-12-01,1,2548,917,2017-12-01 00:00:00.000000000
260,Pagado,2022-09-01,1,2548,917,2021-09-01 00:00:00.000000000
60,Pagado,2022-12-01,1,2548,917,2022-10-01 00:00:00.000000000
200,Pagado,2023-10-01,1,2548,917,2023-01-01 00:00:00.000000000
40,Pagado,2023-12-01,1,2548,917,2023-11-01 00:00:00.000000000
90,Pagado,2024-03-01,1,2548,917,2024-01-01 00:00:00.000000000
270,Pagado,2024-12-01,1,2548,917,2024-04-01 00:00:00.000000000
210,Pagado,2025-07-01,1,2548,917,2025-01-01 00:00:00.000000000
150,Pagado,2025-12-01,1,2548,917,2025-08-01 00:00:00.000000000
100,Pagado,2002-05-01,1,2548,918,2002-01-01 00:00:00.000000000
80,Pagado,2003-09-01,1,2548,918,2003-06-01 00:00:00.000000000
40,Pagado,2003-11-01,1,2548,918,2003-10-01 00:00:00.000000000
980,Pagado,2007-12-01,1,2548,918,2003-12-01 00:00:00.000000000
100,Pagado,2008-05-01,1,2548,918,2008-01-01 00:00:00.000000000
100,Pagado,2008-10-01,1,2548,918,2008-06-01 00:00:00.000000000
1000,Pagado,2012-12-01,1,2548,918,2008-11-01 00:00:00.000000000
240,Pagado,2013-12-01,1,2548,918,2013-01-01 00:00:00.000000000
240,Pagado,2016-12-01,1,2548,918,2016-01-01 00:00:00.000000000
240,Pagado,2017-12-01,1,2548,918,2017-01-01 00:00:00.000000000
240,Pagado,2018-12-01,1,2548,918,2018-01-01 00:00:00.000000000
240,Pagado,2019-12-01,1,2548,918,2019-01-01 00:00:00.000000000
240,Pagado,2020-12-01,1,2548,918,2020-01-01 00:00:00.000000000
240,Pagado,2021-12-01,1,2548,918,2021-01-01 00:00:00.000000000
240,Pagado,2022-12-01,1,2548,918,2022-01-01 00:00:00.000000000
20,Pagado,2023-01-01,1,2548,918,2023-01-01 00:00:00.000000000
200,Pagado,2023-11-01,1,2548,918,2023-02-01 00:00:00.000000000
20,Pagado,2023-12-01,1,2548,918,2023-12-01 00:00:00.000000000
150,Pagado,2024-05-01,1,2548,918,2024-01-01 00:00:00.000000000
180,Pagado,2024-11-01,1,2548,918,2024-06-01 00:00:00.000000000
300,Pagado,2025-09-01,1,2548,918,2024-12-01 00:00:00.000000000
90,Pagado,2025-12-01,1,2548,918,2025-10-01 00:00:00.000000000
240,Pagado,2002-12-01,1,2548,919,2002-01-01 00:00:00.000000000
160,Pagado,2003-08-01,1,2548,919,2003-01-01 00:00:00.000000000
40,Pagado,2003-12-01,1,2548,919,2003-11-01 00:00:00.000000000
20,Pagado,2004-01-01,1,2548,919,2004-01-01 00:00:00.000000000
20,Pagado,2004-02-01,1,2548,919,2004-02-01 00:00:00.000000000
40,Pagado,2004-04-01,1,2548,919,2004-03-01 00:00:00.000000000
20,Pagado,2004-05-01,1,2548,919,2004-05-01 00:00:00.000000000
20,Pagado,2004-06-01,1,2548,919,2004-06-01 00:00:00.000000000
860,Pagado,2008-01-01,1,2548,919,2004-07-01 00:00:00.000000000
480,Pagado,2010-01-01,1,2548,919,2008-02-01 00:00:00.000000000
960,Pagado,2014-01-01,1,2548,919,2010-02-01 00:00:00.000000000
960,Pagado,2018-01-01,1,2548,919,2014-02-01 00:00:00.000000000
1140,Pagado,2022-10-01,1,2548,919,2018-02-01 00:00:00.000000000
40,Pagado,2022-12-01,1,2548,919,2022-11-01 00:00:00.000000000
240,Pagado,2023-12-01,1,2548,919,2023-01-01 00:00:00.000000000
210,Pagado,2024-07-01,1,2548,919,2024-01-01 00:00:00.000000000
150,Pagado,2024-12-01,1,2548,919,2024-08-01 00:00:00.000000000
360,Pagado,2025-12-01,1,2548,919,2025-01-01 00:00:00.000000000
20,Pagado,2002-02-01,1,2548,920,2002-02-01 00:00:00.000000000
600,Pagado,2004-06-01,1,2548,920,2002-01-01 00:00:00.000000000
100,Pagado,2004-11-01,1,2548,920,2004-07-01 00:00:00.000000000
140,Pagado,2005-06-01,1,2548,920,2004-12-01 00:00:00.000000000
400,Pagado,2007-02-01,1,2548,920,2005-02-01 00:00:00.000000000
80,Pagado,2011-09-01,1,2548,920,2011-06-01 00:00:00.000000000
60,Pagado,2011-12-01,1,2548,920,2011-10-01 00:00:00.000000000
20,Pagado,2012-01-01,1,2548,920,2012-01-01 00:00:00.000000000
40,Pagado,2012-03-01,1,2548,920,2012-02-01 00:00:00.000000000
20,Pagado,2012-07-01,1,2548,920,2012-07-01 00:00:00.000000000
20,Pagado,2012-11-01,1,2548,920,2012-11-01 00:00:00.000000000
20,Pagado,2012-12-01,1,2548,920,2012-12-01 00:00:00.000000000
20,Pagado,2013-01-01,1,2548,920,2013-01-01 00:00:00.000000000
500,Pagado,2015-02-01,1,2548,920,2013-02-01 00:00:00.000000000
60,Pagado,2015-05-01,1,2548,920,2015-03-01 00:00:00.000000000
200,Pagado,2016-05-01,1,2548,920,2015-06-01 00:00:00.000000000
100,Pagado,2016-08-01,1,2548,920,2016-04-01 00:00:00.000000000
220,Pagado,2017-07-01,1,2548,920,2016-09-01 00:00:00.000000000
100,Pagado,2017-12-01,1,2548,920,2017-08-01 00:00:00.000000000
280,Pagado,2019-02-01,1,2548,920,2018-01-01 00:00:00.000000000
100,Pagado,2019-07-01,1,2548,920,2019-03-01 00:00:00.000000000
400,Pagado,2021-03-01,1,2548,920,2019-08-01 00:00:00.000000000
200,Pagado,2022-01-01,1,2548,920,2021-04-01 00:00:00.000000000
400,Pagado,2023-09-01,1,2548,920,2022-02-01 00:00:00.000000000
520,Pagado,2004-02-01,1,2548,921,2002-01-01 00:00:00.000000000
200,Pagado,2002-10-01,1,2548,922,2002-01-01 00:00:00.000000000
260,Pagado,2003-11-01,1,2548,922,2002-11-01 00:00:00.000000000
20,Pagado,2003-12-01,1,2548,922,2003-12-01 00:00:00.000000000
60,Pagado,2004-08-01,1,2548,922,2004-06-01 00:00:00.000000000
20,Pagado,2004-09-01,1,2548,922,2004-09-01 00:00:00.000000000
20,Pagado,2004-11-01,1,2548,922,2004-11-01 00:00:00.000000000
20,Pagado,2004-12-01,1,2548,922,2004-12-01 00:00:00.000000000
20,Pagado,2005-01-01,1,2548,922,2005-01-01 00:00:00.000000000
160,Pagado,2005-09-01,1,2548,922,2005-02-01 00:00:00.000000000
40,Pagado,2005-11-01,1,2548,922,2005-10-01 00:00:00.000000000
20,Pagado,2005-12-01,1,2548,922,2005-12-01 00:00:00.000000000
500,Pagado,2004-01-01,1,2548,923,2002-01-01 00:00:00.000000000
400,Pagado,2003-09-01,1,2548,924,2002-02-01 00:00:00.000000000
40,Pagado,2003-11-01,1,2548,924,2003-10-01 00:00:00.000000000
20,Pagado,2003-12-01,1,2548,924,2003-12-01 00:00:00.000000000
20,Pagado,2004-01-01,1,2548,924,2004-01-01 00:00:00.000000000
240,Pagado,2005-01-01,1,2548,924,2004-02-01 00:00:00.000000000
1000,Pagado,2009-03-01,1,2548,924,2005-02-01 00:00:00.000000000
20,Pagado,2002-02-01,1,2548,925,2002-02-01 00:00:00.000000000
20,Pagado,2002-03-01,1,2548,925,2002-03-01 00:00:00.000000000
20,Pagado,2002-05-01,1,2548,925,2002-05-01 00:00:00.000000000
100,Pagado,2002-10-01,1,2548,925,2002-06-01 00:00:00.000000000
500,Pagado,2005-11-01,1,2548,925,2002-11-01 00:00:00.000000000
220,Pagado,2006-10-01,1,2548,925,2005-12-01 00:00:00.000000000
100,Pagado,2002-06-01,1,2548,926,2002-02-01 00:00:00.000000000
60,Pagado,2002-09-01,1,2548,926,2002-07-01 00:00:00.000000000
20,Pagado,2002-10-01,1,2548,926,2002-10-01 00:00:00.000000000
20,Pagado,2003-01-01,1,2548,926,2003-01-01 00:00:00.000000000
40,Pagado,2003-05-01,1,2548,926,2003-04-01 00:00:00.000000000
80,Pagado,2003-09-01,1,2548,926,2003-06-01 00:00:00.000000000
40,Pagado,2003-12-01,1,2548,926,2003-10-01 00:00:00.000000000
40,Pagado,2004-01-01,1,2548,926,2003-12-01 00:00:00.000000000
20,Pagado,2004-07-01,1,2548,926,2004-07-01 00:00:00.000000000
40,Pagado,2004-09-01,1,2548,926,2004-08-01 00:00:00.000000000
40,Pagado,2004-11-01,1,2548,926,2004-10-01 00:00:00.000000000
40,Pagado,2005-01-01,1,2548,926,2004-12-01 00:00:00.000000000
60,Pagado,2005-04-01,1,2548,926,2005-02-01 00:00:00.000000000
400,Pagado,2006-12-01,1,2548,926,2005-05-01 00:00:00.000000000
20,Pagado,2007-01-01,1,2548,926,2007-01-01 00:00:00.000000000
20,Pagado,2007-02-01,1,2548,926,2007-02-01 00:00:00.000000000
20,Pagado,2007-03-01,1,2548,926,2007-03-01 00:00:00.000000000
40,Pagado,2007-05-01,1,2548,926,2007-04-01 00:00:00.000000000
20,Pagado,2007-06-01,1,2548,926,2007-06-01 00:00:00.000000000
20,Pagado,2007-07-01,1,2548,926,2007-07-01 00:00:00.000000000
20,Pagado,2007-08-01,1,2548,926,2007-08-01 00:00:00.000000000
20,Pagado,2007-09-01,1,2548,926,2007-09-01 00:00:00.000000000
20,Pagado,2007-10-01,1,2548,926,2007-10-01 00:00:00.000000000
20,Pagado,2007-11-01,1,2548,926,2007-11-01 00:00:00.000000000
20,Pagado,2007-12-01,1,2548,926,2007-12-01 00:00:00.000000000
20,Pagado,2008-01-01,1,2548,926,2008-01-01 00:00:00.000000000
20,Pagado,2008-03-01,1,2548,926,2008-03-01 00:00:00.000000000
20,Pagado,2008-03-01,1,2548,926,2008-03-01 00:00:00.000000000
20,Pagado,2008-04-01,1,2548,926,2008-04-01 00:00:00.000000000
20,Pagado,2008-06-01,1,2548,926,2008-06-01 00:00:00.000000000
20,Pagado,2008-07-01,1,2548,926,2008-07-01 00:00:00.000000000
20,Pagado,2008-08-01,1,2548,926,2008-08-01 00:00:00.000000000
20,Pagado,2008-09-01,1,2548,926,2008-09-01 00:00:00.000000000
20,Pagado,2008-10-01,1,2548,926,2008-10-01 00:00:00.000000000
40,Pagado,2008-12-01,1,2548,926,2008-11-01 00:00:00.000000000
220,Pagado,2010-11-01,1,2548,926,2010-01-01 00:00:00.000000000
20,Pagado,2010-12-01,1,2548,926,2010-12-01 00:00:00.000000000
20,Pagado,2011-01-01,1,2548,926,2011-01-01 00:00:00.000000000
20,Pagado,2011-02-01,1,2548,926,2011-02-01 00:00:00.000000000
40,Pagado,2011-04-01,1,2548,926,2011-03-01 00:00:00.000000000
20,Pagado,2011-05-01,1,2548,926,2011-05-01 00:00:00.000000000
20,Pagado,2011-06-01,1,2548,926,2011-06-01 00:00:00.000000000
20,Pagado,2011-07-01,1,2548,926,2011-07-01 00:00:00.000000000
40,Pagado,2011-09-01,1,2548,926,2011-08-01 00:00:00.000000000
40,Pagado,2011-11-01,1,2548,926,2011-10-01 00:00:00.000000000
40,Pagado,2012-01-01,1,2548,926,2011-12-01 00:00:00.000000000
40,Pagado,2012-03-01,1,2548,926,2012-02-01 00:00:00.000000000
40,Pagado,2012-05-01,1,2548,926,2012-04-01 00:00:00.000000000
20,Pagado,2012-06-01,1,2548,926,2012-06-01 00:00:00.000000000
40,Pagado,2012-08-01,1,2548,926,2012-07-01 00:00:00.000000000
40,Pagado,2012-10-01,1,2548,926,2012-09-01 00:00:00.000000000
40,Pagado,2012-12-01,1,2548,926,2012-11-01 00:00:00.000000000
40,Pagado,2013-02-01,1,2548,926,2013-01-01 00:00:00.000000000
10,Pagado,2013-07-01,1,2548,926,2013-03-01 00:00:00.000000000
60,Pagado,2013-10-01,1,2548,926,2013-08-01 00:00:00.000000000
40,Pagado,2013-12-01,1,2548,926,2013-11-01 00:00:00.000000000
40,Pagado,2014-02-01,1,2548,926,2014-01-01 00:00:00.000000000
20,Pagado,2014-03-01,1,2548,926,2014-03-01 00:00:00.000000000
40,Pagado,2014-05-01,1,2548,926,2014-04-01 00:00:00.000000000
80,Pagado,2014-09-01,1,2548,926,2014-06-01 00:00:00.000000000
60,Pagado,2014-12-01,1,2548,926,2014-10-01 00:00:00.000000000
40,Pagado,2015-02-01,1,2548,926,2015-01-01 00:00:00.000000000
40,Pagado,2015-04-01,1,2548,926,2015-03-01 00:00:00.000000000
160,Pagado,2015-12-01,1,2548,926,2015-05-01 00:00:00.000000000
240,Pagado,2016-12-01,1,2548,926,2016-01-01 00:00:00.000000000
240,Pagado,2017-12-01,1,2548,926,2017-01-01 00:00:00.000000000
240,Pagado,2018-12-01,1,2548,926,2018-01-01 00:00:00.000000000
240,Pagado,2019-12-01,1,2548,926,2019-01-01 00:00:00.000000000
240,Pagado,2020-12-01,1,2548,926,2020-01-01 00:00:00.000000000
240,Pagado,2021-12-01,1,2548,926,2021-01-01 00:00:00.000000000
180,Pagado,2022-09-01,1,2548,926,2022-01-01 00:00:00.000000000
60,Pagado,2022-12-01,1,2548,926,2022-10-01 00:00:00.000000000
240,Pagado,2023-12-01,1,2548,926,2023-01-01 00:00:00.000000000
360,Pagado,2024-12-01,1,2548,926,2024-01-01 00:00:00.000000000
210,Pagado,2025-07-01,1,2548,926,2025-01-01 00:00:00.000000000
150,Pagado,2025-12-01,1,2548,926,2025-08-01 00:00:00.000000000
40,Pagado,2003-03-01,1,2548,927,2003-02-01 00:00:00.000000000
240,Pagado,2004-04-01,1,2548,927,2003-05-01 00:00:00.000000000
400,Pagado,2005-12-01,1,2548,927,2004-05-01 00:00:00.000000000
1400,Pagado,2011-10-01,1,2548,927,2006-01-01 00:00:00.000000000
240,Pagado,2003-01-01,1,2548,928,2002-02-01 00:00:00.000000000
80,Pagado,2006-09-01,1,2548,928,2006-06-01 00:00:00.000000000
80,Pagado,2007-04-01,1,2548,928,2007-01-01 00:00:00.000000000
20,Pagado,2002-02-01,1,2548,929,2002-02-01 00:00:00.000000000
1000,Pagado,2006-04-01,1,2548,929,2002-03-01 00:00:00.000000000
400,Pagado,2007-12-01,1,2548,929,2006-05-01 00:00:00.000000000
240,Pagado,2008-12-01,1,2548,929,2008-01-01 00:00:00.000000000
300,Pagado,2010-03-01,1,2548,929,2009-01-01 00:00:00.000000000
500,Pagado,2012-04-01,1,2548,929,2010-04-01 00:00:00.000000000
240,Pagado,2013-04-01,1,2548,929,2012-05-01 00:00:00.000000000
240,Pagado,2014-04-01,1,2548,929,2013-05-01 00:00:00.000000000
240,Pagado,2015-04-01,1,2548,929,2014-05-01 00:00:00.000000000
240,Pagado,2016-04-01,1,2548,929,2015-05-01 00:00:00.000000000
240,Pagado,2017-04-01,1,2548,929,2016-05-01 00:00:00.000000000
240,Pagado,2018-04-01,1,2548,929,2017-05-01 00:00:00.000000000
100,Pagado,2022-09-01,1,2548,929,2022-05-01 00:00:00.000000000
60,Pagado,2022-12-01,1,2548,929,2022-10-01 00:00:00.000000000
60,Pagado,2023-03-01,1,2548,929,2023-01-01 00:00:00.000000000
180,Pagado,2023-12-01,1,2548,929,2023-04-01 00:00:00.000000000
360,Pagado,2024-12-01,1,2548,929,2024-01-01 00:00:00.000000000
150,Pagado,2025-05-01,1,2548,929,2025-01-01 00:00:00.000000000
210,Pagado,2025-12-01,1,2548,929,2025-06-01 00:00:00.000000000
1400,Pagado,2007-12-01,1,2548,930,2002-03-01 00:00:00.000000000
1400,Pagado,2007-12-01,1,2548,931,2002-03-01 00:00:00.000000000
100,Pagado,2002-06-01,1,2548,932,2002-02-01 00:00:00.000000000
300,Pagado,2003-09-01,1,2548,932,2002-07-01 00:00:00.000000000
40,Pagado,2003-11-01,1,2548,932,2003-10-01 00:00:00.000000000
220,Pagado,2004-10-01,1,2548,932,2002-12-01 00:00:00.000000000
80,Pagado,2005-02-01,1,2548,932,2004-11-01 00:00:00.000000000
20,Pagado,2005-03-01,1,2548,932,2005-03-01 00:00:00.000000000
200,Pagado,2006-01-01,1,2548,932,2005-04-01 00:00:00.000000000
160,Pagado,2002-09-01,1,2548,933,2002-02-01 00:00:00.000000000
100,Pagado,2002-06-01,1,2548,935,2002-02-01 00:00:00.000000000
600,Pagado,2004-12-01,1,2548,935,2002-07-01 00:00:00.000000000
200,Pagado,2002-11-01,1,2548,936,2002-02-01 00:00:00.000000000
80,Pagado,2003-03-01,1,2548,936,2002-12-01 00:00:00.000000000
240,Pagado,2003-01-01,1,2548,937,2002-02-01 00:00:00.000000000
200,Pagado,2004-10-01,1,2548,937,2004-01-01 00:00:00.000000000
100,Pagado,2005-03-01,1,2548,937,2004-11-01 00:00:00.000000000
100,Pagado,2005-08-01,1,2548,937,2005-04-01 00:00:00.000000000
200,Pagado,2006-06-01,1,2548,937,2005-09-01 00:00:00.000000000
280,Pagado,2003-03-01,1,2548,938,2002-02-01 00:00:00.000000000
120,Pagado,2003-09-01,1,2548,938,2003-03-01 00:00:00.000000000
500,Pagado,2009-12-01,1,2548,938,2007-12-01 00:00:00.000000000
500,Pagado,2012-01-01,1,2548,938,2010-01-01 00:00:00.000000000
400,Pagado,2013-09-01,1,2548,938,2012-02-01 00:00:00.000000000
380,Pagado,2015-04-01,1,2548,938,2013-10-01 00:00:00.000000000
20,Pagado,2015-05-01,1,2548,938,2015-05-01 00:00:00.000000000
400,Pagado,2017-01-01,1,2548,938,2015-06-01 00:00:00.000000000
300,Pagado,2018-04-01,1,2548,938,2017-02-01 00:00:00.000000000
400,Pagado,2019-12-01,1,2548,938,2018-05-01 00:00:00.000000000
300,Pagado,2021-03-01,1,2548,938,2020-01-01 00:00:00.000000000
20,Pagado,2021-04-01,1,2548,938,2021-04-01 00:00:00.000000000
200,Pagado,2022-02-01,1,2548,938,2021-05-01 00:00:00.000000000
100,Pagado,2022-07-01,1,2548,938,2022-03-01 00:00:00.000000000
100,Pagado,2022-12-01,1,2548,938,2022-08-01 00:00:00.000000000
60,Pagado,2023-03-01,1,2548,938,2023-01-01 00:00:00.000000000
180,Pagado,2023-12-01,1,2548,938,2023-04-01 00:00:00.000000000
300,Pagado,2024-10-01,1,2548,938,2024-01-01 00:00:00.000000000
210,Pagado,2025-05-01,1,2548,938,2024-11-01 00:00:00.000000000
20,Pagado,2002-02-01,1,2548,940,2002-02-01 00:00:00.000000000
240,Pagado,2003-02-01,1,2548,940,2002-03-01 00:00:00.000000000
60,Pagado,2003-05-01,1,2548,940,2003-03-01 00:00:00.000000000
100,Pagado,2003-10-01,1,2548,940,2003-06-01 00:00:00.000000000
1000,Pagado,2008-10-01,1,2548,940,2004-09-01 00:00:00.000000000
100,Pagado,2002-08-01,1,2548,941,2002-04-01 00:00:00.000000000
200,Pagado,2003-06-01,1,2548,941,2002-09-01 00:00:00.000000000
200,Pagado,2004-04-01,1,2548,941,2003-07-01 00:00:00.000000000
800,Pagado,2007-08-01,1,2548,941,2004-05-01 00:00:00.000000000
60,Pagado,2007-11-01,1,2548,941,2007-09-01 00:00:00.000000000
240,Pagado,2008-11-01,1,2548,941,2007-12-01 00:00:00.000000000
240,Pagado,2009-11-01,1,2548,941,2008-12-01 00:00:00.000000000
40,Pagado,2002-04-01,1,2548,942,2002-03-01 00:00:00.000000000
180,Pagado,2002-11-01,1,2548,944,2002-03-01 00:00:00.000000000
260,Pagado,2003-12-01,1,2548,944,2002-12-01 00:00:00.000000000
60,Pagado,2004-09-01,1,2548,944,2004-07-01 00:00:00.000000000
40,Pagado,2004-11-01,1,2548,944,2004-10-01 00:00:00.000000000
20,Pagado,2004-12-01,1,2548,944,2004-12-01 00:00:00.000000000
80,Pagado,2005-04-01,1,2548,944,2005-01-01 00:00:00.000000000
100,Pagado,2005-09-01,1,2548,944,2005-05-01 00:00:00.000000000
100,Pagado,2006-02-01,1,2548,944,2005-10-01 00:00:00.000000000
160,Pagado,2006-10-01,1,2548,944,2006-03-01 00:00:00.000000000
100,Pagado,2007-03-01,1,2548,944,2006-11-01 00:00:00.000000000
180,Pagado,2007-12-01,1,2548,944,2007-04-01 00:00:00.000000000
240,Pagado,2008-12-01,1,2548,944,2008-01-01 00:00:00.000000000
220,Pagado,2009-11-01,1,2548,944,2009-01-01 00:00:00.000000000
260,Pagado,2010-12-01,1,2548,944,2009-12-01 00:00:00.000000000
220,Pagado,2011-11-01,1,2548,944,2011-01-01 00:00:00.000000000
240,Pagado,2012-11-01,1,2548,944,2011-12-01 00:00:00.000000000
240,Pagado,2013-12-01,1,2548,944,2012-11-01 00:00:00.000000000
240,Pagado,2014-11-01,1,2548,944,2013-12-01 00:00:00.000000000
240,Pagado,2015-11-01,1,2548,944,2014-12-01 00:00:00.000000000
240,Pagado,2016-11-01,1,2548,944,2015-12-01 00:00:00.000000000
240,Pagado,2017-11-01,1,2548,944,2016-12-01 00:00:00.000000000
200,Pagado,2018-09-01,1,2548,944,2017-11-01 00:00:00.000000000
60,Pagado,2018-12-01,1,2548,944,2018-10-01 00:00:00.000000000
240,Pagado,2019-12-01,1,2548,944,2019-01-01 00:00:00.000000000
240,Pagado,2020-12-01,1,2548,944,2020-01-01 00:00:00.000000000
240,Pagado,2021-12-01,1,2548,944,2021-01-01 00:00:00.000000000
240,Pagado,2022-12-01,1,2548,944,2022-01-01 00:00:00.000000000
240,Pagado,2023-12-01,1,2548,944,2023-01-01 00:00:00.000000000
360,Pagado,2024-12-01,1,2548,944,2024-01-01 00:00:00.000000000
360,Pagado,2025-12-01,1,2548,944,2025-01-01 00:00:00.000000000
60,Pagado,2002-05-01,1,2548,945,2002-03-01 00:00:00.000000000
360,Pagado,2010-04-01,1,2548,945,2008-11-01 00:00:00.000000000
60,Pagado,2010-07-01,1,2548,945,2010-05-01 00:00:00.000000000
300,Pagado,2012-01-01,1,2548,945,2010-11-01 00:00:00.000000000
460,Pagado,2012-02-01,1,2548,945,2012-02-01 00:00:00.000000000
240,Pagado,2014-12-01,1,2548,945,2014-01-01 00:00:00.000000000
240,Pagado,2016-12-01,1,2548,945,2016-01-01 00:00:00.000000000
240,Pagado,2017-12-01,1,2548,945,2017-01-01 00:00:00.000000000
240,Pagado,2018-12-01,1,2548,945,2018-01-01 00:00:00.000000000
240,Pagado,2019-12-01,1,2548,945,2019-01-01 00:00:00.000000000
240,Pagado,2020-12-01,1,2548,945,2020-01-01 00:00:00.000000000
240,Pagado,2021-12-01,1,2548,945,2021-01-01 00:00:00.000000000
240,Pagado,2022-12-01,1,2548,945,2022-01-01 00:00:00.000000000
600,Pagado,2024-12-01,1,2548,945,2023-01-01 00:00:00.000000000
360,Pagado,2025-12-01,1,2548,945,2025-01-01 00:00:00.000000000
60,Pagado,2002-05-01,1,2548,946,2002-03-01 00:00:00.000000000
140,Pagado,2002-12-01,1,2548,946,2002-06-01 00:00:00.000000000
100,Pagado,2003-05-01,1,2548,946,2003-01-01 00:00:00.000000000
140,Pagado,2003-12-01,1,2548,946,2003-06-01 00:00:00.000000000
100,Pagado,2004-05-01,1,2548,946,2004-01-01 00:00:00.000000000
80,Pagado,2004-09-01,1,2548,946,2004-06-01 00:00:00.000000000
60,Pagado,2004-12-01,1,2548,946,2004-10-01 00:00:00.000000000
40,Pagado,2005-02-01,1,2548,946,2005-01-01 00:00:00.000000000
60,Pagado,2005-05-01,1,2548,946,2005-03-01 00:00:00.000000000
40,Pagado,2005-07-01,1,2548,946,2005-06-01 00:00:00.000000000
60,Pagado,2005-10-01,1,2548,946,2005-08-01 00:00:00.000000000
40,Pagado,2005-12-01,1,2548,946,2005-11-01 00:00:00.000000000
240,Pagado,2006-12-01,1,2548,946,2006-01-01 00:00:00.000000000
60,Pagado,2007-03-01,1,2548,946,2007-01-01 00:00:00.000000000
60,Pagado,2007-06-01,1,2548,946,2007-04-01 00:00:00.000000000
100,Pagado,2007-11-01,1,2548,946,2007-07-01 00:00:00.000000000
20,Pagado,2007-12-01,1,2548,946,2007-12-01 00:00:00.000000000
20,Pagado,2008-01-01,1,2548,946,2008-01-01 00:00:00.000000000
80,Pagado,2008-05-01,1,2548,946,2008-02-01 00:00:00.000000000
140,Pagado,2008-12-01,1,2548,946,2008-06-01 00:00:00.000000000
240,Pagado,2009-12-01,1,2548,946,2009-01-01 00:00:00.000000000
100,Pagado,2010-05-01,1,2548,946,2010-01-01 00:00:00.000000000
140,Pagado,2010-12-01,1,2548,946,2010-06-01 00:00:00.000000000
140,Pagado,2011-07-01,1,2548,946,2011-01-01 00:00:00.000000000
100,Pagado,2011-12-01,1,2548,946,2011-08-01 00:00:00.000000000
100,Pagado,2012-05-01,1,2548,946,2012-01-01 00:00:00.000000000
100,Pagado,2012-10-01,1,2548,946,2012-06-01 00:00:00.000000000
40,Pagado,2012-12-01,1,2548,946,2012-11-01 00:00:00.000000000
100,Pagado,2013-05-01,1,2548,946,2013-01-01 00:00:00.000000000
140,Pagado,2013-12-01,1,2548,946,2013-06-01 00:00:00.000000000
200,Pagado,2014-10-01,1,2548,946,2014-01-01 00:00:00.000000000
40,Pagado,2014-12-01,1,2548,946,2014-11-01 00:00:00.000000000
100,Pagado,2015-05-01,1,2548,946,2015-01-01 00:00:00.000000000
100,Pagado,2015-10-01,1,2548,946,2015-06-01 00:00:00.000000000
100,Pagado,2016-03-01,1,2548,946,2015-11-01 00:00:00.000000000
100,Pagado,2016-08-01,1,2548,946,2016-04-01 00:00:00.000000000
100,Pagado,2017-01-01,1,2548,946,2016-09-01 00:00:00.000000000
100,Pagado,2017-06-01,1,2548,946,2017-02-01 00:00:00.000000000
100,Pagado,2017-11-01,1,2548,946,2017-07-01 00:00:00.000000000
40,Pagado,2018-01-01,1,2548,946,2017-12-01 00:00:00.000000000
220,Pagado,2018-12-01,1,2548,946,2018-02-01 00:00:00.000000000
240,Pagado,2019-12-01,1,2548,946,2019-01-01 00:00:00.000000000
200,Pagado,2020-10-01,1,2548,946,2020-01-01 00:00:00.000000000
40,Pagado,2020-12-01,1,2548,946,2020-11-01 00:00:00.000000000
140,Pagado,2021-07-01,1,2548,946,2021-01-01 00:00:00.000000000
120,Pagado,2022-01-01,1,2548,946,2021-08-01 00:00:00.000000000
100,Pagado,2022-06-01,1,2548,946,2022-02-01 00:00:00.000000000
120,Pagado,2022-12-01,1,2548,946,2022-07-01 00:00:00.000000000
200,Pagado,2023-10-01,1,2548,946,2023-01-01 00:00:00.000000000
100,Pagado,2024-03-01,1,2548,946,2023-11-01 00:00:00.000000000
150,Pagado,2024-08-01,1,2548,946,2024-04-01 00:00:00.000000000
120,Pagado,2024-12-01,1,2548,946,2024-09-01 00:00:00.000000000
150,Pagado,2025-05-01,1,2548,946,2025-01-01 00:00:00.000000000
210,Pagado,2025-12-01,1,2548,946,2025-06-01 00:00:00.000000000
150,Pagado,2026-05-01,1,2548,946,2026-01-01 00:00:00.000000000
60,Pagado,2002-05-01,1,2548,947,2002-03-01 00:00:00.000000000
200,Pagado,2003-03-01,1,2548,947,2002-06-01 00:00:00.000000000
20,Pagado,2003-04-01,1,2548,947,2003-04-01 00:00:00.000000000
20,Pagado,2003-05-01,1,2548,947,2003-05-01 00:00:00.000000000
20,Pagado,2003-06-01,1,2548,947,2003-06-01 00:00:00.000000000
20,Pagado,2003-07-01,1,2548,947,2003-07-01 00:00:00.000000000
40,Pagado,2003-09-01,1,2548,947,2003-08-01 00:00:00.000000000
20,Pagado,2004-01-01,1,2548,947,2004-01-01 00:00:00.000000000
40,Pagado,2004-03-01,1,2548,947,2004-02-01 00:00:00.000000000
240,Pagado,2005-03-01,1,2548,947,2004-04-01 00:00:00.000000000
100,Pagado,2005-08-01,1,2548,947,2005-04-01 00:00:00.000000000
100,Pagado,2002-07-01,1,2548,950,2002-03-01 00:00:00.000000000
600,Pagado,2004-08-01,1,2548,951,2002-03-01 00:00:00.000000000
300,Pagado,2003-06-01,1,2548,952,2002-04-01 00:00:00.000000000
200,Pagado,2004-04-01,1,2548,952,2003-07-01 00:00:00.000000000
760,Pagado,2007-06-01,1,2548,952,2004-05-01 00:00:00.000000000
160,Pagado,2008-02-01,1,2548,952,2007-07-01 00:00:00.000000000
160,Pagado,2002-10-01,1,2548,954,2002-03-01 00:00:00.000000000
20,Pagado,2002-04-01,1,2548,955,2002-04-01 00:00:00.000000000
40,Pagado,2002-06-01,1,2548,955,2002-05-01 00:00:00.000000000
40,Pagado,2002-08-01,1,2548,955,2002-07-01 00:00:00.000000000
100,Pagado,2003-01-01,1,2548,955,2002-09-01 00:00:00.000000000
20,Pagado,2003-02-01,1,2548,955,2003-02-01 00:00:00.000000000
300,Pagado,2004-03-01,1,2548,955,2003-03-01 00:00:00.000000000
40,Pagado,2004-09-01,1,2548,955,2004-08-01 00:00:00.000000000
40,Pagado,2004-11-01,1,2548,955,2004-10-01 00:00:00.000000000
40,Pagado,2005-01-01,1,2548,955,2004-12-01 00:00:00.000000000
40,Pagado,2005-03-01,1,2548,955,2005-02-01 00:00:00.000000000
40,Pagado,2005-05-01,1,2548,955,2005-04-01 00:00:00.000000000
40,Pagado,2005-07-01,1,2548,955,2005-06-01 00:00:00.000000000
60,Pagado,2005-10-01,1,2548,955,2005-08-01 00:00:00.000000000
40,Pagado,2005-12-01,1,2548,955,2005-11-01 00:00:00.000000000
40,Pagado,2006-02-01,1,2548,955,2006-01-01 00:00:00.000000000
60,Pagado,2006-05-01,1,2548,955,2006-03-01 00:00:00.000000000
100,Pagado,2006-10-01,1,2548,955,2006-06-01 00:00:00.000000000
100,Pagado,2007-03-01,1,2548,955,2006-11-01 00:00:00.000000000
200,Pagado,2008-01-01,1,2548,955,2007-04-01 00:00:00.000000000
200,Pagado,2008-11-01,1,2548,955,2008-02-01 00:00:00.000000000
40,Pagado,2009-07-01,1,2548,955,2009-06-01 00:00:00.000000000
200,Pagado,2009-09-01,1,2548,955,2008-12-01 00:00:00.000000000
200,Pagado,2010-07-01,1,2548,955,2009-10-01 00:00:00.000000000
200,Pagado,2011-05-01,1,2548,955,2010-08-01 00:00:00.000000000
200,Pagado,2012-03-01,1,2548,955,2011-06-01 00:00:00.000000000
240,Pagado,2013-03-01,1,2548,955,2012-04-01 00:00:00.000000000
100,Pagado,2013-08-01,1,2548,955,2013-04-01 00:00:00.000000000
80,Pagado,2013-12-01,1,2548,955,2013-09-01 00:00:00.000000000
100,Pagado,2014-04-01,1,2548,955,2013-12-01 00:00:00.000000000
60,Pagado,2014-07-01,1,2548,955,2014-05-01 00:00:00.000000000
80,Pagado,2014-11-01,1,2548,955,2014-08-01 00:00:00.000000000
40,Pagado,2015-01-01,1,2548,955,2014-12-01 00:00:00.000000000
60,Pagado,2015-04-01,1,2548,955,2015-02-01 00:00:00.000000000
80,Pagado,2015-08-01,1,2548,955,2015-05-01 00:00:00.000000000
80,Pagado,2015-12-01,1,2548,955,2015-09-01 00:00:00.000000000
660,Pagado,2018-09-01,1,2548,955,2016-01-01 00:00:00.000000000
240,Pagado,2003-12-01,1,2548,956,2003-01-01 00:00:00.000000000
200,Pagado,2004-10-01,1,2548,956,2004-01-01 00:00:00.000000000
120,Pagado,2003-01-01,1,2548,957,2002-08-01 00:00:00.000000000
200,Pagado,2003-11-01,1,2548,957,2003-02-01 00:00:00.000000000
140,Pagado,2004-06-01,1,2548,957,2003-12-01 00:00:00.000000000
300,Pagado,2005-09-01,1,2548,957,2004-07-01 00:00:00.000000000
60,Pagado,2005-12-01,1,2548,957,2005-10-01 00:00:00.000000000
60,Pagado,2006-03-01,1,2548,957,2006-01-01 00:00:00.000000000
100,Pagado,2006-08-01,1,2548,957,2006-04-01 00:00:00.000000000
100,Pagado,2007-01-01,1,2548,957,2006-09-01 00:00:00.000000000
200,Pagado,2007-11-01,1,2548,957,2007-02-01 00:00:00.000000000
20,Pagado,2007-12-01,1,2548,957,2007-12-01 00:00:00.000000000
400,Pagado,2009-08-01,1,2548,957,2008-01-01 00:00:00.000000000
380,Pagado,2011-03-01,1,2548,957,2009-09-01 00:00:00.000000000
160,Pagado,2011-09-01,1,2548,957,2011-04-01 00:00:00.000000000
260,Pagado,2012-12-01,1,2548,957,2011-12-01 00:00:00.000000000
240,Pagado,2013-12-01,1,2548,957,2013-01-01 00:00:00.000000000
60,Pagado,2014-03-01,1,2548,957,2014-01-01 00:00:00.000000000
180,Pagado,2014-12-01,1,2548,957,2014-04-01 00:00:00.000000000
240,Pagado,2015-12-01,1,2548,957,2015-01-01 00:00:00.000000000
240,Pagado,2016-12-01,1,2548,957,2016-01-01 00:00:00.000000000
240,Pagado,2017-12-01,1,2548,957,2017-01-01 00:00:00.000000000
240,Pagado,2018-12-01,1,2548,957,2018-01-01 00:00:00.000000000
240,Pagado,2019-12-01,1,2548,957,2019-01-01 00:00:00.000000000
100,Pagado,2020-05-01,1,2548,957,2020-01-01 00:00:00.000000000
140,Pagado,2020-12-01,1,2548,957,2020-06-01 00:00:00.000000000
240,Pagado,2021-12-01,1,2548,957,2021-01-01 00:00:00.000000000
180,Pagado,2022-09-01,1,2548,957,2022-01-01 00:00:00.000000000
60,Pagado,2022-12-01,1,2548,957,2022-10-01 00:00:00.000000000
240,Pagado,2023-12-01,1,2548,957,2023-01-01 00:00:00.000000000
360,Pagado,2024-12-01,1,2548,957,2024-01-01 00:00:00.000000000
360,Pagado,2025-12-01,1,2548,957,2025-01-01 00:00:00.000000000
160,Pagado,2002-11-01,1,2548,958,2002-04-01 00:00:00.000000000
500,Pagado,2004-07-01,1,2548,958,2002-07-01 00:00:00.000000000
2500,Pagado,2014-12-01,1,2548,958,2004-08-01 00:00:00.000000000
240,Pagado,2015-12-01,1,2548,958,2015-01-01 00:00:00.000000000
20,Pagado,2016-01-01,1,2548,958,2016-01-01 00:00:00.000000000
460,Pagado,2017-12-01,1,2548,958,2017-02-01 00:00:00.000000000
240,Pagado,2018-12-01,1,2548,958,2018-01-01 00:00:00.000000000
960,Pagado,2022-12-01,1,2548,958,2019-01-01 00:00:00.000000000
240,Pagado,2023-12-01,1,2548,958,2023-01-01 00:00:00.000000000
360,Pagado,2024-12-01,1,2548,958,2024-01-01 00:00:00.000000000
360,Pagado,2025-12-01,1,2548,958,2025-01-01 00:00:00.000000000
60,Pagado,2002-06-01,1,2548,959,2002-04-01 00:00:00.000000000
340,Pagado,2003-12-01,1,2548,959,2002-08-01 00:00:00.000000000
400,Pagado,2005-08-01,1,2548,959,2004-01-01 00:00:00.000000000
1180,Pagado,2007-02-01,1,2548,960,2002-04-01 00:00:00.000000000
80,Pagado,2007-06-01,1,2548,960,2007-03-01 00:00:00.000000000
360,Pagado,2008-12-01,1,2548,960,2007-07-01 00:00:00.000000000
620,Pagado,2004-10-01,1,2548,961,2002-04-01 00:00:00.000000000
20,Pagado,2002-08-01,1,2548,963,2002-08-01 00:00:00.000000000
20,Pagado,2002-09-01,1,2548,963,2002-09-01 00:00:00.000000000
20,Pagado,2002-12-01,1,2548,963,2002-12-01 00:00:00.000000000
20,Pagado,2003-01-01,1,2548,963,2003-01-01 00:00:00.000000000
40,Pagado,2003-03-01,1,2548,963,2003-02-01 00:00:00.000000000
20,Pagado,2002-05-01,1,2548,965,2002-05-01 00:00:00.000000000
4340,Pagado,2020-07-01,1,2548,965,2002-07-01 00:00:00.000000000
700,Pagado,2005-03-01,1,2548,966,2002-05-01 00:00:00.000000000
300,Pagado,2006-06-01,1,2548,966,2005-04-01 00:00:00.000000000
300,Pagado,2007-09-01,1,2548,966,2006-07-01 00:00:00.000000000
300,Pagado,2013-12-01,1,2548,966,2012-10-01 00:00:00.000000000
300,Pagado,2016-03-01,1,2548,966,2014-01-01 00:00:00.000000000
300,Pagado,2017-06-01,1,2548,966,2016-04-01 00:00:00.000000000
300,Pagado,2018-09-01,1,2548,966,2017-07-01 00:00:00.000000000
300,Pagado,2019-12-01,1,2548,966,2018-10-01 00:00:00.000000000
180,Pagado,2002-12-01,1,2548,967,2002-04-01 00:00:00.000000000
100,Pagado,2003-05-01,1,2548,967,2003-01-01 00:00:00.000000000
20,Pagado,2003-06-01,1,2548,967,2003-06-01 00:00:00.000000000
20,Pagado,2003-07-01,1,2548,967,2003-07-01 00:00:00.000000000
20,Pagado,2003-08-01,1,2548,967,2003-08-01 00:00:00.000000000
40,Pagado,2003-10-01,1,2548,967,2003-09-01 00:00:00.000000000
20,Pagado,2003-11-01,1,2548,967,2003-11-01 00:00:00.000000000
20,Pagado,2003-12-01,1,2548,967,2003-12-01 00:00:00.000000000
20,Pagado,2004-01-01,1,2548,967,2004-01-01 00:00:00.000000000
40,Pagado,2004-09-01,1,2548,967,2004-08-01 00:00:00.000000000
20,Pagado,2004-10-01,1,2548,967,2004-10-01 00:00:00.000000000
20,Pagado,2004-11-01,1,2548,967,2004-11-01 00:00:00.000000000
20,Pagado,2004-12-01,1,2548,967,2004-12-01 00:00:00.000000000
60,Pagado,2005-03-01,1,2548,967,2005-01-01 00:00:00.000000000
820,Pagado,2008-08-01,1,2548,967,2005-04-01 00:00:00.000000000
520,Pagado,2010-10-01,1,2548,967,2008-09-01 00:00:00.000000000
500,Pagado,2012-11-01,1,2548,967,2010-11-01 00:00:00.000000000
240,Pagado,2013-11-01,1,2548,967,2012-12-01 00:00:00.000000000
240,Pagado,2014-11-01,1,2548,967,2013-12-01 00:00:00.000000000
240,Pagado,2015-11-01,1,2548,967,2014-12-01 00:00:00.000000000
240,Pagado,2016-11-01,1,2548,967,2015-12-01 00:00:00.000000000
240,Pagado,2017-11-01,1,2548,967,2016-12-01 00:00:00.000000000
260,Pagado,2018-12-01,1,2548,967,2017-12-01 00:00:00.000000000
240,Pagado,2019-12-01,1,2548,967,2019-01-01 00:00:00.000000000
240,Pagado,2020-12-01,1,2548,967,2020-01-01 00:00:00.000000000
240,Pagado,2021-12-01,1,2548,967,2021-01-01 00:00:00.000000000
180,Pagado,2022-09-01,1,2548,967,2022-01-01 00:00:00.000000000
60,Pagado,2022-12-01,1,2548,967,2022-10-01 00:00:00.000000000
240,Pagado,2023-12-01,1,2548,967,2023-01-01 00:00:00.000000000
360,Pagado,2024-12-01,1,2548,967,2024-01-01 00:00:00.000000000
360,Pagado,2025-12-01,1,2548,967,2025-01-01 00:00:00.000000000
40,Pagado,2002-05-01,1,2548,968,2002-04-01 00:00:00.000000000
100,Pagado,2002-10-01,1,2548,968,2002-06-01 00:00:00.000000000
100,Pagado,2003-03-01,1,2548,968,2002-11-01 00:00:00.000000000
100,Pagado,2003-08-01,1,2548,968,2003-04-01 00:00:00.000000000
40,Pagado,2003-10-01,1,2548,968,2003-09-01 00:00:00.000000000
700,Pagado,2006-09-01,1,2548,968,2003-11-01 00:00:00.000000000
20,Pagado,2007-11-01,1,2548,970,2007-11-01 00:00:00.000000000
360,Pagado,2003-09-01,1,2548,971,2002-04-01 00:00:00.000000000
80,Pagado,2004-12-01,1,2548,971,2004-09-01 00:00:00.000000000
60,Pagado,2005-03-01,1,2548,971,2005-01-01 00:00:00.000000000
160,Pagado,2005-11-01,1,2548,971,2005-04-01 00:00:00.000000000
140,Pagado,2006-06-01,1,2548,971,2005-12-01 00:00:00.000000000
40,Pagado,2006-08-01,1,2548,971,2006-07-01 00:00:00.000000000
60,Pagado,2006-11-01,1,2548,971,2006-09-01 00:00:00.000000000
260,Pagado,2007-12-01,1,2548,971,2006-12-01 00:00:00.000000000
240,Pagado,2008-12-01,1,2548,971,2008-01-01 00:00:00.000000000
240,Pagado,2009-12-01,1,2548,971,2009-01-01 00:00:00.000000000
240,Pagado,2010-12-01,1,2548,971,2010-01-01 00:00:00.000000000
300,Pagado,2012-03-01,1,2548,971,2011-01-01 00:00:00.000000000
180,Pagado,2012-12-01,1,2548,971,2012-04-01 00:00:00.000000000
200,Pagado,2013-10-01,1,2548,971,2013-01-01 00:00:00.000000000
60,Pagado,2014-01-01,1,2548,971,2013-11-01 00:00:00.000000000
200,Pagado,2014-11-01,1,2548,971,2014-02-01 00:00:00.000000000
20,Pagado,2014-12-01,1,2548,971,2014-12-01 00:00:00.000000000
100,Pagado,2015-05-01,1,2548,971,2015-01-01 00:00:00.000000000
300,Pagado,2016-08-01,1,2548,971,2015-06-01 00:00:00.000000000
100,Pagado,2017-01-01,1,2548,971,2016-09-01 00:00:00.000000000
100,Pagado,2017-06-01,1,2548,971,2017-02-01 00:00:00.000000000
200,Pagado,2018-04-01,1,2548,971,2017-07-01 00:00:00.000000000
200,Pagado,2019-02-01,1,2548,971,2018-05-01 00:00:00.000000000
100,Pagado,2019-07-01,1,2548,971,2019-03-01 00:00:00.000000000
200,Pagado,2020-05-01,1,2548,971,2019-08-01 00:00:00.000000000
200,Pagado,2021-03-01,1,2548,971,2020-06-01 00:00:00.000000000
200,Pagado,2022-01-01,1,2548,971,2021-04-01 00:00:00.000000000
220,Pagado,2022-12-01,1,2548,971,2022-02-01 00:00:00.000000000
420,Pagado,2025-02-01,1,2548,971,2024-01-01 00:00:00.000000000
390,Pagado,2026-03-01,1,2548,971,2025-03-01 00:00:00.000000000
360,Pagado,2003-09-01,1,2548,973,2003-04-01 00:00:00.000000000
100,Pagado,2004-02-01,1,2548,973,2003-10-01 00:00:00.000000000
100,Pagado,2005-01-01,1,2548,973,2004-09-01 00:00:00.000000000
60,Pagado,2005-08-01,1,2548,973,2005-06-01 00:00:00.000000000
40,Pagado,2005-10-01,1,2548,973,2005-09-01 00:00:00.000000000
340,Pagado,2007-03-01,1,2548,973,2005-11-01 00:00:00.000000000
40,Pagado,2007-07-01,1,2548,973,2007-06-01 00:00:00.000000000
200,Pagado,2008-10-01,1,2548,973,2008-01-01 00:00:00.000000000
100,Pagado,2008-12-01,1,2548,973,2007-08-01 00:00:00.000000000
60,Pagado,2009-01-01,1,2548,973,2008-11-01 00:00:00.000000000
100,Pagado,2009-06-01,1,2548,973,2009-02-01 00:00:00.000000000
120,Pagado,2009-07-01,1,2548,973,2009-02-01 00:00:00.000000000
240,Pagado,2010-06-01,1,2548,973,2009-07-01 00:00:00.000000000
120,Pagado,2010-12-01,1,2548,973,2010-07-01 00:00:00.000000000
40,Pagado,2011-02-01,1,2548,973,2011-01-01 00:00:00.000000000
100,Pagado,2011-07-01,1,2548,973,2011-03-01 00:00:00.000000000
100,Pagado,2011-12-01,1,2548,973,2011-08-01 00:00:00.000000000
240,Pagado,2012-12-01,1,2548,973,2012-01-01 00:00:00.000000000
240,Pagado,2013-12-01,1,2548,973,2013-01-01 00:00:00.000000000
200,Pagado,2014-10-01,1,2548,973,2014-01-01 00:00:00.000000000
40,Pagado,2014-12-01,1,2548,973,2014-11-01 00:00:00.000000000
240,Pagado,2015-12-01,1,2548,973,2015-01-01 00:00:00.000000000
200,Pagado,2016-10-01,1,2548,973,2016-01-01 00:00:00.000000000
60,Pagado,2017-01-01,1,2548,973,2016-11-01 00:00:00.000000000
220,Pagado,2017-12-01,1,2548,973,2017-02-01 00:00:00.000000000
140,Pagado,2018-07-01,1,2548,973,2018-01-01 00:00:00.000000000
100,Pagado,2018-12-01,1,2548,973,2018-08-01 00:00:00.000000000
200,Pagado,2019-10-01,1,2548,973,2019-01-01 00:00:00.000000000
280,Pagado,2020-12-01,1,2548,973,2019-11-01 00:00:00.000000000
280,Pagado,2022-02-01,1,2548,973,2021-01-01 00:00:00.000000000
200,Pagado,2022-12-01,1,2548,973,2022-03-01 00:00:00.000000000
240,Pagado,2023-12-01,1,2548,973,2023-01-01 00:00:00.000000000
360,Pagado,2024-12-01,1,2548,973,2024-01-01 00:00:00.000000000
360,Pagado,2025-12-01,1,2548,973,2025-01-01 00:00:00.000000000
140,Pagado,2002-10-01,1,2548,974,2002-04-01 00:00:00.000000000
260,Pagado,2003-11-01,1,2548,974,2002-11-01 00:00:00.000000000
40,Pagado,2004-01-01,1,2548,974,2003-12-01 00:00:00.000000000
280,Pagado,2005-01-01,1,2548,974,2003-12-01 00:00:00.000000000
160,Pagado,2005-09-01,1,2548,974,2005-02-01 00:00:00.000000000
60,Pagado,2005-12-01,1,2548,974,2005-10-01 00:00:00.000000000
100,Pagado,2006-02-01,1,2548,974,2005-10-01 00:00:00.000000000
540,Pagado,2007-12-01,1,2548,974,2005-10-01 00:00:00.000000000
800,Pagado,2009-01-01,1,2548,974,2005-10-01 00:00:00.000000000
360,Pagado,2010-07-01,1,2548,974,2009-02-01 00:00:00.000000000
300,Pagado,2011-10-01,1,2548,974,2010-08-01 00:00:00.000000000
300,Pagado,2013-01-01,1,2548,974,2011-11-01 00:00:00.000000000
300,Pagado,2014-04-01,1,2548,974,2013-02-01 00:00:00.000000000
500,Pagado,2016-05-01,1,2548,974,2014-05-01 00:00:00.000000000
320,Pagado,2017-09-01,1,2548,974,2016-06-01 00:00:00.000000000
300,Pagado,2018-12-01,1,2548,974,2017-10-01 00:00:00.000000000
240,Pagado,2019-12-01,1,2548,974,2019-01-01 00:00:00.000000000
200,Pagado,2020-10-01,1,2548,974,2020-01-01 00:00:00.000000000
40,Pagado,2020-12-01,1,2548,974,2020-11-01 00:00:00.000000000
240,Pagado,2021-12-01,1,2548,974,2021-01-01 00:00:00.000000000
180,Pagado,2022-09-01,1,2548,974,2022-01-01 00:00:00.000000000
40,Pagado,2022-11-01,1,2548,974,2022-10-01 00:00:00.000000000
260,Pagado,2023-12-01,1,2548,974,2022-12-01 00:00:00.000000000
360,Pagado,2024-12-01,1,2548,974,2024-01-01 00:00:00.000000000
90,Pagado,2025-03-01,1,2548,974,2025-01-01 00:00:00.000000000
60,Pagado,2025-05-01,1,2548,974,2025-04-01 00:00:00.000000000
210,Pagado,2025-12-01,1,2548,974,2025-06-01 00:00:00.000000000
80,Pagado,2002-07-01,1,2548,975,2002-04-01 00:00:00.000000000
20,Pagado,2003-03-01,1,2548,975,2003-03-01 00:00:00.000000000
100,Pagado,2003-12-01,1,2548,975,2002-08-01 00:00:00.000000000
140,Pagado,2002-10-01,1,2548,976,2002-04-01 00:00:00.000000000
20,Pagado,2002-04-01,1,2548,977,2002-04-01 00:00:00.000000000
20,Pagado,2002-06-01,1,2548,977,2002-06-01 00:00:00.000000000
20,Pagado,2002-07-01,1,2548,977,2002-07-01 00:00:00.000000000
20,Pagado,2002-08-01,1,2548,977,2002-08-01 00:00:00.000000000
40,Pagado,2002-10-01,1,2548,977,2002-09-01 00:00:00.000000000
100,Pagado,2002-09-01,1,2548,980,2002-05-01 00:00:00.000000000
100,Pagado,2003-02-01,1,2548,980,2002-10-01 00:00:00.000000000
100,Pagado,2003-07-01,1,2548,980,2003-03-01 00:00:00.000000000
100,Pagado,2003-12-01,1,2548,980,2003-08-01 00:00:00.000000000
40,Pagado,2004-11-01,1,2548,980,2004-10-01 00:00:00.000000000
160,Pagado,2005-07-01,1,2548,980,2004-12-01 00:00:00.000000000
100,Pagado,2005-12-01,1,2548,980,2005-08-01 00:00:00.000000000
200,Pagado,2006-10-01,1,2548,980,2006-01-01 00:00:00.000000000
40,Pagado,2006-12-01,1,2548,980,2006-11-01 00:00:00.000000000
100,Pagado,2007-05-01,1,2548,980,2007-01-01 00:00:00.000000000
40,Pagado,2007-07-01,1,2548,980,2007-06-01 00:00:00.000000000
100,Pagado,2007-12-01,1,2548,980,2007-08-01 00:00:00.000000000
40,Pagado,2008-02-01,1,2548,980,2008-01-01 00:00:00.000000000
160,Pagado,2008-10-01,1,2548,980,2008-03-01 00:00:00.000000000
160,Pagado,2009-11-01,1,2548,980,2009-04-01 00:00:00.000000000
240,Pagado,2010-11-01,1,2548,980,2009-12-01 00:00:00.000000000
20,Pagado,2011-11-01,1,2548,980,2011-11-01 00:00:00.000000000
240,Pagado,2012-11-01,1,2548,980,2011-12-01 00:00:00.000000000
240,Pagado,2013-11-01,1,2548,980,2012-12-01 00:00:00.000000000
240,Pagado,2014-11-01,1,2548,980,2013-12-01 00:00:00.000000000
240,Pagado,2015-11-01,1,2548,980,2014-12-01 00:00:00.000000000
240,Pagado,2016-11-01,1,2548,980,2015-12-01 00:00:00.000000000
60,Pagado,2017-02-01,1,2548,980,2016-12-01 00:00:00.000000000
540,Pagado,2005-05-01,1,2548,981,2002-05-01 00:00:00.000000000
100,Pagado,2002-09-01,1,2548,982,2002-05-01 00:00:00.000000000
100,Pagado,2003-02-01,1,2548,982,2002-10-01 00:00:00.000000000
200,Pagado,2003-12-01,1,2548,982,2003-03-01 00:00:00.000000000
200,Pagado,2004-10-01,1,2548,982,2004-01-01 00:00:00.000000000
200,Pagado,2005-08-01,1,2548,982,2004-11-01 00:00:00.000000000
120,Pagado,2002-10-01,1,2548,983,2002-05-01 00:00:00.000000000
220,Pagado,2003-09-01,1,2548,983,2002-11-01 00:00:00.000000000
100,Pagado,2004-02-01,1,2548,983,2003-10-01 00:00:00.000000000
300,Pagado,2005-05-01,1,2548,983,2004-03-01 00:00:00.000000000
200,Pagado,2006-05-01,1,2548,983,2005-06-01 00:00:00.000000000
200,Pagado,2007-01-01,1,2548,983,2006-04-01 00:00:00.000000000
160,Pagado,2007-09-01,1,2548,983,2007-02-01 00:00:00.000000000
200,Pagado,2008-07-01,1,2548,983,2007-10-01 00:00:00.000000000
400,Pagado,2010-03-01,1,2548,983,2008-08-01 00:00:00.000000000
100,Pagado,2002-09-01,1,2548,984,2002-05-01 00:00:00.000000000
60,Pagado,2002-12-01,1,2548,984,2002-10-01 00:00:00.000000000
20,Pagado,2003-01-01,1,2548,984,2003-01-01 00:00:00.000000000
160,Pagado,2003-09-01,1,2548,984,2003-02-01 00:00:00.000000000
20,Pagado,2003-10-01,1,2548,984,2003-10-01 00:00:00.000000000
20,Pagado,2003-11-01,1,2548,984,2003-11-01 00:00:00.000000000
20,Pagado,2003-12-01,1,2548,984,2003-12-01 00:00:00.000000000
40,Pagado,2002-06-01,1,2548,985,2002-05-01 00:00:00.000000000
900,Pagado,2006-03-01,1,2548,985,2002-07-01 00:00:00.000000000
40,Pagado,2006-05-01,1,2548,985,2006-04-01 00:00:00.000000000
140,Pagado,2006-10-01,1,2548,985,2006-06-01 00:00:00.000000000
60,Pagado,2007-03-01,1,2548,985,2007-01-01 00:00:00.000000000
20,Pagado,2007-04-01,1,2548,985,2007-04-01 00:00:00.000000000
40,Pagado,2007-06-01,1,2548,985,2007-05-01 00:00:00.000000000
100,Pagado,2007-11-01,1,2548,985,2007-07-01 00:00:00.000000000
240,Pagado,2008-11-01,1,2548,985,2007-12-01 00:00:00.000000000
240,Pagado,2009-11-01,1,2548,985,2008-12-01 00:00:00.000000000
240,Pagado,2010-11-01,1,2548,985,2009-12-01 00:00:00.000000000
60,Pagado,2011-02-01,1,2548,985,2010-12-01 00:00:00.000000000
200,Pagado,2011-12-01,1,2548,985,2011-03-01 00:00:00.000000000
220,Pagado,2012-11-01,1,2548,985,2012-01-01 00:00:00.000000000
240,Pagado,2013-11-01,1,2548,985,2012-12-01 00:00:00.000000000
160,Pagado,2014-07-01,1,2548,985,2013-12-01 00:00:00.000000000
100,Pagado,2014-12-01,1,2548,985,2014-08-01 00:00:00.000000000
220,Pagado,2015-11-01,1,2548,985,2015-01-01 00:00:00.000000000
60,Pagado,2016-02-01,1,2548,985,2015-12-01 00:00:00.000000000
40,Pagado,2016-11-01,1,2548,985,2016-10-01 00:00:00.000000000
140,Pagado,2016-12-01,1,2548,985,2016-03-01 00:00:00.000000000
200,Pagado,2017-09-01,1,2548,985,2016-12-01 00:00:00.000000000
60,Pagado,2017-12-01,1,2548,985,2017-10-01 00:00:00.000000000
60,Pagado,2018-03-01,1,2548,985,2018-01-01 00:00:00.000000000
40,Pagado,2018-05-01,1,2548,985,2018-04-01 00:00:00.000000000
180,Pagado,2018-12-01,1,2548,985,2018-04-01 00:00:00.000000000
240,Pagado,2019-12-01,1,2548,985,2019-01-01 00:00:00.000000000
240,Pagado,2020-12-01,1,2548,985,2020-01-01 00:00:00.000000000
180,Pagado,2021-09-01,1,2548,985,2021-01-01 00:00:00.000000000
60,Pagado,2021-12-01,1,2548,985,2021-10-01 00:00:00.000000000
240,Pagado,2022-12-01,1,2548,985,2022-01-01 00:00:00.000000000
240,Pagado,2023-12-01,1,2548,985,2023-01-01 00:00:00.000000000
360,Pagado,2024-12-01,1,2548,985,2024-01-01 00:00:00.000000000
360,Pagado,2025-12-01,1,2548,985,2025-01-01 00:00:00.000000000
100,Pagado,2002-09-01,1,2548,986,2002-05-01 00:00:00.000000000
40,Pagado,2002-11-01,1,2548,986,2002-10-01 00:00:00.000000000
700,Pagado,2005-10-01,1,2548,986,2002-12-01 00:00:00.000000000
100,Pagado,2002-12-01,1,2548,987,2002-08-01 00:00:00.000000000
20,Pagado,2003-01-01,1,2548,987,2003-01-01 00:00:00.000000000
200,Pagado,2003-11-01,1,2548,987,2003-02-01 00:00:00.000000000
380,Pagado,2005-06-01,1,2548,987,2003-12-01 00:00:00.000000000
20,Pagado,2005-07-01,1,2548,987,2005-07-01 00:00:00.000000000
60,Pagado,2005-10-01,1,2548,987,2005-08-01 00:00:00.000000000
40,Pagado,2005-12-01,1,2548,987,2005-11-01 00:00:00.000000000
1000,Pagado,2010-02-01,1,2548,987,2006-01-01 00:00:00.000000000
80,Pagado,2002-08-01,1,2548,988,2002-05-01 00:00:00.000000000
80,Pagado,2002-12-01,1,2548,988,2002-09-01 00:00:00.000000000
20,Pagado,2003-01-01,1,2548,988,2003-01-01 00:00:00.000000000
20,Pagado,2003-02-01,1,2548,988,2003-02-01 00:00:00.000000000
20,Pagado,2003-03-01,1,2548,988,2003-03-01 00:00:00.000000000
100,Pagado,2003-01-01,1,2548,989,2002-09-01 00:00:00.000000000
40,Pagado,2004-06-01,1,2548,989,2004-05-01 00:00:00.000000000
100,Pagado,2004-11-01,1,2548,989,2004-07-01 00:00:00.000000000
500,Pagado,2006-12-01,1,2548,989,2004-12-01 00:00:00.000000000
240,Pagado,2007-12-01,1,2548,989,2007-01-01 00:00:00.000000000
240,Pagado,2008-12-01,1,2548,989,2008-01-01 00:00:00.000000000
480,Pagado,2010-12-01,1,2548,989,2009-01-01 00:00:00.000000000
240,Pagado,2011-12-01,1,2548,989,2011-01-01 00:00:00.000000000
480,Pagado,2013-12-01,1,2548,989,2012-01-01 00:00:00.000000000
480,Pagado,2015-12-01,1,2548,989,2014-01-01 00:00:00.000000000
480,Pagado,2017-12-01,1,2548,989,2016-01-01 00:00:00.000000000
140,Pagado,2002-12-01,1,2548,990,2002-06-01 00:00:00.000000000
20,Pagado,2003-01-01,1,2548,990,2003-01-01 00:00:00.000000000
260,Pagado,2004-12-01,1,2548,990,2003-12-01 00:00:00.000000000
480,Pagado,2006-12-01,1,2548,990,2005-01-01 00:00:00.000000000
240,Pagado,2007-12-01,1,2548,990,2007-01-01 00:00:00.000000000
160,Pagado,2008-08-01,1,2548,990,2008-01-01 00:00:00.000000000
60,Pagado,2008-11-01,1,2548,990,2008-09-01 00:00:00.000000000
40,Pagado,2009-01-01,1,2548,990,2008-12-01 00:00:00.000000000
300,Pagado,2010-04-01,1,2548,990,2009-02-01 00:00:00.000000000
100,Pagado,2010-09-01,1,2548,990,2010-05-01 00:00:00.000000000
100,Pagado,2011-02-01,1,2548,990,2010-10-01 00:00:00.000000000
200,Pagado,2011-12-01,1,2548,990,2011-03-01 00:00:00.000000000
20,Pagado,2012-01-01,1,2548,990,2012-01-01 00:00:00.000000000
60,Pagado,2012-04-01,1,2548,990,2012-02-01 00:00:00.000000000
160,Pagado,2012-12-01,1,2548,990,2012-05-01 00:00:00.000000000
240,Pagado,2013-12-01,1,2548,990,2013-01-01 00:00:00.000000000
240,Pagado,2014-12-01,1,2548,990,2014-01-01 00:00:00.000000000
240,Pagado,2015-12-01,1,2548,990,2015-01-01 00:00:00.000000000
500,Pagado,2018-01-01,1,2548,990,2016-01-01 00:00:00.000000000
200,Pagado,2018-11-01,1,2548,990,2018-02-01 00:00:00.000000000
240,Pagado,2021-12-01,1,2548,990,2021-01-01 00:00:00.000000000
240,Pagado,2022-12-01,1,2548,990,2022-01-01 00:00:00.000000000
240,Pagado,2023-12-01,1,2548,990,2023-01-01 00:00:00.000000000
300,Pagado,2024-10-01,1,2548,990,2024-01-01 00:00:00.000000000
60,Pagado,2024-12-01,1,2548,990,2024-11-01 00:00:00.000000000
360,Pagado,2025-12-01,1,2548,990,2025-01-01 00:00:00.000000000
60,Pagado,2002-08-01,1,2548,992,2002-06-01 00:00:00.000000000
40,Pagado,2002-09-01,1,2548,996,2002-08-01 00:00:00.000000000
60,Pagado,2002-12-01,1,2548,996,2002-10-01 00:00:00.000000000
60,Pagado,2003-03-01,1,2548,996,2003-01-01 00:00:00.000000000
100,Pagado,2003-10-01,1,2548,996,2003-06-01 00:00:00.000000000
100,Pagado,2004-03-01,1,2548,996,2003-11-01 00:00:00.000000000
20,Pagado,2004-05-01,1,2548,996,2004-05-01 00:00:00.000000000
100,Pagado,2004-08-01,1,2548,996,2004-04-01 00:00:00.000000000
100,Pagado,2005-01-01,1,2548,996,2004-09-01 00:00:00.000000000
100,Pagado,2005-06-01,1,2548,996,2005-02-01 00:00:00.000000000
40,Pagado,2005-08-01,1,2548,996,2005-07-01 00:00:00.000000000
20,Pagado,2005-09-01,1,2548,996,2005-09-01 00:00:00.000000000
500,Pagado,2007-10-01,1,2548,996,2005-10-01 00:00:00.000000000
200,Pagado,2008-08-01,1,2548,996,2007-11-01 00:00:00.000000000
100,Pagado,2009-01-01,1,2548,996,2008-09-01 00:00:00.000000000
100,Pagado,2009-06-01,1,2548,996,2009-02-01 00:00:00.000000000
100,Pagado,2009-11-01,1,2548,996,2009-07-01 00:00:00.000000000
100,Pagado,2010-04-01,1,2548,996,2009-12-01 00:00:00.000000000
100,Pagado,2010-09-01,1,2548,996,2010-05-01 00:00:00.000000000
100,Pagado,2011-02-01,1,2548,996,2010-10-01 00:00:00.000000000
100,Pagado,2011-07-01,1,2548,996,2011-03-01 00:00:00.000000000
100,Pagado,2011-12-01,1,2548,996,2011-08-01 00:00:00.000000000
140,Pagado,2012-07-01,1,2548,996,2012-01-01 00:00:00.000000000
120,Pagado,2013-01-01,1,2548,996,2012-08-01 00:00:00.000000000
120,Pagado,2014-01-01,1,2548,996,2013-08-01 00:00:00.000000000
100,Pagado,2014-06-01,1,2548,996,2014-02-01 00:00:00.000000000
100,Pagado,2014-11-01,1,2548,996,2014-07-01 00:00:00.000000000
140,Pagado,2015-06-01,1,2548,996,2014-12-01 00:00:00.000000000
240,Pagado,2016-06-01,1,2548,996,2015-07-01 00:00:00.000000000
260,Pagado,2017-07-01,1,2548,996,2016-07-01 00:00:00.000000000
200,Pagado,2018-05-01,1,2548,996,2017-08-01 00:00:00.000000000
120,Pagado,2018-07-01,1,2548,996,2013-02-01 00:00:00.000000000
200,Pagado,2019-03-01,1,2548,996,2018-06-01 00:00:00.000000000
200,Pagado,2020-01-01,1,2548,996,2019-04-01 00:00:00.000000000
220,Pagado,2020-12-01,1,2548,996,2020-02-01 00:00:00.000000000
100,Pagado,2021-05-01,1,2548,996,2021-01-01 00:00:00.000000000
240,Pagado,2022-05-01,1,2548,996,2021-06-01 00:00:00.000000000
80,Pagado,2022-09-01,1,2548,996,2022-06-01 00:00:00.000000000
120,Pagado,2023-03-01,1,2548,996,2022-10-01 00:00:00.000000000
100,Pagado,2023-08-01,1,2548,996,2023-04-01 00:00:00.000000000
60,Pagado,2023-11-01,1,2548,996,2023-09-01 00:00:00.000000000
20,Pagado,2023-12-01,1,2548,996,2023-12-01 00:00:00.000000000
150,Pagado,2024-05-01,1,2548,996,2024-01-01 00:00:00.000000000
210,Pagado,2024-12-01,1,2548,996,2024-06-01 00:00:00.000000000
120,Pagado,2025-04-01,1,2548,996,2025-01-01 00:00:00.000000000
120,Pagado,2025-08-01,1,2548,996,2025-05-01 00:00:00.000000000
120,Pagado,2025-12-01,1,2548,996,2025-09-01 00:00:00.000000000
40,Pagado,2002-08-01,1,2548,997,2002-07-01 00:00:00.000000000
20,Pagado,2002-12-01,1,2548,997,2002-12-01 00:00:00.000000000
20,Pagado,2003-01-01,1,2548,997,2003-01-01 00:00:00.000000000
140,Pagado,2003-08-01,1,2548,997,2003-02-01 00:00:00.000000000
60,Pagado,2003-11-01,1,2548,997,2003-09-01 00:00:00.000000000
40,Pagado,2002-08-01,1,2548,998,2002-07-01 00:00:00.000000000
100,Pagado,2003-01-01,1,2548,998,2002-09-01 00:00:00.000000000
20,Pagado,2003-02-01,1,2548,998,2003-02-01 00:00:00.000000000
40,Pagado,2003-04-01,1,2548,998,2003-03-01 00:00:00.000000000
100,Pagado,2003-07-01,1,2548,998,2003-03-01 00:00:00.000000000
60,Pagado,2003-07-01,1,2548,998,2003-05-01 00:00:00.000000000
500,Pagado,2005-08-01,1,2548,998,2003-08-01 00:00:00.000000000
300,Pagado,2006-11-01,1,2548,998,2005-09-01 00:00:00.000000000
2000,Pagado,2015-03-01,1,2548,998,2000-12-01 00:00:00.000000000
900,Pagado,2018-12-01,1,2548,998,2015-04-01 00:00:00.000000000
260,Pagado,2020-01-01,1,2548,998,2019-01-01 00:00:00.000000000
80,Pagado,2020-05-01,1,2548,998,2020-01-01 00:00:00.000000000
140,Pagado,2020-12-01,1,2548,998,2020-06-01 00:00:00.000000000
240,Pagado,2021-12-01,1,2548,998,2021-01-01 00:00:00.000000000
240,Pagado,2022-12-01,1,2548,998,2022-01-01 00:00:00.000000000
240,Pagado,2023-12-01,1,2548,998,2023-01-01 00:00:00.000000000
40,Pagado,2024-02-01,1,2548,998,2024-01-01 00:00:00.000000000
360,Pagado,2025-12-01,1,2548,998,2025-01-01 00:00:00.000000000
200,Pagado,2003-10-01,1,2548,999,2003-01-01 00:00:00.000000000
500,Pagado,2005-11-01,1,2548,999,2003-11-01 00:00:00.000000000
20,Pagado,2005-12-01,1,2548,999,2005-12-01 00:00:00.000000000
20,Pagado,2006-01-01,1,2548,999,2006-01-01 00:00:00.000000000
20,Pagado,2006-02-01,1,2548,999,2006-02-01 00:00:00.000000000
20,Pagado,2006-03-01,1,2548,999,2006-03-01 00:00:00.000000000
20,Pagado,2006-04-01,1,2548,999,2006-04-01 00:00:00.000000000
300,Pagado,2007-07-01,1,2548,999,2006-03-01 00:00:00.000000000
200,Pagado,2008-05-01,1,2548,999,2007-08-01 00:00:00.000000000
500,Pagado,2010-06-01,1,2548,999,2008-06-01 00:00:00.000000000
60,Pagado,2010-09-01,1,2548,999,2010-07-01 00:00:00.000000000
100,Pagado,2011-02-01,1,2548,999,2010-10-01 00:00:00.000000000
100,Pagado,2011-07-01,1,2548,999,2011-03-01 00:00:00.000000000
240,Pagado,2012-07-01,1,2548,999,2011-08-01 00:00:00.000000000
500,Pagado,2014-08-01,1,2548,999,2012-08-01 00:00:00.000000000
240,Pagado,2015-08-01,1,2548,999,2014-09-01 00:00:00.000000000
240,Pagado,2016-08-01,1,2548,999,2015-09-01 00:00:00.000000000
240,Pagado,2017-08-01,1,2548,999,2016-09-01 00:00:00.000000000
100,Pagado,2022-05-01,1,2548,999,2022-01-01 00:00:00.000000000
140,Pagado,2022-12-01,1,2548,999,2022-06-01 00:00:00.000000000
220,Pagado,2023-11-01,1,2548,999,2023-01-01 00:00:00.000000000
20,Pagado,2023-12-01,1,2548,999,2023-12-01 00:00:00.000000000
360,Pagado,2024-12-01,1,2548,999,2024-01-01 00:00:00.000000000
210,Pagado,2025-07-01,1,2548,999,2025-01-01 00:00:00.000000000
150,Pagado,2025-12-01,1,2548,999,2025-08-01 00:00:00.000000000
200,Pagado,2003-04-01,1,2548,1000,2002-07-01 00:00:00.000000000
160,Pagado,2003-12-01,1,2548,1000,2003-05-01 00:00:00.000000000
60,Pagado,2004-03-01,1,2548,1000,2004-01-01 00:00:00.000000000
80,Pagado,2004-09-01,1,2548,1000,2004-06-01 00:00:00.000000000
120,Pagado,2005-03-01,1,2548,1000,2004-10-01 00:00:00.000000000
20,Pagado,2005-04-01,1,2548,1000,2005-04-01 00:00:00.000000000
100,Pagado,2005-09-01,1,2548,1000,2005-05-01 00:00:00.000000000
60,Pagado,2005-12-01,1,2548,1000,2005-10-01 00:00:00.000000000
200,Pagado,2006-10-01,1,2548,1000,2006-01-01 00:00:00.000000000
60,Pagado,2007-01-01,1,2548,1000,2006-11-01 00:00:00.000000000
40,Pagado,2007-03-01,1,2548,1000,2007-02-01 00:00:00.000000000
60,Pagado,2007-06-01,1,2548,1000,2007-04-01 00:00:00.000000000
120,Pagado,2007-12-01,1,2548,1000,2007-07-01 00:00:00.000000000
40,Pagado,2008-02-01,1,2548,1000,2008-01-01 00:00:00.000000000
20,Pagado,2008-03-01,1,2548,1000,2008-03-01 00:00:00.000000000
80,Pagado,2008-07-01,1,2548,1000,2008-04-01 00:00:00.000000000
40,Pagado,2008-09-01,1,2548,1000,2008-08-01 00:00:00.000000000
60,Pagado,2008-12-01,1,2548,1000,2008-10-01 00:00:00.000000000
20,Pagado,2009-01-01,1,2548,1000,2009-01-01 00:00:00.000000000
40,Pagado,2009-03-01,1,2548,1000,2009-02-01 00:00:00.000000000
220,Pagado,2010-11-01,1,2548,1000,2010-01-01 00:00:00.000000000
100,Pagado,2011-04-01,1,2548,1000,2010-12-01 00:00:00.000000000
100,Pagado,2011-09-01,1,2548,1000,2011-05-01 00:00:00.000000000
60,Pagado,2011-12-01,1,2548,1000,2011-10-01 00:00:00.000000000
220,Pagado,2012-11-01,1,2548,1000,2012-01-01 00:00:00.000000000
100,Pagado,2013-04-01,1,2548,1000,2012-12-01 00:00:00.000000000
100,Pagado,2002-11-01,1,2548,1001,2002-07-01 00:00:00.000000000
40,Pagado,2003-01-01,1,2548,1001,2002-12-01 00:00:00.000000000
40,Pagado,2003-03-01,1,2548,1001,2003-02-01 00:00:00.000000000
80,Pagado,2003-07-01,1,2548,1001,2003-04-01 00:00:00.000000000
20,Pagado,2003-08-01,1,2548,1001,2003-08-01 00:00:00.000000000
100,Pagado,2004-01-01,1,2548,1001,2003-09-01 00:00:00.000000000
220,Pagado,2004-12-01,1,2548,1001,2004-02-01 00:00:00.000000000
20,Pagado,2005-01-01,1,2548,1001,2005-01-01 00:00:00.000000000
60,Pagado,2005-04-01,1,2548,1001,2005-02-01 00:00:00.000000000
80,Pagado,2005-08-01,1,2548,1001,2005-05-01 00:00:00.000000000
80,Pagado,2005-12-01,1,2548,1001,2005-09-01 00:00:00.000000000
160,Pagado,2006-08-01,1,2548,1001,2006-01-01 00:00:00.000000000
140,Pagado,2007-03-01,1,2548,1001,2006-09-01 00:00:00.000000000
180,Pagado,2007-12-01,1,2548,1001,2006-04-01 00:00:00.000000000
240,Pagado,2008-12-01,1,2548,1001,2008-01-01 00:00:00.000000000
20,Pagado,2009-01-01,1,2548,1001,2009-01-01 00:00:00.000000000
200,Pagado,2009-11-01,1,2548,1001,2009-02-01 00:00:00.000000000
260,Pagado,2010-12-01,1,2548,1001,2009-12-01 00:00:00.000000000
240,Pagado,2011-12-01,1,2548,1001,2011-01-01 00:00:00.000000000
100,Pagado,2012-05-01,1,2548,1001,2012-01-01 00:00:00.000000000
140,Pagado,2012-12-01,1,2548,1001,2012-06-01 00:00:00.000000000
320,Pagado,2014-04-01,1,2548,1001,2013-01-01 00:00:00.000000000
160,Pagado,2014-12-01,1,2548,1001,2014-05-01 00:00:00.000000000
240,Pagado,2015-12-01,1,2548,1001,2015-01-01 00:00:00.000000000
300,Pagado,2017-03-01,1,2548,1001,2016-01-01 00:00:00.000000000
180,Pagado,2017-12-01,1,2548,1001,2017-04-01 00:00:00.000000000
240,Pagado,2018-12-01,1,2548,1001,2018-01-01 00:00:00.000000000
60,Pagado,2002-11-01,1,2548,1002,2002-09-01 00:00:00.000000000
100,Pagado,2003-04-01,1,2548,1002,2002-12-01 00:00:00.000000000
100,Pagado,2003-09-01,1,2548,1002,2003-05-01 00:00:00.000000000
60,Pagado,2003-12-01,1,2548,1002,2003-10-01 00:00:00.000000000
80,Pagado,2004-08-01,1,2548,1002,2004-05-01 00:00:00.000000000
20,Pagado,2004-09-01,1,2548,1002,2004-09-01 00:00:00.000000000
20,Pagado,2004-10-01,1,2548,1002,2004-10-01 00:00:00.000000000
40,Pagado,2004-12-01,1,2548,1002,2004-11-01 00:00:00.000000000
40,Pagado,2005-02-01,1,2548,1002,2005-01-01 00:00:00.000000000
20,Pagado,2005-03-01,1,2548,1002,2005-03-01 00:00:00.000000000
20,Pagado,2005-04-01,1,2548,1002,2005-04-01 00:00:00.000000000
40,Pagado,2005-06-01,1,2548,1002,2005-05-01 00:00:00.000000000
60,Pagado,2005-09-01,1,2548,1002,2005-07-01 00:00:00.000000000
100,Pagado,2006-02-01,1,2548,1002,2005-10-01 00:00:00.000000000
100,Pagado,2006-07-01,1,2548,1002,2006-03-01 00:00:00.000000000
100,Pagado,2006-12-01,1,2548,1002,2006-08-01 00:00:00.000000000
100,Pagado,2007-05-01,1,2548,1002,2007-01-01 00:00:00.000000000
20,Pagado,2007-06-01,1,2548,1002,2007-06-01 00:00:00.000000000
60,Pagado,2007-09-01,1,2548,1002,2007-07-01 00:00:00.000000000
60,Pagado,2007-12-01,1,2548,1002,2007-10-01 00:00:00.000000000
220,Pagado,2008-11-01,1,2548,1002,2008-01-01 00:00:00.000000000
200,Pagado,2009-09-01,1,2548,1002,2008-12-01 00:00:00.000000000
40,Pagado,2009-11-01,1,2548,1002,2009-10-01 00:00:00.000000000
120,Pagado,2010-05-01,1,2548,1002,2009-12-01 00:00:00.000000000
120,Pagado,2010-11-01,1,2548,1002,2010-06-01 00:00:00.000000000
60,Pagado,2011-02-01,1,2548,1002,2010-12-01 00:00:00.000000000
160,Pagado,2011-10-01,1,2548,1002,2011-03-01 00:00:00.000000000
20,Pagado,2011-11-01,1,2548,1002,2011-11-01 00:00:00.000000000
100,Pagado,2012-04-01,1,2548,1002,2011-12-01 00:00:00.000000000
120,Pagado,2012-10-01,1,2548,1002,2012-05-01 00:00:00.000000000
40,Pagado,2012-12-01,1,2548,1002,2012-11-01 00:00:00.000000000
100,Pagado,2013-05-01,1,2548,1002,2013-01-01 00:00:00.000000000
120,Pagado,2013-11-01,1,2548,1002,2013-06-01 00:00:00.000000000
160,Pagado,2014-07-01,1,2548,1002,2013-12-01 00:00:00.000000000
100,Pagado,2014-12-01,1,2548,1002,2014-08-01 00:00:00.000000000
40,Pagado,2015-02-01,1,2548,1002,2015-01-01 00:00:00.000000000
120,Pagado,2015-08-01,1,2548,1002,2015-03-01 00:00:00.000000000
80,Pagado,2015-12-01,1,2548,1002,2015-09-01 00:00:00.000000000
100,Pagado,2016-05-01,1,2548,1002,2016-01-01 00:00:00.000000000
140,Pagado,2016-12-01,1,2548,1002,2016-06-01 00:00:00.000000000
100,Pagado,2017-05-01,1,2548,1002,2017-01-01 00:00:00.000000000
140,Pagado,2017-12-01,1,2548,1002,2017-06-01 00:00:00.000000000
140,Pagado,2018-12-01,1,2548,1002,2018-06-01 00:00:00.000000000
200,Pagado,2019-10-01,1,2548,1002,2019-01-01 00:00:00.000000000
40,Pagado,2019-12-01,1,2548,1002,2019-12-01 00:00:00.000000000
100,Pagado,2020-01-01,1,2548,1002,2020-06-01 00:00:00.000000000
100,Pagado,2020-05-01,1,2548,1002,2020-01-01 00:00:00.000000000
40,Pagado,2020-07-01,1,2548,1002,2020-06-01 00:00:00.000000000
100,Pagado,2021-05-01,1,2548,1002,2021-01-01 00:00:00.000000000
100,Pagado,2021-10-01,1,2548,1002,2021-06-01 00:00:00.000000000
40,Pagado,2021-12-01,1,2548,1002,2021-11-01 00:00:00.000000000
200,Pagado,2003-05-01,1,2548,1003,2002-08-01 00:00:00.000000000
1500,Pagado,2009-08-01,1,2548,1003,2003-06-01 00:00:00.000000000
180,Pagado,2003-03-01,1,2548,1004,2002-07-01 00:00:00.000000000
100,Pagado,2002-11-01,1,2548,1005,2002-07-01 00:00:00.000000000
40,Pagado,2003-01-01,1,2548,1005,2002-12-01 00:00:00.000000000
60,Pagado,2003-09-01,1,2548,1005,2003-07-01 00:00:00.000000000
60,Pagado,2003-12-01,1,2548,1005,2003-10-01 00:00:00.000000000
40,Pagado,2004-02-01,1,2548,1005,2004-01-01 00:00:00.000000000
20,Pagado,2004-08-01,1,2548,1005,2004-08-01 00:00:00.000000000
100,Pagado,2005-01-01,1,2548,1005,2004-09-01 00:00:00.000000000
100,Pagado,2005-06-01,1,2548,1005,2005-02-01 00:00:00.000000000
100,Pagado,2005-11-01,1,2548,1005,2005-07-01 00:00:00.000000000
100,Pagado,2006-04-01,1,2548,1005,2005-12-01 00:00:00.000000000
100,Pagado,2006-09-01,1,2548,1005,2006-05-01 00:00:00.000000000
100,Pagado,2007-02-01,1,2548,1005,2006-10-01 00:00:00.000000000
100,Pagado,2007-07-01,1,2548,1005,2007-03-01 00:00:00.000000000
100,Pagado,2007-12-01,1,2548,1005,2007-08-01 00:00:00.000000000
100,Pagado,2008-05-01,1,2548,1005,2008-01-01 00:00:00.000000000
100,Pagado,2008-10-01,1,2548,1005,2008-06-01 00:00:00.000000000
100,Pagado,2009-03-01,1,2548,1005,2008-11-01 00:00:00.000000000
120,Pagado,2009-09-01,1,2548,1005,2009-04-01 00:00:00.000000000
40,Pagado,2009-11-01,1,2548,1005,2009-10-01 00:00:00.000000000
240,Pagado,2010-11-01,1,2548,1005,2009-12-01 00:00:00.000000000
20,Pagado,2010-12-01,1,2548,1005,2010-12-01 00:00:00.000000000
60,Pagado,2011-03-01,1,2548,1005,2011-01-01 00:00:00.000000000
100,Pagado,2011-08-01,1,2548,1005,2011-04-01 00:00:00.000000000
60,Pagado,2011-11-01,1,2548,1005,2011-09-01 00:00:00.000000000
100,Pagado,2012-04-01,1,2548,1005,2011-12-01 00:00:00.000000000
100,Pagado,2012-09-01,1,2548,1005,2012-05-01 00:00:00.000000000
60,Pagado,2012-12-01,1,2548,1005,2012-10-01 00:00:00.000000000
20,Pagado,2013-01-01,1,2548,1005,2013-01-01 00:00:00.000000000
40,Pagado,2013-03-01,1,2548,1005,2013-02-01 00:00:00.000000000
20,Pagado,2013-04-01,1,2548,1005,2013-04-01 00:00:00.000000000
20,Pagado,2013-06-01,1,2548,1005,2013-06-01 00:00:00.000000000
20,Pagado,2013-07-01,1,2548,1005,2013-07-01 00:00:00.000000000
20,Pagado,2013-08-01,1,2548,1005,2013-08-01 00:00:00.000000000
20,Pagado,2013-09-01,1,2548,1005,2013-09-01 00:00:00.000000000
40,Pagado,2013-11-01,1,2548,1005,2013-10-01 00:00:00.000000000
40,Pagado,2014-01-01,1,2548,1005,2013-12-01 00:00:00.000000000
100,Pagado,2014-06-01,1,2548,1005,2014-02-01 00:00:00.000000000
100,Pagado,2014-11-01,1,2548,1005,2014-07-01 00:00:00.000000000
100,Pagado,2015-04-01,1,2548,1005,2014-12-01 00:00:00.000000000
100,Pagado,2015-09-01,1,2548,1005,2015-05-01 00:00:00.000000000
100,Pagado,2016-02-01,1,2548,1005,2015-10-01 00:00:00.000000000
140,Pagado,2016-09-01,1,2548,1005,2016-03-01 00:00:00.000000000
60,Pagado,2016-12-01,1,2548,1005,2016-10-01 00:00:00.000000000
240,Pagado,2017-12-01,1,2548,1005,2017-01-01 00:00:00.000000000
100,Pagado,2018-05-01,1,2548,1005,2018-01-01 00:00:00.000000000
100,Pagado,2018-10-01,1,2548,1005,2018-06-01 00:00:00.000000000
40,Pagado,2018-12-01,1,2548,1005,2018-11-01 00:00:00.000000000
240,Pagado,2019-12-01,1,2548,1005,2019-01-01 00:00:00.000000000
100,Pagado,2020-05-01,1,2548,1005,2020-01-01 00:00:00.000000000
140,Pagado,2020-12-01,1,2548,1005,2020-06-01 00:00:00.000000000
240,Pagado,2021-12-01,1,2548,1005,2021-01-01 00:00:00.000000000
240,Pagado,2022-12-01,1,2548,1005,2022-01-01 00:00:00.000000000
100,Pagado,2023-05-01,1,2548,1005,2023-01-01 00:00:00.000000000
140,Pagado,2023-12-01,1,2548,1005,2023-06-01 00:00:00.000000000
150,Pagado,2024-05-01,1,2548,1005,2024-01-01 00:00:00.000000000
210,Pagado,2024-12-01,1,2548,1005,2024-06-01 00:00:00.000000000
360,Pagado,2025-12-01,1,2548,1005,2025-01-01 00:00:00.000000000
120,Pagado,2002-12-01,1,2548,1008,2002-07-01 00:00:00.000000000
80,Pagado,2003-04-01,1,2548,1008,2003-01-01 00:00:00.000000000
300,Pagado,2004-07-01,1,2548,1008,2003-05-01 00:00:00.000000000
100,Pagado,2004-12-01,1,2548,1008,2004-08-01 00:00:00.000000000
80,Pagado,2005-04-01,1,2548,1008,2005-01-01 00:00:00.000000000
60,Pagado,2005-07-01,1,2548,1008,2005-05-01 00:00:00.000000000
580,Pagado,2007-12-01,1,2548,1008,2005-08-01 00:00:00.000000000
100,Pagado,2008-05-01,1,2548,1008,2008-01-01 00:00:00.000000000
140,Pagado,2008-12-01,1,2548,1008,2008-06-01 00:00:00.000000000
60,Pagado,2002-10-01,1,2548,1009,2002-08-01 00:00:00.000000000
40,Pagado,2002-12-01,1,2548,1009,2002-11-01 00:00:00.000000000
140,Pagado,2003-01-01,1,2548,1010,2002-07-01 00:00:00.000000000
300,Pagado,2005-05-01,1,2548,1010,2004-01-01 00:00:00.000000000
1000,Pagado,2009-05-01,1,2548,1010,2005-04-01 00:00:00.000000000
500,Pagado,2011-06-01,1,2548,1010,2009-06-01 00:00:00.000000000
500,Pagado,2013-07-01,1,2548,1010,2011-07-01 00:00:00.000000000
500,Pagado,2015-08-01,1,2548,1010,2013-08-01 00:00:00.000000000
500,Pagado,2017-09-01,1,2548,1010,2015-09-01 00:00:00.000000000
300,Pagado,2018-12-01,1,2548,1010,2017-10-01 00:00:00.000000000
800,Pagado,2022-04-01,1,2548,1010,2019-01-01 00:00:00.000000000
400,Pagado,2023-12-01,1,2548,1010,2022-05-01 00:00:00.000000000
90,Pagado,2024-03-01,1,2548,1010,2024-01-01 00:00:00.000000000
270,Pagado,2024-12-01,1,2548,1010,2024-04-01 00:00:00.000000000
40,Pagado,2002-11-01,1,2548,1011,2002-10-01 00:00:00.000000000
60,Pagado,2003-02-01,1,2548,1011,2002-12-01 00:00:00.000000000
20,Pagado,2003-03-01,1,2548,1011,2003-03-01 00:00:00.000000000
20,Pagado,2003-03-01,1,2548,1011,1970-01-01 00:00:00.000382003
20,Pagado,2003-04-01,1,2548,1011,2003-04-01 00:00:00.000000000
20,Pagado,2003-06-01,1,2548,1011,2003-06-01 00:00:00.000000000
20,Pagado,2003-07-01,1,2548,1011,2003-07-01 00:00:00.000000000
20,Pagado,2003-08-01,1,2548,1011,2003-08-01 00:00:00.000000000
20,Pagado,2003-09-01,1,2548,1011,2003-09-01 00:00:00.000000000
20,Pagado,2003-10-01,1,2548,1011,2003-10-01 00:00:00.000000000
20,Pagado,2003-11-01,1,2548,1011,2003-11-01 00:00:00.000000000
20,Pagado,2003-12-01,1,2548,1011,2003-12-01 00:00:00.000000000
20,Pagado,2004-01-01,1,2548,1011,2004-01-01 00:00:00.000000000
20,Pagado,2004-07-01,1,2548,1011,2004-07-01 00:00:00.000000000
20,Pagado,2004-08-01,1,2548,1011,2004-08-01 00:00:00.000000000
40,Pagado,2004-09-01,1,2548,1011,2004-09-01 00:00:00.000000000
20,Pagado,2004-11-01,1,2548,1011,2004-11-01 00:00:00.000000000
20,Pagado,2005-01-01,1,2548,1011,2005-01-01 00:00:00.000000000
20,Pagado,2005-02-19,1,2548,1011,2005-02-19 00:00:00.000000000
40,Pagado,2005-04-01,1,2548,1011,2005-03-01 00:00:00.000000000
40,Pagado,2005-06-01,1,2548,1011,2005-05-01 00:00:00.000000000
20,Pagado,2005-07-01,1,2548,1011,2005-07-01 00:00:00.000000000
20,Pagado,2005-08-01,1,2548,1011,2005-08-01 00:00:00.000000000
20,Pagado,2005-09-01,1,2548,1011,2005-09-01 00:00:00.000000000
20,Pagado,2005-10-01,1,2548,1011,2005-10-01 00:00:00.000000000
20,Pagado,2005-11-01,1,2548,1011,2005-11-01 00:00:00.000000000
20,Pagado,2006-01-01,1,2548,1011,2005-12-01 00:00:00.000000000
40,Pagado,2006-03-01,1,2548,1011,2006-02-01 00:00:00.000000000
20,Pagado,2006-04-01,1,2548,1011,2006-04-01 00:00:00.000000000
40,Pagado,2006-06-01,1,2548,1011,2006-05-01 00:00:00.000000000
40,Pagado,2006-08-01,1,2548,1011,2006-07-01 00:00:00.000000000
80,Pagado,2006-12-01,1,2548,1011,2006-09-01 00:00:00.000000000
80,Pagado,2007-04-01,1,2548,1011,2007-01-01 00:00:00.000000000
40,Pagado,2007-06-01,1,2548,1011,2007-05-01 00:00:00.000000000
40,Pagado,2007-08-01,1,2548,1011,2007-07-01 00:00:00.000000000
240,Pagado,2003-07-01,1,2548,1013,2002-08-01 00:00:00.000000000
300,Pagado,2004-10-01,1,2548,1013,2003-08-01 00:00:00.000000000
360,Pagado,2025-12-01,1,2548,1013,2025-01-01 00:00:00.000000000
40,Pagado,2002-08-01,1,2548,1014,2002-07-01 00:00:00.000000000
500,Pagado,2004-08-01,1,2548,1015,2002-08-01 00:00:00.000000000
480,Pagado,2006-08-01,1,2548,1015,2004-09-01 00:00:00.000000000
140,Pagado,2007-10-01,1,2548,1015,2007-04-01 00:00:00.000000000
120,Pagado,2002-12-01,1,2548,1016,2002-07-01 00:00:00.000000000
,Pagado,2007-12-01,1,2548,1016,2003-01-01 00:00:00.000000000
60,Pagado,2008-03-01,1,2548,1016,2008-01-01 00:00:00.000000000
60,Pagado,2008-03-01,1,2548,1016,2008-01-01 00:00:00.000000000
60,Pagado,2008-06-01,1,2548,1016,2008-04-01 00:00:00.000000000
120,Pagado,2008-12-01,1,2548,1016,2008-07-01 00:00:00.000000000
100,Pagado,2009-05-01,1,2548,1016,2009-01-01 00:00:00.000000000
20,Pagado,2009-06-01,1,2548,1016,2009-06-01 00:00:00.000000000
1400,Pagado,2015-04-01,1,2548,1016,2009-07-01 00:00:00.000000000
2060,Pagado,2023-11-01,1,2548,1016,2015-05-01 00:00:00.000000000
20,Pagado,2023-12-01,1,2548,1016,2023-12-01 00:00:00.000000000
150,Pagado,2024-05-01,1,2548,1016,2024-01-01 00:00:00.000000000
90,Pagado,2024-08-01,1,2548,1016,2024-06-01 00:00:00.000000000
120,Pagado,2024-12-01,1,2548,1016,2024-09-01 00:00:00.000000000
360,Pagado,2025-12-01,1,2548,1016,2025-01-01 00:00:00.000000000
360,Pagado,2004-01-01,1,2548,1019,2002-08-01 00:00:00.000000000
400,Pagado,2005-09-01,1,2548,1019,2004-02-01 00:00:00.000000000
660,Pagado,2008-06-01,1,2548,1019,2005-10-01 00:00:00.000000000
360,Pagado,2004-01-01,1,2548,1020,2002-08-01 00:00:00.000000000
1180,Pagado,2009-12-01,1,2548,1020,2004-02-01 00:00:00.000000000
100,Pagado,2010-05-01,1,2548,1020,2010-01-01 00:00:00.000000000
140,Pagado,2010-12-01,1,2548,1020,2010-06-01 00:00:00.000000000
240,Pagado,2011-12-01,1,2548,1020,2011-01-01 00:00:00.000000000
240,Pagado,2012-12-01,1,2548,1020,2012-01-01 00:00:00.000000000
240,Pagado,2013-12-01,1,2548,1020,2013-01-01 00:00:00.000000000
240,Pagado,2014-12-01,1,2548,1020,2014-01-01 00:00:00.000000000
240,Pagado,2016-12-01,1,2548,1020,2016-01-01 00:00:00.000000000
240,Pagado,2017-12-01,1,2548,1020,2017-01-01 00:00:00.000000000
240,Pagado,2018-12-01,1,2548,1020,2018-01-01 00:00:00.000000000
240,Pagado,2019-12-01,1,2548,1020,2019-01-01 00:00:00.000000000
240,Pagado,2020-12-01,1,2548,1020,2020-01-01 00:00:00.000000000
240,Pagado,2021-12-01,1,2548,1020,2021-01-01 00:00:00.000000000
240,Pagado,2022-12-01,1,2548,1020,2022-01-01 00:00:00.000000000
240,Pagado,2023-12-01,1,2548,1020,2023-01-01 00:00:00.000000000
360,Pagado,2024-12-01,1,2548,1020,2024-01-01 00:00:00.000000000
360,Pagado,2025-12-01,1,2548,1020,2025-01-01 00:00:00.000000000
60,Pagado,2002-10-01,1,2548,1021,2002-08-01 00:00:00.000000000
280,Pagado,2004-01-01,1,2548,1021,2002-12-01 00:00:00.000000000
240,Pagado,2005-01-01,1,2548,1021,2004-02-01 00:00:00.000000000
200,Pagado,2005-11-01,1,2548,1021,2005-02-01 00:00:00.000000000
90,Pagado,2025-12-01,1,2548,1021,2025-10-01 00:00:00.000000000
100,Pagado,2002-12-01,1,2548,1023,2002-08-01 00:00:00.000000000
20,Pagado,2002-11-01,1,2548,1024,2002-11-01 00:00:00.000000000
80,Pagado,2003-03-01,1,2548,1024,2002-12-01 00:00:00.000000000
80,Pagado,2003-07-01,1,2548,1024,2003-04-01 00:00:00.000000000
40,Pagado,2003-09-01,1,2548,1024,2003-08-01 00:00:00.000000000
40,Pagado,2003-09-01,1,2548,1024,2002-08-01 00:00:00.000000000
20,Pagado,2003-10-01,1,2548,1024,2003-10-01 00:00:00.000000000
40,Pagado,2003-12-01,1,2548,1024,2003-11-01 00:00:00.000000000
40,Pagado,2004-02-01,1,2548,1024,2004-01-01 00:00:00.000000000
500,Pagado,2006-03-01,1,2548,1024,2004-03-01 00:00:00.000000000
480,Pagado,2008-03-01,1,2548,1024,2006-04-01 00:00:00.000000000
200,Pagado,2003-06-01,1,2548,1025,2002-09-01 00:00:00.000000000
500,Pagado,2005-12-01,1,2548,1025,2003-12-01 00:00:00.000000000
360,Pagado,2007-06-01,1,2548,1025,2006-01-01 00:00:00.000000000
20,Pagado,2002-11-01,1,2548,1026,2002-11-01 00:00:00.000000000
100,Pagado,2003-01-01,1,2548,1027,2002-09-01 00:00:00.000000000
140,Pagado,2003-08-01,1,2548,1027,2002-02-01 00:00:00.000000000
500,Pagado,2004-09-01,1,2548,1028,2002-09-01 00:00:00.000000000
80,Pagado,2002-12-01,1,2548,1029,2002-09-01 00:00:00.000000000
120,Pagado,2003-06-01,1,2548,1029,2003-01-01 00:00:00.000000000
40,Pagado,2003-09-01,1,2548,1029,2003-08-01 00:00:00.000000000
500,Pagado,2005-09-01,1,2548,1030,2003-09-01 00:00:00.000000000
80,Pagado,2002-12-01,1,2548,1032,2002-09-01 00:00:00.000000000
80,Pagado,2003-04-01,1,2548,1032,2003-01-01 00:00:00.000000000
60,Pagado,2003-07-01,1,2548,1032,2003-05-01 00:00:00.000000000
60,Pagado,2003-12-01,1,2548,1032,2003-10-01 00:00:00.000000000
40,Pagado,2004-02-01,1,2548,1032,2004-01-01 00:00:00.000000000
100,Pagado,2004-07-01,1,2548,1032,2004-03-01 00:00:00.000000000
60,Pagado,2002-11-01,1,2548,1033,2002-09-01 00:00:00.000000000
20,Pagado,2002-12-01,1,2548,1033,2002-12-01 00:00:00.000000000
60,Pagado,2003-03-01,1,2548,1033,2003-01-01 00:00:00.000000000
620,Pagado,2005-10-01,1,2548,1033,2003-04-01 00:00:00.000000000
20,Pagado,2005-11-01,1,2548,1033,2005-11-01 00:00:00.000000000
520,Pagado,2010-12-01,1,2548,1034,2008-11-01 00:00:00.000000000
600,Pagado,2013-06-01,1,2548,1034,2011-01-01 00:00:00.000000000
500,Pagado,2015-07-01,1,2548,1034,2013-07-01 00:00:00.000000000
360,Pagado,2016-05-01,1,2548,1034,2015-08-01 00:00:00.000000000
500,Pagado,2018-12-01,1,2548,1034,2016-12-01 00:00:00.000000000
200,Pagado,2020-01-01,1,2548,1034,2019-04-01 00:00:00.000000000
220,Pagado,2020-12-01,1,2548,1034,2020-02-01 00:00:00.000000000
100,Pagado,2021-05-01,1,2548,1034,2021-01-01 00:00:00.000000000
200,Pagado,2022-03-01,1,2548,1034,2021-06-01 00:00:00.000000000
300,Pagado,2024-04-01,1,2548,1034,2023-02-01 00:00:00.000000000
280,Pagado,2024-12-01,1,2548,1034,2024-05-01 00:00:00.000000000
360,Pagado,2025-12-01,1,2548,1034,2025-01-01 00:00:00.000000000
240,Pagado,2003-08-01,1,2548,1035,2002-09-01 00:00:00.000000000
40,Pagado,2003-10-01,1,2548,1035,2003-09-01 00:00:00.000000000
60,Pagado,2004-08-01,1,2548,1035,2004-06-01 00:00:00.000000000
100,Pagado,2005-01-01,1,2548,1035,2004-09-01 00:00:00.000000000
100,Pagado,2005-06-01,1,2548,1035,2005-02-01 00:00:00.000000000
100,Pagado,2005-11-01,1,2548,1035,2005-06-01 00:00:00.000000000
100,Pagado,2006-04-01,1,2548,1035,2005-12-01 00:00:00.000000000
200,Pagado,2007-02-01,1,2548,1035,2006-05-01 00:00:00.000000000
200,Pagado,2008-03-01,1,2548,1035,2007-05-01 00:00:00.000000000
380,Pagado,2009-12-01,1,2548,1035,2008-06-01 00:00:00.000000000
220,Pagado,2010-11-01,1,2548,1035,2010-01-01 00:00:00.000000000
240,Pagado,2011-11-01,1,2548,1035,2010-12-01 00:00:00.000000000
240,Pagado,2012-11-01,1,2548,1035,2011-12-01 00:00:00.000000000
260,Pagado,2013-12-01,1,2548,1035,2012-12-01 00:00:00.000000000
240,Pagado,2014-12-01,1,2548,1035,2014-01-01 00:00:00.000000000
240,Pagado,2015-12-01,1,2548,1035,2015-01-01 00:00:00.000000000
240,Pagado,2016-12-01,1,2548,1035,2016-01-01 00:00:00.000000000
240,Pagado,2017-12-01,1,2548,1035,2017-01-01 00:00:00.000000000
240,Pagado,2018-12-01,1,2548,1035,2018-01-01 00:00:00.000000000
240,Pagado,2019-12-01,1,2548,1035,2019-01-01 00:00:00.000000000
240,Pagado,2020-12-01,1,2548,1035,2020-01-01 00:00:00.000000000
240,Pagado,2021-12-01,1,2548,1035,2021-01-01 00:00:00.000000000
240,Pagado,2022-12-01,1,2548,1035,2022-01-01 00:00:00.000000000
240,Pagado,2023-12-01,1,2548,1035,2023-01-01 00:00:00.000000000
360,Pagado,2024-12-01,1,2548,1035,2024-01-01 00:00:00.000000000
360,Pagado,2025-12-01,1,2548,1035,2025-01-01 00:00:00.000000000
200,Pagado,2003-06-01,1,2548,1036,2002-09-01 00:00:00.000000000
200,Pagado,2003-06-01,1,2548,1037,2002-09-01 00:00:00.000000000
140,Pagado,2004-01-01,1,2548,1037,2003-07-01 00:00:00.000000000
240,Pagado,2005-01-01,1,2548,1037,2004-02-01 00:00:00.000000000
80,Pagado,2002-12-01,1,2548,1038,2002-09-01 00:00:00.000000000
500,Pagado,2005-01-01,1,2548,1038,2003-01-01 00:00:00.000000000
80,Pagado,2002-12-01,1,2548,1039,2002-09-01 00:00:00.000000000
40,Pagado,2003-02-01,1,2548,1039,2003-01-01 00:00:00.000000000
20,Pagado,2002-09-01,1,2548,1040,2002-09-01 00:00:00.000000000
100,Pagado,2003-01-01,1,2548,1041,2002-09-01 00:00:00.000000000
100,Pagado,2003-06-01,1,2548,1041,2003-02-01 00:00:00.000000000
600,Pagado,2005-12-01,1,2548,1041,2003-07-01 00:00:00.000000000
160,Pagado,2003-05-01,1,2548,1042,2002-10-01 00:00:00.000000000
100,Pagado,2003-10-01,1,2548,1042,2003-06-01 00:00:00.000000000
40,Pagado,2003-12-01,1,2548,1042,2003-11-01 00:00:00.000000000
140,Pagado,2004-07-01,1,2548,1042,2004-01-01 00:00:00.000000000
140,Pagado,2005-02-01,1,2548,1042,2004-08-01 00:00:00.000000000
60,Pagado,2005-05-01,1,2548,1042,2005-03-01 00:00:00.000000000
40,Pagado,2005-07-01,1,2548,1042,2005-06-01 00:00:00.000000000
100,Pagado,2005-12-01,1,2548,1042,2005-08-01 00:00:00.000000000
200,Pagado,2007-08-01,1,2548,1042,2006-11-01 00:00:00.000000000
300,Pagado,2008-11-01,1,2548,1042,2007-09-01 00:00:00.000000000
100,Pagado,2009-04-01,1,2548,1042,2008-12-01 00:00:00.000000000
100,Pagado,2009-09-01,1,2548,1042,2009-05-01 00:00:00.000000000
200,Pagado,2010-07-01,1,2548,1042,2009-10-01 00:00:00.000000000
200,Pagado,2011-05-01,1,2548,1042,2010-08-01 00:00:00.000000000
200,Pagado,2012-03-01,1,2548,1042,2011-06-01 00:00:00.000000000
200,Pagado,2013-01-01,1,2548,1042,2012-04-01 00:00:00.000000000
200,Pagado,2013-11-01,1,2548,1042,2013-02-01 00:00:00.000000000
200,Pagado,2014-09-01,1,2548,1042,2016-12-01 00:00:00.000000000
100,Pagado,2016-05-01,1,2548,1042,2016-01-01 00:00:00.000000000
100,Pagado,2016-10-01,1,2548,1042,2016-06-01 00:00:00.000000000
540,Pagado,2016-12-01,1,2548,1042,2014-10-01 00:00:00.000000000
40,Pagado,2017-02-01,1,2548,1042,2017-01-01 00:00:00.000000000
140,Pagado,2017-09-01,1,2548,1042,2017-03-01 00:00:00.000000000
60,Pagado,2017-12-01,1,2548,1042,2017-10-01 00:00:00.000000000
20,Pagado,2018-01-01,1,2548,1042,2018-01-01 00:00:00.000000000
20,Pagado,2018-02-01,1,2548,1042,2018-02-01 00:00:00.000000000
20,Pagado,2018-06-01,1,2548,1042,2018-06-01 00:00:00.000000000
20,Pagado,2018-07-01,1,2548,1042,2018-07-01 00:00:00.000000000
20,Pagado,2018-08-01,1,2548,1042,2018-08-01 00:00:00.000000000
40,Pagado,2018-10-01,1,2548,1042,2018-09-01 00:00:00.000000000
40,Pagado,2018-12-01,1,2548,1042,2018-11-01 00:00:00.000000000
140,Pagado,2019-07-01,1,2548,1042,2019-01-01 00:00:00.000000000
100,Pagado,2019-12-01,1,2548,1042,2019-08-01 00:00:00.000000000
240,Pagado,2020-12-01,1,2548,1042,2020-01-01 00:00:00.000000000
240,Pagado,2021-12-01,1,2548,1042,2021-01-01 00:00:00.000000000
240,Pagado,2022-12-01,1,2548,1042,2022-01-01 00:00:00.000000000
240,Pagado,2023-12-01,1,2548,1042,2023-01-01 00:00:00.000000000
360,Pagado,2024-12-01,1,2548,1042,2024-01-01 00:00:00.000000000
360,Pagado,2025-12-01,1,2548,1042,2025-01-01 00:00:00.000000000
40,Pagado,2002-11-01,1,2548,1045,2002-10-01 00:00:00.000000000
20,Pagado,2002-12-01,1,2548,1045,2002-12-01 00:00:00.000000000
100,Pagado,2003-05-01,1,2548,1045,2003-01-01 00:00:00.000000000
80,Pagado,2003-09-01,1,2548,1045,2003-06-01 00:00:00.000000000
60,Pagado,2003-12-01,1,2548,1045,2003-10-01 00:00:00.000000000
40,Pagado,2004-02-01,1,2548,1045,2004-01-01 00:00:00.000000000
40,Pagado,2004-09-01,1,2548,1045,2004-08-01 00:00:00.000000000
60,Pagado,2004-12-01,1,2548,1045,2004-10-01 00:00:00.000000000
60,Pagado,2005-03-01,1,2548,1045,2005-01-01 00:00:00.000000000
40,Pagado,2005-05-01,1,2548,1045,2005-04-01 00:00:00.000000000
100,Pagado,2005-10-01,1,2548,1045,2005-06-01 00:00:00.000000000
100,Pagado,2006-03-01,1,2548,1045,2005-11-01 00:00:00.000000000
420,Pagado,2007-12-01,1,2548,1045,2006-04-01 00:00:00.000000000
20,Pagado,2008-01-01,1,2548,1045,2008-01-01 00:00:00.000000000
40,Pagado,2008-03-01,1,2548,1045,2008-02-01 00:00:00.000000000
60,Pagado,2008-06-01,1,2548,1045,2008-04-01 00:00:00.000000000
20,Pagado,2008-07-01,1,2548,1045,2008-07-01 00:00:00.000000000
60,Pagado,2008-10-01,1,2548,1045,2008-08-01 00:00:00.000000000
120,Pagado,2009-04-01,1,2548,1045,2008-11-01 00:00:00.000000000
40,Pagado,2009-06-01,1,2548,1045,2009-05-01 00:00:00.000000000
20,Pagado,2009-07-01,1,2548,1045,2009-07-01 00:00:00.000000000
20,Pagado,2009-08-01,1,2548,1045,2009-08-01 00:00:00.000000000
20,Pagado,2009-09-01,1,2548,1045,2009-09-01 00:00:00.000000000
60,Pagado,2009-12-01,1,2548,1045,2009-10-01 00:00:00.000000000
240,Pagado,2010-12-01,1,2548,1045,2010-01-01 00:00:00.000000000
40,Pagado,2011-02-01,1,2548,1045,2011-01-01 00:00:00.000000000
100,Pagado,2011-07-01,1,2548,1045,2011-03-01 00:00:00.000000000
100,Pagado,2011-12-01,1,2548,1045,2011-08-01 00:00:00.000000000
240,Pagado,2012-12-01,1,2548,1045,2012-01-01 00:00:00.000000000
400,Pagado,2004-05-01,1,2548,1046,2002-10-01 00:00:00.000000000
200,Pagado,2005-03-01,1,2548,1046,2004-06-01 00:00:00.000000000
100,Pagado,2003-02-01,1,2548,1048,2002-10-01 00:00:00.000000000
500,Pagado,2004-10-01,1,2548,1050,2002-10-01 00:00:00.000000000
280,Pagado,2005-12-01,1,2548,1050,2004-11-01 00:00:00.000000000
220,Pagado,2006-11-01,1,2548,1050,2006-01-01 00:00:00.000000000
40,Pagado,2007-01-01,1,2548,1050,2006-12-01 00:00:00.000000000
200,Pagado,2007-11-01,1,2548,1050,2007-02-01 00:00:00.000000000
100,Pagado,2008-04-01,1,2548,1050,2007-12-01 00:00:00.000000000
120,Pagado,2008-09-01,1,2548,1050,2008-05-01 00:00:00.000000000
60,Pagado,2008-12-01,1,2548,1050,2008-10-01 00:00:00.000000000
740,Pagado,2005-10-01,1,2548,1051,2002-10-01 00:00:00.000000000
20,Pagado,2002-10-01,1,2548,1052,2002-10-01 00:00:00.000000000
20,Pagado,2002-11-01,1,2548,1053,2002-11-01 00:00:00.000000000
60,Pagado,2003-02-01,1,2548,1053,2002-12-01 00:00:00.000000000
100,Pagado,2003-07-01,1,2548,1053,2003-03-01 00:00:00.000000000
40,Pagado,2003-09-01,1,2548,1053,2003-08-01 00:00:00.000000000
100,Pagado,2004-02-01,1,2548,1053,2003-10-01 00:00:00.000000000
20,Pagado,2004-03-01,1,2548,1053,2004-03-01 00:00:00.000000000
20,Pagado,2004-04-01,1,2548,1053,2004-04-01 00:00:00.000000000
100,Pagado,2004-09-01,1,2548,1053,2004-03-01 00:00:00.000000000
100,Pagado,2005-02-01,1,2548,1053,2004-10-01 00:00:00.000000000
300,Pagado,2006-05-01,1,2548,1053,2005-03-01 00:00:00.000000000
700,Pagado,2009-06-01,1,2548,1053,2006-08-01 00:00:00.000000000
200,Pagado,2010-04-01,1,2548,1053,2009-07-01 00:00:00.000000000
20,Pagado,2002-10-01,1,2548,1054,2002-10-01 00:00:00.000000000
280,Pagado,2003-12-01,1,2548,1054,2002-11-01 00:00:00.000000000
260,Pagado,2005-01-01,1,2548,1054,2004-01-01 00:00:00.000000000
300,Pagado,2006-04-01,1,2548,1054,2005-02-01 00:00:00.000000000
140,Pagado,2003-04-01,1,2548,1055,2002-10-01 00:00:00.000000000
20,Pagado,2004-07-01,1,2548,1058,2004-07-01 00:00:00.000000000
40,Pagado,2004-09-01,1,2548,1058,2004-08-01 00:00:00.000000000
20,Pagado,2004-10-01,1,2548,1058,2004-10-01 00:00:00.000000000
20,Pagado,2004-11-01,1,2548,1058,2004-11-01 00:00:00.000000000
20,Pagado,2004-12-01,1,2548,1058,2004-12-01 00:00:00.000000000
20,Pagado,2005-02-01,1,2548,1058,2005-02-01 00:00:00.000000000
20,Pagado,2005-03-01,1,2548,1058,2005-03-01 00:00:00.000000000
100,Pagado,2005-08-01,1,2548,1058,2005-04-01 00:00:00.000000000
120,Pagado,2006-02-01,1,2548,1058,2005-09-01 00:00:00.000000000
80,Pagado,2006-06-01,1,2548,1058,2006-03-01 00:00:00.000000000
40,Pagado,2006-08-01,1,2548,1058,2006-07-01 00:00:00.000000000
60,Pagado,2006-11-01,1,2548,1058,2006-09-01 00:00:00.000000000
20,Pagado,2006-12-01,1,2548,1058,2006-12-01 00:00:00.000000000
20,Pagado,2007-01-01,1,2548,1058,2007-01-01 00:00:00.000000000
80,Pagado,2007-05-01,1,2548,1058,2007-02-01 00:00:00.000000000
20,Pagado,2007-06-01,1,2548,1058,2007-06-01 00:00:00.000000000
40,Pagado,2007-08-01,1,2548,1058,2007-07-01 00:00:00.000000000
40,Pagado,2007-10-01,1,2548,1058,2007-09-01 00:00:00.000000000
40,Pagado,2007-12-01,1,2548,1058,2007-11-01 00:00:00.000000000
60,Pagado,2008-03-01,1,2548,1058,2008-01-01 00:00:00.000000000
40,Pagado,2008-05-01,1,2548,1058,2008-04-01 00:00:00.000000000
20,Pagado,2008-06-01,1,2548,1058,2008-06-01 00:00:00.000000000
60,Pagado,2008-09-01,1,2548,1058,2008-07-01 00:00:00.000000000
60,Pagado,2008-12-01,1,2548,1058,2008-10-01 00:00:00.000000000
20,Pagado,2009-01-01,1,2548,1058,2009-01-01 00:00:00.000000000
100,Pagado,2009-06-01,1,2548,1058,2009-02-01 00:00:00.000000000
60,Pagado,2009-09-01,1,2548,1058,2009-07-01 00:00:00.000000000
40,Pagado,2009-11-01,1,2548,1058,2009-10-01 00:00:00.000000000
60,Pagado,2010-02-01,1,2548,1058,2009-12-01 00:00:00.000000000
200,Pagado,2010-12-01,1,2548,1058,2010-03-01 00:00:00.000000000
120,Pagado,2011-06-01,1,2548,1058,2011-01-01 00:00:00.000000000
100,Pagado,2011-11-01,1,2548,1058,2011-07-01 00:00:00.000000000
100,Pagado,2012-04-01,1,2548,1058,2011-12-01 00:00:00.000000000
140,Pagado,2012-11-01,1,2548,1058,2012-05-01 00:00:00.000000000
260,Pagado,2013-12-01,1,2548,1058,2012-12-01 00:00:00.000000000
220,Pagado,2014-11-01,1,2548,1058,2014-01-01 00:00:00.000000000
20,Pagado,2014-12-01,1,2548,1058,2014-12-01 00:00:00.000000000
20,Pagado,2015-01-01,1,2548,1058,2015-01-01 00:00:00.000000000
40,Pagado,2015-03-01,1,2548,1058,2015-02-01 00:00:00.000000000
180,Pagado,2016-12-01,1,2548,1058,2016-04-01 00:00:00.000000000
240,Pagado,2017-12-01,1,2548,1058,2017-01-01 00:00:00.000000000
120,Pagado,2018-12-01,1,2548,1058,2018-07-01 00:00:00.000000000
180,Pagado,2019-09-01,1,2548,1058,2019-01-01 00:00:00.000000000
60,Pagado,2019-12-01,1,2548,1058,2019-10-01 00:00:00.000000000
200,Pagado,2020-10-01,1,2548,1058,2020-01-01 00:00:00.000000000
60,Pagado,2021-01-01,1,2548,1058,2020-11-01 00:00:00.000000000
220,Pagado,2021-12-01,1,2548,1058,2021-02-01 00:00:00.000000000
240,Pagado,2022-12-01,1,2548,1058,2022-01-01 00:00:00.000000000
240,Pagado,2023-12-01,1,2548,1058,2023-01-01 00:00:00.000000000
360,Pagado,2024-12-01,1,2548,1058,2024-01-01 00:00:00.000000000
180,Pagado,2025-06-01,1,2548,1058,2025-01-01 00:00:00.000000000
180,Pagado,2025-12-01,1,2548,1058,2025-07-01 00:00:00.000000000
20,Pagado,2002-11-01,1,2548,1060,2002-11-01 00:00:00.000000000
200,Pagado,2003-09-01,1,2548,1060,2002-11-01 00:00:00.000000000
20,Pagado,2003-12-01,1,2548,1060,2003-12-01 00:00:00.000000000
20,Pagado,2004-01-01,1,2548,1060,2004-01-01 00:00:00.000000000
700,Pagado,2006-12-01,1,2548,1060,2004-02-01 00:00:00.000000000
100,Pagado,2007-03-01,1,2548,1060,2007-01-01 00:00:00.000000000
240,Pagado,2008-05-01,1,2548,1060,2007-06-01 00:00:00.000000000
140,Pagado,2008-12-01,1,2548,1060,2008-06-01 00:00:00.000000000
160,Pagado,2004-08-01,1,2548,1061,2004-01-01 00:00:00.000000000
80,Pagado,2004-12-01,1,2548,1061,2004-09-01 00:00:00.000000000
240,Pagado,2005-12-01,1,2548,1061,2005-01-01 00:00:00.000000000
160,Pagado,2006-08-01,1,2548,1061,2006-01-01 00:00:00.000000000
40,Pagado,2003-02-01,1,2548,1062,2002-11-01 00:00:00.000000000
100,Pagado,2003-05-01,1,2548,1063,2002-11-01 00:00:00.000000000
400,Pagado,2007-12-01,1,2548,1063,2006-05-01 00:00:00.000000000
240,Pagado,2008-12-01,1,2548,1063,2008-01-01 00:00:00.000000000
240,Pagado,2009-12-01,1,2548,1063,2009-01-01 00:00:00.000000000
100,Pagado,2010-05-01,1,2548,1063,2010-01-01 00:00:00.000000000
140,Pagado,2010-12-01,1,2548,1063,2010-06-01 00:00:00.000000000
240,Pagado,2011-12-01,1,2548,1063,2011-01-01 00:00:00.000000000
240,Pagado,2012-12-01,1,2548,1063,2012-01-01 00:00:00.000000000
240,Pagado,2013-12-01,1,2548,1063,2013-01-01 00:00:00.000000000
240,Pagado,2014-12-01,1,2548,1063,2014-01-01 00:00:00.000000000
240,Pagado,2015-12-01,1,2548,1063,2015-01-01 00:00:00.000000000
240,Pagado,2016-12-01,1,2548,1063,2016-01-01 00:00:00.000000000
220,Pagado,2017-11-01,1,2548,1063,2017-01-01 00:00:00.000000000
260,Pagado,2018-12-01,1,2548,1063,2017-12-01 00:00:00.000000000
240,Pagado,2019-12-01,1,2548,1063,2019-01-01 00:00:00.000000000
20,Pagado,2020-01-01,1,2548,1063,2020-01-01 00:00:00.000000000
220,Pagado,2020-12-01,1,2548,1063,2020-02-01 00:00:00.000000000
20,Pagado,2021-02-01,1,2548,1063,2021-02-01 00:00:00.000000000
200,Pagado,2021-12-01,1,2548,1063,2021-03-01 00:00:00.000000000
240,Pagado,2022-12-01,1,2548,1063,2022-01-01 00:00:00.000000000
240,Pagado,2023-12-01,1,2548,1063,2023-01-01 00:00:00.000000000
360,Pagado,2024-12-01,1,2548,1063,2024-01-01 00:00:00.000000000
360,Pagado,2025-12-01,1,2548,1063,2025-01-01 00:00:00.000000000
240,Pagado,2009-10-01,1,2548,1064,2008-11-01 00:00:00.000000000
500,Pagado,2011-11-01,1,2548,1064,2009-11-01 00:00:00.000000000
100,Pagado,2012-04-01,1,2548,1064,2011-12-01 00:00:00.000000000
360,Pagado,2013-10-01,1,2548,1064,2012-05-01 00:00:00.000000000
600,Pagado,2016-04-01,1,2548,1064,2013-11-01 00:00:00.000000000
160,Pagado,2016-12-01,1,2548,1064,2016-05-01 00:00:00.000000000
200,Pagado,2017-10-01,1,2548,1064,2017-01-01 00:00:00.000000000
260,Pagado,2018-11-01,1,2548,1064,2017-11-01 00:00:00.000000000
100,Pagado,2019-04-01,1,2548,1064,2018-12-01 00:00:00.000000000
400,Pagado,2020-12-01,1,2548,1064,2019-05-01 00:00:00.000000000
240,Pagado,2021-12-01,1,2548,1064,2021-01-01 00:00:00.000000000
180,Pagado,2022-09-01,1,2548,1064,2022-01-01 00:00:00.000000000
60,Pagado,2022-12-01,1,2548,1064,2022-10-01 00:00:00.000000000
240,Pagado,2023-12-01,1,2548,1064,2023-01-01 00:00:00.000000000
360,Pagado,2024-12-01,1,2548,1064,2024-01-01 00:00:00.000000000
360,Pagado,2025-12-01,1,2548,1064,2025-01-01 00:00:00.000000000
280,Pagado,2003-12-01,1,2548,1065,2002-11-01 00:00:00.000000000
20,Pagado,2002-11-01,1,2548,1066,2002-11-01 00:00:00.000000000
20,Pagado,2002-12-01,1,2548,1066,2002-12-01 00:00:00.000000000
20,Pagado,2003-01-01,1,2548,1066,2003-01-01 00:00:00.000000000
40,Pagado,2003-03-01,1,2548,1066,2003-02-01 00:00:00.000000000
100,Pagado,2003-08-01,1,2548,1066,2003-04-01 00:00:00.000000000
40,Pagado,2003-10-01,1,2548,1066,2003-09-01 00:00:00.000000000
40,Pagado,2003-12-01,1,2548,1066,2003-11-01 00:00:00.000000000
60,Pagado,2004-03-01,1,2548,1066,2004-01-01 00:00:00.000000000
120,Pagado,2004-09-01,1,2548,1066,2004-04-01 00:00:00.000000000
80,Pagado,2005-01-01,1,2548,1066,2004-10-01 00:00:00.000000000
20,Pagado,2005-02-01,1,2548,1066,2005-02-01 00:00:00.000000000
140,Pagado,2005-09-01,1,2548,1066,2005-03-01 00:00:00.000000000
500,Pagado,2006-12-01,1,2548,1066,2005-10-01 00:00:00.000000000
480,Pagado,2008-12-01,1,2548,1066,2007-01-01 00:00:00.000000000
500,Pagado,2011-01-01,1,2548,1066,2009-01-01 00:00:00.000000000
1900,Pagado,2018-12-01,1,2548,1066,2011-02-01 00:00:00.000000000
1180,Pagado,2023-11-01,1,2548,1066,2019-01-01 00:00:00.000000000
20,Pagado,2023-12-01,1,2548,1066,2023-12-01 00:00:00.000000000
360,Pagado,2024-12-01,1,2548,1066,2024-01-01 00:00:00.000000000
200,Pagado,2003-11-01,1,2548,1067,2003-02-01 00:00:00.000000000
60,Pagado,2004-02-01,1,2548,1067,2003-12-01 00:00:00.000000000
80,Pagado,2004-06-01,1,2548,1067,2004-03-01 00:00:00.000000000
100,Pagado,2004-11-01,1,2548,1067,2004-07-01 00:00:00.000000000
340,Pagado,2006-04-01,1,2548,1067,2004-12-01 00:00:00.000000000
20,Pagado,2006-05-01,1,2548,1067,2006-05-01 00:00:00.000000000
120,Pagado,2003-05-01,1,2548,1069,2002-12-01 00:00:00.000000000
200,Pagado,2004-04-01,1,2548,1069,2003-07-01 00:00:00.000000000
240,Pagado,2003-11-01,1,2548,1070,2002-12-01 00:00:00.000000000
280,Pagado,2005-01-01,1,2548,1070,2003-12-01 00:00:00.000000000
220,Pagado,2005-12-01,1,2548,1070,2005-02-01 00:00:00.000000000
240,Pagado,2006-12-01,1,2548,1070,2006-01-01 00:00:00.000000000
240,Pagado,2007-12-01,1,2548,1070,2007-01-01 00:00:00.000000000
120,Pagado,2008-06-01,1,2548,1070,2008-01-01 00:00:00.000000000
700,Pagado,2011-05-01,1,2548,1070,2008-07-01 00:00:00.000000000
300,Pagado,2012-08-01,1,2548,1070,2011-06-01 00:00:00.000000000
1220,Pagado,2022-09-01,1,2548,1070,2017-09-01 00:00:00.000000000
60,Pagado,2022-12-01,1,2548,1070,2022-10-01 00:00:00.000000000
240,Pagado,2023-12-01,1,2548,1070,2023-01-01 00:00:00.000000000
360,Pagado,2024-12-01,1,2548,1070,2024-01-01 00:00:00.000000000
360,Pagado,2025-12-01,1,2548,1070,2025-01-01 00:00:00.000000000
1220,Pagado,2008-01-01,1,2548,1071,2002-12-01 00:00:00.000000000
20,Pagado,2002-12-01,1,2548,1072,2002-12-01 00:00:00.000000000
60,Pagado,2003-03-01,1,2548,1072,2003-01-01 00:00:00.000000000
120,Pagado,2004-06-01,1,2548,1072,2004-01-01 00:00:00.000000000
60,Pagado,2004-09-01,1,2548,1072,2004-07-01 00:00:00.000000000
60,Pagado,2004-12-01,1,2548,1072,2004-10-01 00:00:00.000000000
260,Pagado,2006-01-01,1,2548,1072,2005-01-01 00:00:00.000000000
320,Pagado,2007-05-01,1,2548,1072,2006-02-01 00:00:00.000000000
100,Pagado,2007-10-01,1,2548,1072,2007-06-01 00:00:00.000000000
140,Pagado,2008-05-01,1,2548,1072,2007-11-01 00:00:00.000000000
140,Pagado,2008-12-01,1,2548,1072,2008-06-01 00:00:00.000000000
100,Pagado,2003-04-01,1,2548,1073,2002-12-01 00:00:00.000000000
800,Pagado,2006-08-01,1,2548,1073,2003-03-01 00:00:00.000000000
100,Pagado,2004-04-01,1,2548,1074,2003-12-01 00:00:00.000000000
120,Pagado,2005-07-01,1,2548,1074,2005-02-01 00:00:00.000000000
300,Pagado,2009-01-01,1,2548,1074,2007-11-01 00:00:00.000000000
200,Pagado,2010-12-01,1,2548,1074,2010-03-01 00:00:00.000000000
400,Pagado,2003-12-01,1,2548,1075,2002-05-01 00:00:00.000000000
120,Pagado,2004-06-01,1,2548,1075,2004-01-01 00:00:00.000000000
400,Pagado,2006-02-01,1,2548,1075,2004-07-01 00:00:00.000000000
300,Pagado,2009-01-01,1,2548,1075,2007-11-01 00:00:00.000000000
100,Pagado,2023-12-01,1,2548,1076,2023-08-01 00:00:00.000000000
120,Pagado,2024-04-01,1,2548,1076,2024-01-01 00:00:00.000000000
120,Pagado,2024-08-01,1,2548,1076,2024-05-01 00:00:00.000000000
120,Pagado,2024-12-01,1,2548,1076,2024-09-01 00:00:00.000000000
360,Pagado,2025-12-01,1,2548,1076,2025-01-01 00:00:00.000000000
280,Pagado,2009-12-01,1,2548,1077,2008-11-01 00:00:00.000000000
240,Pagado,2010-12-01,1,2548,1077,2010-01-01 00:00:00.000000000
240,Pagado,2011-12-01,1,2548,1077,2011-01-01 00:00:00.000000000
300,Pagado,2013-03-01,1,2548,1077,2012-01-01 00:00:00.000000000
100,Pagado,2013-08-01,1,2548,1077,2013-04-01 00:00:00.000000000
320,Pagado,2014-12-01,1,2548,1077,2013-09-01 00:00:00.000000000
200,Pagado,2015-10-01,1,2548,1077,2015-01-01 00:00:00.000000000
40,Pagado,2015-12-01,1,2548,1077,2015-11-01 00:00:00.000000000
60,Pagado,2017-09-01,1,2548,1077,2017-07-01 00:00:00.000000000
460,Pagado,2017-11-01,1,2548,1077,2016-01-01 00:00:00.000000000
140,Pagado,2018-06-01,1,2548,1077,2017-12-01 00:00:00.000000000
100,Pagado,2019-05-01,1,2548,1077,2019-01-01 00:00:00.000000000
360,Pagado,2019-12-01,1,2548,1077,2018-07-01 00:00:00.000000000
60,Pagado,2019-12-01,1,2548,1077,2018-10-01 00:00:00.000000000
100,Pagado,2020-05-01,1,2548,1077,2020-01-01 00:00:00.000000000
140,Pagado,2020-12-01,1,2548,1077,2020-06-01 00:00:00.000000000
240,Pagado,2021-12-01,1,2548,1077,2021-01-01 00:00:00.000000000
200,Pagado,2022-10-01,1,2548,1077,2022-01-01 00:00:00.000000000
40,Pagado,2022-12-01,1,2548,1077,2022-11-01 00:00:00.000000000
220,Pagado,2023-11-01,1,2548,1077,2023-01-01 00:00:00.000000000
20,Pagado,2023-12-01,1,2548,1077,2023-12-01 00:00:00.000000000
360,Pagado,2024-12-01,1,2548,1077,2024-01-01 00:00:00.000000000
360,Pagado,2025-12-01,1,2548,1077,2025-01-01 00:00:00.000000000
160,Pagado,2003-08-01,1,2548,1078,2003-01-01 00:00:00.000000000
160,Pagado,2004-04-01,1,2548,1078,2003-09-01 00:00:00.000000000
1000,Pagado,2008-06-01,1,2548,1078,2004-05-01 00:00:00.000000000
1920,Pagado,2010-12-01,1,2548,1079,2003-01-01 00:00:00.000000000
500,Pagado,2013-01-01,1,2548,1079,2011-01-01 00:00:00.000000000
1000,Pagado,2017-03-01,1,2548,1079,2013-02-01 00:00:00.000000000
600,Pagado,2019-09-01,1,2548,1079,2017-04-01 00:00:00.000000000
600,Pagado,2022-03-01,1,2548,1079,2019-10-01 00:00:00.000000000
300,Pagado,2023-06-01,1,2548,1079,2022-04-01 00:00:00.000000000
120,Pagado,2023-12-01,1,2548,1079,2023-07-01 00:00:00.000000000
360,Pagado,2024-12-01,1,2548,1079,2024-01-01 00:00:00.000000000
360,Pagado,2025-12-01,1,2548,1079,2025-01-01 00:00:00.000000000
40,Pagado,2003-02-01,1,2548,1080,2003-01-01 00:00:00.000000000
20,Pagado,2003-03-01,1,2548,1080,2003-03-01 00:00:00.000000000
20,Pagado,2003-04-01,1,2548,1080,2003-04-01 00:00:00.000000000
20,Pagado,2003-05-01,1,2548,1080,2003-05-01 00:00:00.000000000
80,Pagado,2003-09-01,1,2548,1080,2003-06-01 00:00:00.000000000
40,Pagado,2003-11-01,1,2548,1080,2003-10-01 00:00:00.000000000
200,Pagado,2005-02-01,1,2548,1080,2004-05-01 00:00:00.000000000
160,Pagado,2005-10-01,1,2548,1080,2005-03-01 00:00:00.000000000
100,Pagado,2006-03-01,1,2548,1080,2005-11-01 00:00:00.000000000
60,Pagado,2006-06-01,1,2548,1080,2006-04-01 00:00:00.000000000
100,Pagado,2006-11-01,1,2548,1080,2006-07-01 00:00:00.000000000
100,Pagado,2007-04-01,1,2548,1080,2006-12-01 00:00:00.000000000
40,Pagado,2007-06-01,1,2548,1080,2007-05-01 00:00:00.000000000
60,Pagado,2007-09-01,1,2548,1080,2007-07-01 00:00:00.000000000
60,Pagado,2007-12-01,1,2548,1080,2007-10-01 00:00:00.000000000
100,Pagado,2008-05-01,1,2548,1080,2008-01-01 00:00:00.000000000
100,Pagado,2008-10-01,1,2548,1080,2008-06-01 00:00:00.000000000
40,Pagado,2008-12-01,1,2548,1080,2008-11-01 00:00:00.000000000
200,Pagado,2009-10-01,1,2548,1080,2009-01-01 00:00:00.000000000
40,Pagado,2009-12-01,1,2548,1080,2009-11-01 00:00:00.000000000
240,Pagado,2010-12-01,1,2548,1080,2010-01-01 00:00:00.000000000
240,Pagado,2011-12-01,1,2548,1080,2011-01-01 00:00:00.000000000
240,Pagado,2012-12-01,1,2548,1080,2012-01-01 00:00:00.000000000
240,Pagado,2013-12-01,1,2548,1080,2013-01-01 00:00:00.000000000
240,Pagado,2014-12-01,1,2548,1080,2014-01-01 00:00:00.000000000
200,Pagado,2015-10-01,1,2548,1080,2015-01-01 00:00:00.000000000
280,Pagado,2016-12-01,1,2548,1080,2015-11-01 00:00:00.000000000
240,Pagado,2017-12-01,1,2548,1080,2017-01-01 00:00:00.000000000
240,Pagado,2018-12-01,1,2548,1080,2018-01-01 00:00:00.000000000
200,Pagado,2003-11-01,1,2548,1081,2003-02-01 00:00:00.000000000
240,Pagado,2004-11-01,1,2548,1081,2003-12-01 00:00:00.000000000
40,Pagado,2005-01-01,1,2548,1081,2004-12-01 00:00:00.000000000
320,Pagado,2006-05-01,1,2548,1081,2005-02-01 00:00:00.000000000
400,Pagado,2010-07-01,1,2548,1081,2008-11-01 00:00:00.000000000
100,Pagado,2010-11-01,1,2548,1081,2010-07-01 00:00:00.000000000
40,Pagado,2011-01-01,1,2548,1081,2010-12-01 00:00:00.000000000
360,Pagado,2012-07-01,1,2548,1081,2011-02-01 00:00:00.000000000
200,Pagado,2013-05-01,1,2548,1081,2012-08-01 00:00:00.000000000
300,Pagado,2014-08-01,1,2548,1081,2013-06-01 00:00:00.000000000
240,Pagado,2015-08-01,1,2548,1081,2014-09-01 00:00:00.000000000
740,Pagado,2018-09-01,1,2548,1081,2015-09-01 00:00:00.000000000
60,Pagado,2018-12-01,1,2548,1081,2018-10-01 00:00:00.000000000
240,Pagado,2019-12-01,1,2548,1081,2019-01-01 00:00:00.000000000
240,Pagado,2020-12-01,1,2548,1081,2020-01-01 00:00:00.000000000
240,Pagado,2021-12-01,1,2548,1081,2021-01-01 00:00:00.000000000
240,Pagado,2022-12-01,1,2548,1081,2022-01-01 00:00:00.000000000
200,Pagado,2023-10-01,1,2548,1081,2023-01-01 00:00:00.000000000
40,Pagado,2023-12-01,1,2548,1081,2023-11-01 00:00:00.000000000
360,Pagado,2024-12-01,1,2548,1081,2024-01-01 00:00:00.000000000
360,Pagado,2025-12-01,1,2548,1081,2025-01-01 00:00:00.000000000
180,Pagado,2003-09-01,1,2548,1083,2003-01-01 00:00:00.000000000
400,Pagado,2005-05-01,1,2548,1083,2003-10-01 00:00:00.000000000
500,Pagado,2007-06-01,1,2548,1083,2005-06-01 00:00:00.000000000
160,Pagado,2008-02-01,1,2548,1083,2007-07-01 00:00:00.000000000
20,Pagado,2008-03-01,1,2548,1083,2008-03-01 00:00:00.000000000
20,Pagado,2008-04-01,1,2548,1083,2008-04-01 00:00:00.000000000
240,Pagado,2009-03-01,1,2548,1083,2008-05-01 00:00:00.000000000
300,Pagado,2010-06-01,1,2548,1083,2009-04-01 00:00:00.000000000
200,Pagado,2011-04-01,1,2548,1083,2010-07-01 00:00:00.000000000
1340,Pagado,2018-12-01,1,2548,1083,2013-06-01 00:00:00.000000000
1220,Pagado,2008-02-01,1,2548,1084,2003-02-01 00:00:00.000000000
720,Pagado,2011-02-01,1,2548,1084,2008-03-01 00:00:00.000000000
100,Pagado,2003-05-01,1,2548,1085,2003-01-01 00:00:00.000000000
200,Pagado,2004-03-01,1,2548,1085,2003-06-01 00:00:00.000000000
200,Pagado,2005-01-01,1,2548,1085,2004-04-01 00:00:00.000000000
100,Pagado,2007-02-01,1,2548,1085,2006-10-01 00:00:00.000000000
40,Pagado,2007-04-01,1,2548,1085,2007-03-01 00:00:00.000000000
160,Pagado,2007-12-01,1,2548,1085,2007-05-01 00:00:00.000000000
500,Pagado,2005-02-01,1,2548,1087,2003-02-01 00:00:00.000000000
40,Pagado,2003-03-01,1,2548,1090,2003-02-01 00:00:00.000000000
40,Pagado,2003-05-01,1,2548,1090,2003-04-01 00:00:00.000000000
40,Pagado,2003-07-01,1,2548,1090,2003-06-01 00:00:00.000000000
40,Pagado,2003-09-01,1,2548,1090,2003-08-01 00:00:00.000000000
40,Pagado,2003-11-01,1,2548,1090,2003-10-01 00:00:00.000000000
40,Pagado,2004-01-01,1,2548,1090,2003-12-01 00:00:00.000000000
200,Pagado,2004-10-01,1,2548,1090,2004-01-01 00:00:00.000000000
200,Pagado,2005-08-01,1,2548,1090,2004-11-01 00:00:00.000000000
20,Pagado,2003-02-01,1,2548,1091,2003-02-01 00:00:00.000000000
100,Pagado,2003-07-01,1,2548,1091,2003-03-01 00:00:00.000000000
40,Pagado,2003-09-01,1,2548,1091,2003-08-01 00:00:00.000000000
40,Pagado,2003-11-01,1,2548,1091,2003-10-01 00:00:00.000000000
20,Pagado,2003-12-01,1,2548,1091,2003-12-01 00:00:00.000000000
40,Pagado,2006-02-01,1,2548,1091,2006-01-01 00:00:00.000000000
100,Pagado,2006-07-01,1,2548,1091,2006-03-01 00:00:00.000000000
100,Pagado,2006-12-01,1,2548,1091,2006-08-01 00:00:00.000000000
40,Pagado,2007-02-01,1,2548,1091,2007-01-01 00:00:00.000000000
160,Pagado,2007-10-01,1,2548,1091,2007-03-01 00:00:00.000000000
40,Pagado,2007-12-01,1,2548,1091,2007-11-01 00:00:00.000000000
40,Pagado,2008-02-01,1,2548,1091,2008-01-01 00:00:00.000000000
20,Pagado,2008-03-01,1,2548,1091,2008-03-01 00:00:00.000000000
240,Pagado,2009-03-01,1,2548,1091,2008-04-01 00:00:00.000000000
280,Pagado,2010-05-01,1,2548,1091,2009-04-01 00:00:00.000000000
1000,Pagado,2014-07-01,1,2548,1091,2010-06-01 00:00:00.000000000
1320,Pagado,2020-01-01,1,2548,1091,2014-08-01 00:00:00.000000000
220,Pagado,2020-12-01,1,2548,1091,2020-02-01 00:00:00.000000000
40,Pagado,2021-02-01,1,2548,1091,2021-01-01 00:00:00.000000000
40,Pagado,2021-04-01,1,2548,1091,2021-03-01 00:00:00.000000000
100,Pagado,2021-09-01,1,2548,1091,2021-05-01 00:00:00.000000000
240,Pagado,2022-09-01,1,2548,1091,2021-10-01 00:00:00.000000000
20,Pagado,2022-10-01,1,2548,1091,2022-10-01 00:00:00.000000000
40,Pagado,2022-12-01,1,2548,1091,2022-11-01 00:00:00.000000000
40,Pagado,2023-02-01,1,2548,1091,2023-01-01 00:00:00.000000000
20,Pagado,2023-03-01,1,2548,1091,2023-03-01 00:00:00.000000000
20,Pagado,2023-04-01,1,2548,1091,2023-04-01 00:00:00.000000000
20,Pagado,2023-05-01,1,2548,1091,2023-05-01 00:00:00.000000000
100,Pagado,2023-10-01,1,2548,1091,2023-06-01 00:00:00.000000000
60,Pagado,2024-01-01,1,2548,1091,2023-11-01 00:00:00.000000000
30,Pagado,2024-06-01,1,2548,1091,2024-06-01 00:00:00.000000000
60,Pagado,2024-08-01,1,2548,1091,2024-07-01 00:00:00.000000000
140,Pagado,2025-12-01,1,2548,1091,2025-08-01 00:00:00.000000000
120,Pagado,2003-07-01,1,2548,1092,2003-02-01 00:00:00.000000000
120,Pagado,2004-01-01,1,2548,1092,2003-08-01 00:00:00.000000000
240,Pagado,2005-01-01,1,2548,1092,2004-02-01 00:00:00.000000000
20,Pagado,2005-02-01,1,2548,1092,2005-02-01 00:00:00.000000000
60,Pagado,2005-05-01,1,2548,1092,2005-03-01 00:00:00.000000000
260,Pagado,2006-03-01,1,2548,1092,2005-03-01 00:00:00.000000000
440,Pagado,2007-04-01,1,2548,1092,2005-07-01 00:00:00.000000000
500,Pagado,2009-05-01,1,2548,1092,2007-05-01 00:00:00.000000000
1040,Pagado,2013-09-01,1,2548,1092,2009-06-01 00:00:00.000000000
1200,Pagado,2018-09-01,1,2548,1092,2013-10-01 00:00:00.000000000
500,Pagado,2020-10-01,1,2548,1092,2018-10-01 00:00:00.000000000
700,Pagado,2006-01-01,1,2548,1093,2003-03-01 00:00:00.000000000
20,Pagado,2003-02-01,1,2548,1094,2003-02-01 00:00:00.000000000
100,Pagado,2003-06-01,1,2548,1094,2003-02-01 00:00:00.000000000
80,Pagado,2003-11-01,1,2548,1094,2003-08-01 00:00:00.000000000
100,Pagado,2004-09-01,1,2548,1094,2004-03-01 00:00:00.000000000
100,Pagado,2005-02-01,1,2548,1094,2004-10-01 00:00:00.000000000
60,Pagado,2005-05-01,1,2548,1094,2005-03-01 00:00:00.000000000
40,Pagado,2005-07-01,1,2548,1094,2005-06-01 00:00:00.000000000
320,Pagado,2006-11-01,1,2548,1094,2005-08-01 00:00:00.000000000
200,Pagado,2007-09-01,1,2548,1094,2006-12-01 00:00:00.000000000
60,Pagado,2007-12-01,1,2548,1094,2007-10-01 00:00:00.000000000
160,Pagado,2008-08-01,1,2548,1094,2008-01-01 00:00:00.000000000
60,Pagado,2008-11-01,1,2548,1094,2008-09-01 00:00:00.000000000
80,Pagado,2009-03-01,1,2548,1094,2008-12-01 00:00:00.000000000
180,Pagado,2009-12-01,1,2548,1094,2009-04-01 00:00:00.000000000
240,Pagado,2010-12-01,1,2548,1094,2010-01-01 00:00:00.000000000
20,Pagado,2011-01-01,1,2548,1094,2011-01-01 00:00:00.000000000
20,Pagado,2011-02-01,1,2548,1094,2011-02-01 00:00:00.000000000
60,Pagado,2011-05-01,1,2548,1094,2011-03-01 00:00:00.000000000
40,Pagado,2011-07-01,1,2548,1094,2011-06-01 00:00:00.000000000
100,Pagado,2011-12-01,1,2548,1094,2011-08-01 00:00:00.000000000
60,Pagado,2012-03-01,1,2548,1094,2012-01-01 00:00:00.000000000
40,Pagado,2012-05-01,1,2548,1094,2012-04-01 00:00:00.000000000
20,Pagado,2012-06-01,1,2548,1094,2012-06-01 00:00:00.000000000
40,Pagado,2012-08-01,1,2548,1094,2012-07-01 00:00:00.000000000
80,Pagado,2012-12-01,1,2548,1094,2012-09-01 00:00:00.000000000
40,Pagado,2013-02-01,1,2548,1094,2013-01-01 00:00:00.000000000
20,Pagado,2013-03-01,1,2548,1094,2013-03-01 00:00:00.000000000
20,Pagado,2013-04-01,1,2548,1094,2013-04-01 00:00:00.000000000
40,Pagado,2013-06-01,1,2548,1094,2013-05-01 00:00:00.000000000
40,Pagado,2013-08-01,1,2548,1094,2013-07-01 00:00:00.000000000
40,Pagado,2013-10-01,1,2548,1094,2013-09-01 00:00:00.000000000
40,Pagado,2013-12-01,1,2548,1094,2013-11-01 00:00:00.000000000
40,Pagado,2014-02-01,1,2548,1094,2014-01-01 00:00:00.000000000
60,Pagado,2014-05-01,1,2548,1094,2014-03-01 00:00:00.000000000
20,Pagado,2014-06-01,1,2548,1094,2014-06-01 00:00:00.000000000
20,Pagado,2014-07-01,1,2548,1094,2014-07-01 00:00:00.000000000
60,Pagado,2014-10-01,1,2548,1094,2014-08-01 00:00:00.000000000
40,Pagado,2014-12-01,1,2548,1094,2014-11-01 00:00:00.000000000
20,Pagado,2015-01-01,1,2548,1094,2015-01-01 00:00:00.000000000
20,Pagado,2015-02-01,1,2548,1094,2015-02-01 00:00:00.000000000
20,Pagado,2015-03-01,1,2548,1094,2015-03-01 00:00:00.000000000
40,Pagado,2015-12-01,1,2548,1094,2015-11-01 00:00:00.000000000
60,Pagado,2016-03-01,1,2548,1094,2016-01-01 00:00:00.000000000
40,Pagado,2016-05-01,1,2548,1094,2016-04-01 00:00:00.000000000
120,Pagado,2016-11-01,1,2548,1094,2016-06-01 00:00:00.000000000
20,Pagado,2016-12-01,1,2548,1094,2016-12-01 00:00:00.000000000
20,Pagado,2017-01-01,1,2548,1094,2017-01-01 00:00:00.000000000
20,Pagado,2017-02-01,1,2548,1094,2017-02-01 00:00:00.000000000
20,Pagado,2017-03-01,1,2548,1094,2017-03-01 00:00:00.000000000
40,Pagado,2017-05-01,1,2548,1094,2017-04-01 00:00:00.000000000
20,Pagado,2017-06-01,1,2548,1094,2017-06-01 00:00:00.000000000
100,Pagado,2017-11-01,1,2548,1094,2017-07-01 00:00:00.000000000
60,Pagado,2018-02-01,1,2548,1094,2017-12-01 00:00:00.000000000
200,Pagado,2018-12-01,1,2548,1094,2018-03-01 00:00:00.000000000
40,Pagado,2019-02-01,1,2548,1094,2019-01-01 00:00:00.000000000
40,Pagado,2019-04-01,1,2548,1094,2019-03-01 00:00:00.000000000
160,Pagado,2019-12-01,1,2548,1094,2019-05-01 00:00:00.000000000
40,Pagado,2020-02-01,1,2548,1094,2020-01-01 00:00:00.000000000
80,Pagado,2020-06-01,1,2548,1094,2020-03-01 00:00:00.000000000
120,Pagado,2020-12-01,1,2548,1094,2020-07-01 00:00:00.000000000
100,Pagado,2021-05-01,1,2548,1094,2021-01-01 00:00:00.000000000
100,Pagado,2021-10-01,1,2548,1094,2021-06-01 00:00:00.000000000
40,Pagado,2021-12-01,1,2548,1094,2021-11-01 00:00:00.000000000
100,Pagado,2022-05-01,1,2548,1094,2022-01-01 00:00:00.000000000
40,Pagado,2022-12-01,1,2548,1094,2022-11-01 00:00:00.000000000
100,Pagado,2023-05-01,1,2548,1094,2023-01-01 00:00:00.000000000
140,Pagado,2023-12-01,1,2548,1094,2023-06-01 00:00:00.000000000
30,Pagado,2024-01-01,1,2548,1094,2024-01-01 00:00:00.000000000
90,Pagado,2024-04-01,1,2548,1094,2024-02-01 00:00:00.000000000
60,Pagado,2024-06-01,1,2548,1094,2024-05-01 00:00:00.000000000
120,Pagado,2024-10-30,1,2548,1094,2024-07-01 00:00:00.000000000
60,Pagado,2024-12-01,1,2548,1094,2024-11-01 00:00:00.000000000
300,Pagado,2025-10-01,1,2548,1094,2025-01-01 00:00:00.000000000
60,Pagado,2025-12-01,1,2548,1094,2025-11-01 00:00:00.000000000
40,Pagado,2003-03-01,1,2548,1095,2003-02-01 00:00:00.000000000
140,Pagado,2003-07-01,1,2548,1095,2003-01-01 00:00:00.000000000
500,Pagado,2009-11-01,1,2548,1095,2007-11-01 00:00:00.000000000
120,Pagado,2003-08-01,1,2548,1096,2003-03-01 00:00:00.000000000
100,Pagado,2004-01-01,1,2548,1096,2003-09-01 00:00:00.000000000
100,Pagado,2004-06-01,1,2548,1096,2004-02-01 00:00:00.000000000
240,Pagado,2005-06-01,1,2548,1096,2004-07-01 00:00:00.000000000
200,Pagado,2003-12-01,1,2548,1098,2003-03-01 00:00:00.000000000
140,Pagado,2003-09-01,1,2548,1099,2003-03-01 00:00:00.000000000
20,Pagado,2003-12-01,1,2548,1099,2003-12-01 00:00:00.000000000
20,Pagado,2004-01-01,1,2548,1099,2004-01-01 00:00:00.000000000
740,Pagado,2006-05-01,1,2548,1100,2005-05-01 00:00:00.000000000
20,Pagado,2003-03-01,1,2548,1102,2003-03-01 00:00:00.000000000
40,Pagado,2003-05-01,1,2548,1102,2003-04-01 00:00:00.000000000
40,Pagado,2003-11-01,1,2548,1103,2003-10-01 00:00:00.000000000
40,Pagado,2004-01-01,1,2548,1103,2003-12-01 00:00:00.000000000
120,Pagado,2003-02-01,1,2548,1104,2003-08-01 00:00:00.000000000
500,Pagado,2005-04-01,1,2548,1104,2003-04-01 00:00:00.000000000
200,Pagado,2006-02-01,1,2548,1104,2005-05-01 00:00:00.000000000
210,Pagado,2024-12-01,1,2548,1104,2024-06-01 00:00:00.000000000
360,Pagado,2025-12-01,1,2548,1104,2025-01-01 00:00:00.000000000
60,Pagado,2003-05-01,1,2548,1105,2003-03-01 00:00:00.000000000
100,Pagado,2003-10-01,1,2548,1105,2003-06-01 00:00:00.000000000
600,Pagado,2006-06-01,1,2548,1105,2004-01-01 00:00:00.000000000
200,Pagado,2007-04-01,1,2548,1105,2006-06-01 00:00:00.000000000
240,Pagado,2008-04-01,1,2548,1105,2007-05-01 00:00:00.000000000
100,Pagado,2008-09-01,1,2548,1105,2008-05-01 00:00:00.000000000
300,Pagado,2009-12-01,1,2548,1105,2008-10-01 00:00:00.000000000
100,Pagado,2010-05-01,1,2548,1105,2010-01-01 00:00:00.000000000
200,Pagado,2011-03-01,1,2548,1105,2010-06-01 00:00:00.000000000
1300,Pagado,2016-08-01,1,2548,1105,2011-04-01 00:00:00.000000000
820,Pagado,2020-01-01,1,2548,1105,2016-09-01 00:00:00.000000000
220,Pagado,2020-12-01,1,2548,1105,2020-02-01 00:00:00.000000000
40,Pagado,2021-02-01,1,2548,1105,2021-01-01 00:00:00.000000000
100,Pagado,2021-07-01,1,2548,1105,2021-03-01 00:00:00.000000000
240,Pagado,2021-12-01,1,2548,1105,2021-08-01 00:00:00.000000000
220,Pagado,2022-11-01,1,2548,1105,2022-01-01 00:00:00.000000000
40,Pagado,2023-01-01,1,2548,1105,2022-12-01 00:00:00.000000000
160,Pagado,2023-09-01,1,2548,1105,2023-02-01 00:00:00.000000000
40,Pagado,2023-11-01,1,2548,1105,2023-10-01 00:00:00.000000000
60,Pagado,2024-02-01,1,2548,1105,2024-01-01 00:00:00.000000000
30,Pagado,2024-03-01,1,2548,1105,2024-03-01 00:00:00.000000000
90,Pagado,2024-06-01,1,2548,1105,2024-04-01 00:00:00.000000000
180,Pagado,2024-12-01,1,2548,1105,2024-07-01 00:00:00.000000000
160,Pagado,2025-12-01,1,2548,1105,2025-07-01 00:00:00.000000000
300,Pagado,2026-10-01,1,2548,1105,2026-01-01 00:00:00.000000000
200,Pagado,2003-12-01,1,2548,1106,2003-03-01 00:00:00.000000000
200,Pagado,2008-08-01,1,2548,1108,2007-11-01 00:00:00.000000000
500,Pagado,2010-09-01,1,2548,1108,2008-09-01 00:00:00.000000000
700,Pagado,2013-08-01,1,2548,1108,2010-10-01 00:00:00.000000000
1500,Pagado,2019-11-01,1,2548,1108,2013-09-01 00:00:00.000000000
500,Pagado,2021-12-01,1,2548,1108,2019-12-01 00:00:00.000000000
240,Pagado,2022-12-01,1,2548,1108,2022-01-01 00:00:00.000000000
360,Pagado,2024-12-01,1,2548,1108,2024-01-01 00:00:00.000000000
325,Pagado,2025-10-01,1,2548,1108,2025-01-01 00:00:00.000000000
220,Pagado,2004-02-01,1,2548,1109,2003-04-01 00:00:00.000000000
160,Pagado,2003-11-01,1,2548,1110,2003-04-01 00:00:00.000000000
20,Pagado,2004-01-01,1,2548,1110,2004-01-01 00:00:00.000000000
60,Pagado,2004-12-01,1,2548,1110,2004-10-01 00:00:00.000000000
100,Pagado,2003-08-01,1,2548,1112,2003-04-01 00:00:00.000000000
80,Pagado,2003-12-01,1,2548,1112,2003-09-01 00:00:00.000000000
380,Pagado,2006-08-01,1,2548,1112,2005-02-01 00:00:00.000000000
1200,Pagado,2008-12-01,1,2548,1112,2004-01-01 00:00:00.000000000
200,Pagado,2004-01-01,1,2548,1113,2003-04-01 00:00:00.000000000
20,Pagado,2004-08-01,1,2548,1113,2004-08-01 00:00:00.000000000
60,Pagado,2005-01-01,1,2548,1113,2004-11-01 00:00:00.000000000
140,Pagado,2005-08-01,1,2548,1113,2005-02-01 00:00:00.000000000
400,Pagado,2007-04-01,1,2548,1113,2005-09-01 00:00:00.000000000
160,Pagado,2007-12-01,1,2548,1113,2007-05-01 00:00:00.000000000
140,Pagado,2008-07-01,1,2548,1113,2008-01-01 00:00:00.000000000
300,Pagado,2009-10-01,1,2548,1113,2008-08-01 00:00:00.000000000
500,Pagado,2011-11-01,1,2548,1113,2009-11-01 00:00:00.000000000
100,Pagado,2012-04-01,1,2548,1113,2011-12-01 00:00:00.000000000
200,Pagado,2013-02-01,1,2548,1113,2012-05-01 00:00:00.000000000
180,Pagado,2003-12-01,1,2548,1114,2003-04-01 00:00:00.000000000
80,Pagado,2005-02-01,1,2548,1114,2004-11-01 00:00:00.000000000
200,Pagado,2005-12-01,1,2548,1114,2005-03-01 00:00:00.000000000
700,Pagado,2004-05-01,1,2548,1115,2003-06-01 00:00:00.000000000
40,Pagado,2003-05-01,1,2548,1117,2003-04-01 00:00:00.000000000
20,Pagado,2008-12-01,1,2548,1117,2008-12-01 00:00:00.000000000
40,Pagado,2009-02-01,1,2548,1117,2009-01-01 00:00:00.000000000
40,Pagado,2009-04-01,1,2548,1117,2009-03-01 00:00:00.000000000
100,Pagado,2009-09-01,1,2548,1117,2009-05-01 00:00:00.000000000
40,Pagado,2009-11-01,1,2548,1117,2009-10-01 00:00:00.000000000
240,Pagado,2010-12-01,1,2548,1117,2010-12-01 00:00:00.000000000
120,Pagado,2011-05-01,1,2548,1117,2010-12-01 00:00:00.000000000
100,Pagado,2011-10-01,1,2548,1117,2011-06-01 00:00:00.000000000
40,Pagado,2011-12-01,1,2548,1117,2011-11-01 00:00:00.000000000
60,Pagado,2012-03-01,1,2548,1117,2012-01-01 00:00:00.000000000
80,Pagado,2003-07-01,1,2548,1118,2003-04-01 00:00:00.000000000
20,Pagado,2003-08-01,1,2548,1118,2003-08-01 00:00:00.000000000
20,Pagado,2003-11-01,1,2548,1118,2003-11-01 00:00:00.000000000
60,Pagado,2003-11-01,1,2548,1118,2003-09-01 00:00:00.000000000
20,Pagado,2003-12-01,1,2548,1118,2003-12-01 00:00:00.000000000
20,Pagado,2004-01-01,1,2548,1118,2004-01-01 00:00:00.000000000
40,Pagado,2004-08-01,1,2548,1118,2004-07-01 00:00:00.000000000
20,Pagado,2004-09-01,1,2548,1118,2004-09-01 00:00:00.000000000
640,Pagado,2007-08-01,1,2548,1118,2005-01-01 00:00:00.000000000
60,Pagado,2003-06-01,1,2548,1119,2003-04-01 00:00:00.000000000
120,Pagado,2003-12-01,1,2548,1119,2003-07-01 00:00:00.000000000
240,Pagado,2004-12-01,1,2548,1119,2004-01-01 00:00:00.000000000
20,Pagado,2005-01-01,1,2548,1119,2005-01-01 00:00:00.000000000
60,Pagado,2006-11-01,1,2548,1119,2006-09-01 00:00:00.000000000
520,Pagado,2005-05-01,1,2548,1121,2003-04-01 00:00:00.000000000
240,Pagado,2006-05-01,1,2548,1121,2005-06-01 00:00:00.000000000
120,Pagado,2003-09-01,1,2548,1122,2003-04-01 00:00:00.000000000
20,Pagado,2003-10-01,1,2548,1122,2003-10-01 00:00:00.000000000
2420,Pagado,2013-11-01,1,2548,1122,2003-11-01 00:00:00.000000000
100,Pagado,2014-04-01,1,2548,1122,2013-12-01 00:00:00.000000000
100,Pagado,2014-09-01,1,2548,1122,2014-05-01 00:00:00.000000000
60,Pagado,2014-12-01,1,2548,1122,2014-10-01 00:00:00.000000000
200,Pagado,2015-10-01,1,2548,1122,2015-01-01 00:00:00.000000000
280,Pagado,2016-12-01,1,2548,1122,2015-11-01 00:00:00.000000000
220,Pagado,2017-11-01,1,2548,1122,2017-01-01 00:00:00.000000000
240,Pagado,2018-11-01,1,2548,1122,2017-12-01 00:00:00.000000000
260,Pagado,2019-12-01,1,2548,1122,2018-12-01 00:00:00.000000000
240,Pagado,2020-12-01,1,2548,1122,2020-01-01 00:00:00.000000000
240,Pagado,2021-12-01,1,2548,1122,2021-01-01 00:00:00.000000000
200,Pagado,2022-10-01,1,2548,1122,2022-01-01 00:00:00.000000000
220,Pagado,2022-11-01,1,2548,1122,2023-01-01 00:00:00.000000000
40,Pagado,2022-12-01,1,2548,1122,2022-11-01 00:00:00.000000000
20,Pagado,2023-12-01,1,2548,1122,2023-12-01 00:00:00.000000000
360,Pagado,2024-12-01,1,2548,1122,2024-01-01 00:00:00.000000000
140,Pagado,2003-10-01,1,2548,1123,2003-04-01 00:00:00.000000000
100,Pagado,2003-08-01,1,2548,1124,2003-04-01 00:00:00.000000000
120,Pagado,2004-02-01,1,2548,1124,2003-09-01 00:00:00.000000000
60,Pagado,2004-05-01,1,2548,1124,2004-03-01 00:00:00.000000000
50,Pagado,2003-08-01,1,2548,1125,2003-04-01 00:00:00.000000000
200,Pagado,2004-01-01,1,2548,1126,2004-04-01 00:00:00.000000000
500,Pagado,2006-02-01,1,2548,1126,2004-02-01 00:00:00.000000000
500,Pagado,2008-03-01,1,2548,1126,2006-03-01 00:00:00.000000000
600,Pagado,2010-09-01,1,2548,1126,2008-04-01 00:00:00.000000000
1500,Pagado,2014-06-01,1,2548,1126,2008-04-01 00:00:00.000000000
240,Pagado,2015-06-01,1,2548,1126,2014-07-01 00:00:00.000000000
800,Pagado,2018-10-01,1,2548,1126,2015-07-01 00:00:00.000000000
520,Pagado,2020-12-01,1,2548,1126,2018-11-01 00:00:00.000000000
240,Pagado,2021-12-01,1,2548,1126,2021-01-01 00:00:00.000000000
240,Pagado,2022-12-01,1,2548,1126,2022-01-01 00:00:00.000000000
60,Pagado,2023-12-01,1,2548,1126,2023-10-01 00:00:00.000000000
360,Pagado,2024-12-01,1,2548,1126,2024-01-01 00:00:00.000000000
360,Pagado,2025-12-01,1,2548,1126,2025-01-01 00:00:00.000000000
200,Pagado,2004-01-01,1,2548,1127,2003-04-01 00:00:00.000000000
200,Pagado,2004-11-01,1,2548,1127,2004-02-01 00:00:00.000000000
20,Pagado,2004-12-01,1,2548,1127,2004-12-01 00:00:00.000000000
80,Pagado,2005-04-01,1,2548,1127,2005-01-01 00:00:00.000000000
60,Pagado,2005-07-01,1,2548,1127,2005-05-01 00:00:00.000000000
200,Pagado,2006-05-01,1,2548,1127,2005-08-01 00:00:00.000000000
600,Pagado,2008-11-01,1,2548,1127,2006-06-01 00:00:00.000000000
480,Pagado,2010-11-01,1,2548,1127,2008-12-01 00:00:00.000000000
400,Pagado,2004-12-01,1,2548,1128,2003-05-01 00:00:00.000000000
500,Pagado,2007-01-01,1,2548,1128,2005-01-01 00:00:00.000000000
1000,Pagado,2011-03-01,1,2548,1128,2007-02-01 00:00:00.000000000
1500,Pagado,2017-06-01,1,2548,1128,2011-04-01 00:00:00.000000000
1000,Pagado,2021-08-01,1,2548,1128,2017-07-01 00:00:00.000000000
520,Pagado,2023-11-01,1,2548,1128,2021-09-01 00:00:00.000000000
20,Pagado,2023-12-01,1,2548,1128,2023-12-01 00:00:00.000000000
360,Pagado,2024-12-01,1,2548,1128,2024-01-01 00:00:00.000000000
360,Pagado,2025-12-01,1,2548,1128,2025-01-01 00:00:00.000000000
60,Pagado,2003-07-01,1,2548,1131,2003-05-01 00:00:00.000000000
100,Pagado,2003-12-01,1,2548,1131,2003-08-01 00:00:00.000000000
100,Pagado,2004-05-01,1,2548,1131,2004-01-01 00:00:00.000000000
360,Pagado,2005-11-01,1,2548,1131,2004-06-01 00:00:00.000000000
100,Pagado,2006-09-01,1,2548,1131,2006-05-01 00:00:00.000000000
420,Pagado,2008-06-01,1,2548,1131,2006-10-01 00:00:00.000000000
160,Pagado,2009-02-01,1,2548,1131,2008-07-01 00:00:00.000000000
40,Pagado,2003-06-01,1,2548,1132,2003-05-01 00:00:00.000000000
180,Pagado,2004-03-01,1,2548,1132,2003-07-01 00:00:00.000000000
160,Pagado,2004-11-01,1,2548,1132,2004-04-01 00:00:00.000000000
40,Pagado,2005-01-01,1,2548,1132,2004-12-01 00:00:00.000000000
260,Pagado,2006-02-01,1,2548,1132,2005-02-01 00:00:00.000000000
40,Pagado,2006-04-01,1,2548,1132,2006-03-01 00:00:00.000000000
40,Pagado,2006-06-01,1,2548,1132,2006-05-01 00:00:00.000000000
40,Pagado,2006-06-01,1,2548,1132,2006-05-01 00:00:00.000000000
40,Pagado,2006-08-01,1,2548,1132,2006-07-01 00:00:00.000000000
220,Pagado,2008-01-01,1,2548,1132,2007-03-01 00:00:00.000000000
20,Pagado,2008-02-01,1,2548,1132,2008-02-01 00:00:00.000000000
980,Pagado,2007-05-01,1,2548,1133,2003-05-01 00:00:00.000000000
20,Pagado,2003-05-01,1,2548,1135,2003-05-01 00:00:00.000000000
120,Pagado,2003-11-01,1,2548,1135,2003-06-01 00:00:00.000000000
60,Pagado,2004-02-01,1,2548,1135,2003-12-01 00:00:00.000000000
20,Pagado,2004-05-01,1,2548,1135,2004-05-01 00:00:00.000000000
100,Pagado,2004-10-01,1,2548,1135,2004-06-01 00:00:00.000000000
60,Pagado,2005-01-01,1,2548,1135,2004-11-01 00:00:00.000000000
160,Pagado,2003-12-01,1,2548,1136,2003-05-01 00:00:00.000000000
140,Pagado,2004-11-01,1,2548,1136,2004-04-01 00:00:00.000000000
60,Pagado,2005-01-01,1,2548,1136,2004-11-01 00:00:00.000000000
100,Pagado,2005-06-01,1,2548,1136,2005-02-01 00:00:00.000000000
100,Pagado,2005-11-01,1,2548,1136,2005-07-01 00:00:00.000000000
400,Pagado,2007-07-01,1,2548,1136,2005-12-01 00:00:00.000000000
100,Pagado,2007-12-01,1,2548,1136,2007-08-01 00:00:00.000000000
60,Pagado,2008-03-01,1,2548,1136,2008-01-01 00:00:00.000000000
40,Pagado,2008-05-01,1,2548,1136,2008-04-01 00:00:00.000000000
20,Pagado,2008-06-01,1,2548,1136,2008-06-01 00:00:00.000000000
60,Pagado,2008-09-01,1,2548,1136,2008-07-01 00:00:00.000000000
60,Pagado,2008-12-01,1,2548,1136,2008-10-01 00:00:00.000000000
40,Pagado,2009-02-01,1,2548,1136,2009-01-01 00:00:00.000000000
100,Pagado,2009-09-01,1,2548,1136,2009-05-01 00:00:00.000000000
300,Pagado,2010-12-01,1,2548,1136,2009-10-01 00:00:00.000000000
40,Pagado,2011-04-01,1,2548,1136,2011-03-01 00:00:00.000000000
60,Pagado,2011-07-01,1,2548,1136,2011-05-01 00:00:00.000000000
100,Pagado,2011-12-01,1,2548,1136,2011-08-01 00:00:00.000000000
700,Pagado,2014-11-01,1,2548,1136,2012-01-01 00:00:00.000000000
260,Pagado,2015-12-01,1,2548,1136,2014-12-01 00:00:00.000000000
240,Pagado,2016-12-01,1,2548,1136,2016-01-01 00:00:00.000000000
220,Pagado,2017-11-01,1,2548,1136,2017-01-01 00:00:00.000000000
40,Pagado,2018-12-01,1,2548,1136,2018-11-01 00:00:00.000000000
200,Pagado,2019-10-01,1,2548,1136,2019-01-01 00:00:00.000000000
240,Pagado,2021-12-01,1,2548,1136,2021-01-01 00:00:00.000000000
240,Pagado,2022-12-01,1,2548,1136,2022-01-01 00:00:00.000000000
200,Pagado,2023-10-01,1,2548,1136,2023-01-01 00:00:00.000000000
40,Pagado,2023-12-01,1,2548,1136,2023-11-01 00:00:00.000000000
360,Pagado,2024-12-01,1,2548,1136,2024-01-01 00:00:00.000000000
360,Pagado,2025-12-01,1,2548,1136,2025-01-01 00:00:00.000000000
220,Pagado,2108-10-01,1,2548,1136,2017-12-01 00:00:00.000000000
100,Pagado,2003-09-01,1,2548,1137,2003-05-01 00:00:00.000000000
20,Pagado,2003-05-01,1,2548,1138,2003-05-01 00:00:00.000000000
200,Pagado,2004-04-01,1,2548,1138,2003-07-01 00:00:00.000000000
200,Pagado,2005-02-01,1,2548,1138,2004-05-01 00:00:00.000000000
200,Pagado,2005-12-01,1,2548,1138,2005-03-01 00:00:00.000000000
240,Pagado,2006-12-01,1,2548,1138,2006-01-01 00:00:00.000000000
40,Pagado,2007-02-01,1,2548,1138,2007-01-01 00:00:00.000000000
40,Pagado,2007-04-01,1,2548,1138,2007-03-01 00:00:00.000000000
20,Pagado,2007-05-01,1,2548,1138,2007-05-01 00:00:00.000000000
160,Pagado,2003-12-01,1,2548,1141,2003-05-01 00:00:00.000000000
180,Pagado,2004-09-01,1,2548,1141,2004-01-01 00:00:00.000000000
20,Pagado,2004-10-01,1,2548,1141,2004-10-01 00:00:00.000000000
1000,Pagado,2008-12-01,1,2548,1141,2004-11-01 00:00:00.000000000
220,Pagado,2009-11-01,1,2548,1141,2009-01-01 00:00:00.000000000
480,Pagado,2011-11-01,1,2548,1141,2009-12-01 00:00:00.000000000
260,Pagado,2012-12-01,1,2548,1141,2011-12-01 00:00:00.000000000
240,Pagado,2013-12-01,1,2548,1141,2013-01-01 00:00:00.000000000
240,Pagado,2014-12-01,1,2548,1141,2014-01-01 00:00:00.000000000
240,Pagado,2015-12-01,1,2548,1141,2015-01-01 00:00:00.000000000
240,Pagado,2016-12-01,1,2548,1141,2016-01-01 00:00:00.000000000
240,Pagado,2017-12-01,1,2548,1141,2017-01-01 00:00:00.000000000
180,Pagado,2018-09-01,1,2548,1141,2018-01-01 00:00:00.000000000
60,Pagado,2018-12-01,1,2548,1141,2018-10-01 00:00:00.000000000
240,Pagado,2019-12-01,1,2548,1141,2019-01-01 00:00:00.000000000
240,Pagado,2020-12-01,1,2548,1141,2020-01-01 00:00:00.000000000
240,Pagado,2022-12-01,1,2548,1141,2022-01-01 00:00:00.000000000
240,Pagado,2023-12-01,1,2548,1141,2023-01-01 00:00:00.000000000
360,Pagado,2024-12-01,1,2548,1141,2024-01-01 00:00:00.000000000
360,Pagado,2025-12-01,1,2548,1141,2025-01-01 00:00:00.000000000
100,Pagado,2003-09-01,1,2548,1142,2003-05-01 00:00:00.000000000
80,Pagado,2004-01-01,1,2548,1142,2003-10-01 00:00:00.000000000
120,Pagado,2004-06-01,1,2548,1142,2004-01-01 00:00:00.000000000
200,Pagado,2005-04-01,1,2548,1142,2004-07-01 00:00:00.000000000
100,Pagado,2006-02-01,1,2548,1142,2005-10-01 00:00:00.000000000
140,Pagado,2006-09-01,1,2548,1142,2006-03-01 00:00:00.000000000
100,Pagado,2007-02-01,1,2548,1142,2006-10-01 00:00:00.000000000
160,Pagado,2007-09-01,1,2548,1142,2007-03-01 00:00:00.000000000
20,Pagado,2007-10-01,1,2548,1142,2007-10-01 00:00:00.000000000
240,Pagado,2008-10-01,1,2548,1142,2007-11-01 00:00:00.000000000
240,Pagado,2009-11-01,1,2548,1142,2008-12-01 00:00:00.000000000
240,Pagado,2010-11-01,1,2548,1142,2009-12-01 00:00:00.000000000
240,Pagado,2011-11-01,1,2548,1142,2010-12-01 00:00:00.000000000
240,Pagado,2012-11-01,1,2548,1142,2011-12-01 00:00:00.000000000
240,Pagado,2013-11-01,1,2548,1142,2012-12-01 00:00:00.000000000
500,Pagado,2015-12-01,1,2548,1142,2013-12-01 00:00:00.000000000
240,Pagado,2016-12-01,1,2548,1142,2016-01-01 00:00:00.000000000
240,Pagado,2017-12-01,1,2548,1142,2017-01-01 00:00:00.000000000
240,Pagado,2018-12-01,1,2548,1142,2018-01-01 00:00:00.000000000
1760,Pagado,2010-09-01,1,2548,1143,2003-06-01 00:00:00.000000000
100,Pagado,2004-10-01,1,2548,1144,2004-06-01 00:00:00.000000000
160,Pagado,2005-06-01,1,2548,1144,2004-11-01 00:00:00.000000000
1000,Pagado,2009-08-01,1,2548,1144,2005-07-01 00:00:00.000000000
1000,Pagado,2013-10-01,1,2548,1144,2009-09-01 00:00:00.000000000
1000,Pagado,2017-12-01,1,2548,1144,2013-11-01 00:00:00.000000000
960,Pagado,2021-12-01,1,2548,1144,2018-01-01 00:00:00.000000000
240,Pagado,2022-12-01,1,2548,1144,2022-01-01 00:00:00.000000000
240,Pagado,2023-12-01,1,2548,1144,2023-01-01 00:00:00.000000000
90,Pagado,2024-03-01,1,2548,1144,2024-01-01 00:00:00.000000000
270,Pagado,2024-12-01,1,2548,1144,2024-04-01 00:00:00.000000000
360,Pagado,2025-12-01,1,2548,1144,2025-01-01 00:00:00.000000000
40,Pagado,2003-06-01,1,2548,1145,2003-05-01 00:00:00.000000000
20,Pagado,2003-07-01,1,2548,1145,2003-07-01 00:00:00.000000000
40,Pagado,2003-09-01,1,2548,1145,2003-08-01 00:00:00.000000000
40,Pagado,2003-06-01,1,2548,1146,2003-05-01 00:00:00.000000000
140,Pagado,2004-01-01,1,2548,1146,2003-07-01 00:00:00.000000000
40,Pagado,2003-06-01,1,2548,1147,2003-05-01 00:00:00.000000000
20,Pagado,2003-05-01,1,2548,1148,2003-05-01 00:00:00.000000000
60,Pagado,2003-08-01,1,2548,1148,2003-06-01 00:00:00.000000000
20,Pagado,2003-09-01,1,2548,1148,2003-09-01 00:00:00.000000000
20,Pagado,2003-10-01,1,2548,1148,2003-10-01 00:00:00.000000000
20,Pagado,2003-11-01,1,2548,1148,2003-11-01 00:00:00.000000000
20,Pagado,2003-12-01,1,2548,1148,2003-12-01 00:00:00.000000000
120,Pagado,2004-06-01,1,2548,1148,2004-01-01 00:00:00.000000000
20,Pagado,2004-07-01,1,2548,1148,2004-07-01 00:00:00.000000000
20,Pagado,2004-08-01,1,2548,1148,2004-08-01 00:00:00.000000000
20,Pagado,2004-09-01,1,2548,1148,2004-09-01 00:00:00.000000000
20,Pagado,2005-03-01,1,2548,1148,2005-03-01 00:00:00.000000000
100,Pagado,2005-08-01,1,2548,1148,2005-04-01 00:00:00.000000000
100,Pagado,2006-01-01,1,2548,1148,2005-09-01 00:00:00.000000000
160,Pagado,2006-09-01,1,2548,1148,2006-02-01 00:00:00.000000000
100,Pagado,2003-09-01,1,2548,1149,2003-05-01 00:00:00.000000000
80,Pagado,2004-01-01,1,2548,1149,2003-10-01 00:00:00.000000000
20,Pagado,2004-06-01,1,2548,1149,2004-06-01 00:00:00.000000000
20,Pagado,2004-07-01,1,2548,1149,2004-07-01 00:00:00.000000000
120,Pagado,2005-03-01,1,2548,1149,2004-10-01 00:00:00.000000000
220,Pagado,2006-05-01,1,2548,1149,2005-04-01 00:00:00.000000000
520,Pagado,2008-10-01,1,2548,1149,2006-09-01 00:00:00.000000000
380,Pagado,2010-05-01,1,2548,1149,2008-11-01 00:00:00.000000000
140,Pagado,2010-12-01,1,2548,1149,2010-06-01 00:00:00.000000000
220,Pagado,2011-11-01,1,2548,1149,2011-01-01 00:00:00.000000000
260,Pagado,2012-12-01,1,2548,1149,2011-12-01 00:00:00.000000000
220,Pagado,2013-11-01,1,2548,1149,2013-01-01 00:00:00.000000000
100,Pagado,2014-04-01,1,2548,1149,2013-12-01 00:00:00.000000000
160,Pagado,2014-12-01,1,2548,1149,2014-05-01 00:00:00.000000000
500,Pagado,2017-01-01,1,2548,1149,2015-01-01 00:00:00.000000000
400,Pagado,2018-09-01,1,2548,1149,2017-02-01 00:00:00.000000000
280,Pagado,2019-11-01,1,2548,1149,2018-10-01 00:00:00.000000000
100,Pagado,2020-05-01,1,2548,1149,2020-01-01 00:00:00.000000000
140,Pagado,2020-12-01,1,2548,1149,2020-06-01 00:00:00.000000000
240,Pagado,2021-12-01,1,2548,1149,2021-01-01 00:00:00.000000000
240,Pagado,2022-12-01,1,2548,1149,2022-01-01 00:00:00.000000000
240,Pagado,2023-12-01,1,2548,1149,2023-01-01 00:00:00.000000000
360,Pagado,2024-12-01,1,2548,1149,2024-01-01 00:00:00.000000000
360,Pagado,2025-12-01,1,2548,1149,2025-01-01 00:00:00.000000000
140,Pagado,2003-11-01,1,2548,1150,2003-05-01 00:00:00.000000000
300,Pagado,2005-09-01,1,2548,1150,2004-07-01 00:00:00.000000000
100,Pagado,2006-02-01,1,2548,1150,2005-10-01 00:00:00.000000000
300,Pagado,2007-05-01,1,2548,1150,2006-03-01 00:00:00.000000000
100,Pagado,2007-10-01,1,2548,1150,2007-06-01 00:00:00.000000000
20,Pagado,2008-10-01,1,2548,1150,2008-11-01 00:00:00.000000000
40,Pagado,2008-12-01,1,2548,1150,2008-11-01 00:00:00.000000000
100,Pagado,2003-09-01,1,2548,1151,2003-05-01 00:00:00.000000000
100,Pagado,2004-02-01,1,2548,1151,2003-10-01 00:00:00.000000000
20,Pagado,2001-09-01,1,2548,1152,2001-09-01 00:00:00.000000000
100,Pagado,2003-09-01,1,2548,1152,2003-05-01 00:00:00.000000000
100,Pagado,2004-02-01,1,2548,1152,2003-10-01 00:00:00.000000000
100,Pagado,2004-07-01,1,2548,1152,2004-03-01 00:00:00.000000000
220,Pagado,2005-06-01,1,2548,1152,2004-08-01 00:00:00.000000000
20,Pagado,2005-07-01,1,2548,1152,2005-07-01 00:00:00.000000000
20,Pagado,2005-08-01,1,2548,1152,2005-08-01 00:00:00.000000000
20,Pagado,2005-09-01,1,2548,1152,2005-09-01 00:00:00.000000000
20,Pagado,2005-10-01,1,2548,1152,2005-10-01 00:00:00.000000000
260,Pagado,2006-11-01,1,2548,1152,2005-11-01 00:00:00.000000000
100,Pagado,2007-01-01,1,2548,1152,2006-12-01 00:00:00.000000000
60,Pagado,2007-07-01,1,2548,1152,2007-05-01 00:00:00.000000000
20,Pagado,2007-08-01,1,2548,1152,2007-08-01 00:00:00.000000000
180,Pagado,2008-06-01,1,2548,1152,2007-10-01 00:00:00.000000000
100,Pagado,2008-11-01,1,2548,1152,2008-07-01 00:00:00.000000000
80,Pagado,2003-09-01,1,2548,1153,2003-06-01 00:00:00.000000000
60,Pagado,2004-03-01,1,2548,1153,2004-01-01 00:00:00.000000000
100,Pagado,2004-08-01,1,2548,1153,2004-04-01 00:00:00.000000000
100,Pagado,2005-01-01,1,2548,1153,2004-09-01 00:00:00.000000000
20,Pagado,2005-02-01,1,2548,1153,2005-02-01 00:00:00.000000000
160,Pagado,2005-10-01,1,2548,1153,2005-03-01 00:00:00.000000000
100,Pagado,2006-03-01,1,2548,1153,2005-11-01 00:00:00.000000000
100,Pagado,2008-03-01,1,2548,1153,2007-11-01 00:00:00.000000000
160,Pagado,2009-12-01,1,2548,1153,2009-05-01 00:00:00.000000000
180,Pagado,2010-09-01,1,2548,1153,2010-01-01 00:00:00.000000000
60,Pagado,2010-12-01,1,2548,1153,2010-10-01 00:00:00.000000000
20,Pagado,2010-12-01,1,2548,1153,2010-12-01 00:00:00.000000000
20,Pagado,2011-01-01,1,2548,1153,2010-12-01 00:00:00.000000000
60,Pagado,2011-03-01,1,2548,1153,2011-01-01 00:00:00.000000000
40,Pagado,2011-05-01,1,2548,1153,2011-04-01 00:00:00.000000000
140,Pagado,2011-12-01,1,2548,1153,2011-06-01 00:00:00.000000000
100,Pagado,2012-05-01,1,2548,1153,2012-01-01 00:00:00.000000000
140,Pagado,2012-12-01,1,2548,1153,2012-06-01 00:00:00.000000000
40,Pagado,2013-02-01,1,2548,1153,2013-01-01 00:00:00.000000000
60,Pagado,2013-05-01,1,2548,1153,2013-03-01 00:00:00.000000000
120,Pagado,2013-11-01,1,2548,1153,2013-06-01 00:00:00.000000000
260,Pagado,2014-12-01,1,2548,1153,2013-12-01 00:00:00.000000000
220,Pagado,2015-11-01,1,2548,1153,2015-01-01 00:00:00.000000000
260,Pagado,2016-12-01,1,2548,1153,2015-12-01 00:00:00.000000000
220,Pagado,2017-11-01,1,2548,1153,2017-01-01 00:00:00.000000000
40,Pagado,2018-01-01,1,2548,1153,2017-12-01 00:00:00.000000000
40,Pagado,2018-03-01,1,2548,1153,2018-02-01 00:00:00.000000000
20,Pagado,2018-04-01,1,2548,1153,2018-04-01 00:00:00.000000000
160,Pagado,2018-11-01,1,2548,1153,2018-04-01 00:00:00.000000000
240,Pagado,2019-11-01,1,2548,1153,2018-12-01 00:00:00.000000000
260,Pagado,2020-12-01,1,2548,1153,2019-12-01 00:00:00.000000000
240,Pagado,2021-12-01,1,2548,1153,2021-01-01 00:00:00.000000000
240,Pagado,2022-12-01,1,2548,1153,2022-01-01 00:00:00.000000000
240,Pagado,2023-12-01,1,2548,1153,2023-01-01 00:00:00.000000000
360,Pagado,2024-12-01,1,2548,1153,2024-01-01 00:00:00.000000000
360,Pagado,2025-12-01,1,2548,1153,2025-01-01 00:00:00.000000000
60,Pagado,2003-08-01,1,2548,1154,2003-06-01 00:00:00.000000000
40,Pagado,2004-06-01,1,2548,1154,2004-05-01 00:00:00.000000000
40,Pagado,2004-08-01,1,2548,1154,2004-07-01 00:00:00.000000000
20,Pagado,2004-09-01,1,2548,1154,2004-09-01 00:00:00.000000000
20,Pagado,2004-10-01,1,2548,1154,2004-10-01 00:00:00.000000000
40,Pagado,2004-12-01,1,2548,1154,2004-11-01 00:00:00.000000000
40,Pagado,2005-02-01,1,2548,1154,2005-01-01 00:00:00.000000000
40,Pagado,2005-04-01,1,2548,1154,2005-03-01 00:00:00.000000000
40,Pagado,2005-06-01,1,2548,1154,2005-03-01 00:00:00.000000000
300,Pagado,2006-09-01,1,2548,1154,2005-07-01 00:00:00.000000000
300,Pagado,2007-12-01,1,2548,1154,2006-10-01 00:00:00.000000000
40,Pagado,2008-02-01,1,2548,1154,2008-01-01 00:00:00.000000000
200,Pagado,2008-07-01,1,2548,1154,2008-03-01 00:00:00.000000000
1900,Pagado,2016-06-01,1,2548,1154,2008-08-01 00:00:00.000000000
500,Pagado,2018-07-01,1,2548,1154,2016-07-01 00:00:00.000000000
100,Pagado,2018-12-01,1,2548,1154,2018-08-01 00:00:00.000000000
200,Pagado,2019-10-01,1,2548,1154,2019-01-01 00:00:00.000000000
200,Pagado,2020-08-01,1,2548,1154,2019-11-01 00:00:00.000000000
20,Pagado,2003-06-01,1,2548,1155,2003-06-01 00:00:00.000000000
20,Pagado,2003-07-01,1,2548,1155,2003-07-01 00:00:00.000000000
100,Pagado,2003-12-01,1,2548,1155,2002-08-01 00:00:00.000000000
40,Pagado,2004-02-01,1,2548,1155,2004-01-01 00:00:00.000000000
60,Pagado,2004-06-01,1,2548,1155,2004-04-01 00:00:00.000000000
100,Pagado,2004-11-01,1,2548,1155,2004-07-01 00:00:00.000000000
20,Pagado,2004-12-01,1,2548,1155,2004-12-01 00:00:00.000000000
20,Pagado,2005-02-01,1,2548,1155,2005-02-01 00:00:00.000000000
20,Pagado,2005-03-01,1,2548,1155,2005-03-01 00:00:00.000000000
20,Pagado,2005-04-01,1,2548,1155,2005-04-01 00:00:00.000000000
20,Pagado,2005-05-01,1,2548,1155,2005-05-01 00:00:00.000000000
20,Pagado,2005-06-01,1,2548,1155,2005-06-01 00:00:00.000000000
20,Pagado,2005-07-01,1,2548,1155,2005-07-01 00:00:00.000000000
40,Pagado,2005-09-01,1,2548,1155,2005-08-01 00:00:00.000000000
160,Pagado,2006-05-01,1,2548,1155,2005-10-01 00:00:00.000000000
140,Pagado,2006-12-01,1,2548,1155,2006-06-01 00:00:00.000000000
20,Pagado,2007-01-01,1,2548,1155,2007-01-01 00:00:00.000000000
20,Pagado,2007-02-01,1,2548,1155,2007-02-01 00:00:00.000000000
20,Pagado,2007-03-01,1,2548,1155,2007-03-01 00:00:00.000000000
40,Pagado,2007-05-01,1,2548,1155,2007-04-01 00:00:00.000000000
40,Pagado,2007-07-01,1,2548,1155,2007-06-01 00:00:00.000000000
20,Pagado,2007-08-01,1,2548,1155,2007-08-01 00:00:00.000000000
40,Pagado,2007-10-01,1,2548,1155,2007-09-01 00:00:00.000000000
20,Pagado,2008-01-01,1,2548,1155,2007-11-01 00:00:00.000000000
40,Pagado,2008-06-01,1,2548,1155,2008-05-01 00:00:00.000000000
20,Pagado,2008-07-01,1,2548,1155,2008-07-01 00:00:00.000000000
20,Pagado,2008-08-01,1,2548,1155,2008-08-01 00:00:00.000000000
40,Pagado,2008-10-01,1,2548,1155,2008-09-01 00:00:00.000000000
1000,Pagado,2012-12-01,1,2548,1155,2008-11-01 00:00:00.000000000
500,Pagado,2015-01-01,1,2548,1155,2013-01-01 00:00:00.000000000
400,Pagado,2016-09-01,1,2548,1155,2015-02-01 00:00:00.000000000
100,Pagado,2017-03-01,1,2548,1155,2016-11-01 00:00:00.000000000
20,Pagado,2003-06-01,1,2548,1156,2003-06-01 00:00:00.000000000
60,Pagado,2003-09-01,1,2548,1156,2003-07-01 00:00:00.000000000
20,Pagado,2004-03-01,1,2548,1156,2004-03-01 00:00:00.000000000
20,Pagado,2004-04-01,1,2548,1156,2004-04-01 00:00:00.000000000
20,Pagado,2004-05-01,1,2548,1156,2004-05-01 00:00:00.000000000
20,Pagado,2004-06-01,1,2548,1156,2004-06-01 00:00:00.000000000
20,Pagado,2004-07-01,1,2548,1156,2004-07-01 00:00:00.000000000
1040,Pagado,2008-11-01,1,2548,1156,2004-08-01 00:00:00.000000000
520,Pagado,2011-01-01,1,2548,1156,2008-12-01 00:00:00.000000000
200,Pagado,2011-11-01,1,2548,1156,2011-02-01 00:00:00.000000000
240,Pagado,2012-11-01,1,2548,1156,2011-12-01 00:00:00.000000000
260,Pagado,2013-12-01,1,2548,1156,2012-12-01 00:00:00.000000000
240,Pagado,2014-12-01,1,2548,1156,2014-01-01 00:00:00.000000000
240,Pagado,2015-12-01,1,2548,1156,2015-01-01 00:00:00.000000000
240,Pagado,2016-12-01,1,2548,1156,2016-01-01 00:00:00.000000000
240,Pagado,2017-12-01,1,2548,1156,2017-01-01 00:00:00.000000000
240,Pagado,2018-12-01,1,2548,1156,2018-01-01 00:00:00.000000000
240,Pagado,2019-12-01,1,2548,1156,2019-01-01 00:00:00.000000000
240,Pagado,2020-12-01,1,2548,1156,2020-01-01 00:00:00.000000000
240,Pagado,2021-12-01,1,2548,1156,2021-01-01 00:00:00.000000000
240,Pagado,2022-12-01,1,2548,1156,2022-01-01 00:00:00.000000000
40,Pagado,2023-12-01,1,2548,1156,2023-11-01 00:00:00.000000000
360,Pagado,2024-12-01,1,2548,1156,2024-01-01 00:00:00.000000000
360,Pagado,2025-12-01,1,2548,1156,2025-01-01 00:00:00.000000000
200,Pagado,2004-04-01,1,2548,1157,2003-07-01 00:00:00.000000000
380,Pagado,2010-06-01,1,2548,1157,2008-12-01 00:00:00.000000000
100,Pagado,2010-11-01,1,2548,1157,2010-07-01 00:00:00.000000000
260,Pagado,2011-12-01,1,2548,1157,2010-12-01 00:00:00.000000000
100,Pagado,2012-05-01,1,2548,1157,2012-01-01 00:00:00.000000000
140,Pagado,2012-12-01,1,2548,1157,2012-06-01 00:00:00.000000000
240,Pagado,2013-12-01,1,2548,1157,2013-01-01 00:00:00.000000000
240,Pagado,2014-12-01,1,2548,1157,2014-01-01 00:00:00.000000000
500,Pagado,2017-01-01,1,2548,1157,2015-01-01 00:00:00.000000000
460,Pagado,2018-12-01,1,2548,1157,2017-02-01 00:00:00.000000000
240,Pagado,2019-12-01,1,2548,1157,2019-01-01 00:00:00.000000000
240,Pagado,2020-12-01,1,2548,1157,2020-01-01 00:00:00.000000000
240,Pagado,2021-12-01,1,2548,1157,2021-01-01 00:00:00.000000000
240,Pagado,2022-12-01,1,2548,1157,2022-01-01 00:00:00.000000000
240,Pagado,2023-12-01,1,2548,1157,2023-01-01 00:00:00.000000000
360,Pagado,2024-12-01,1,2548,1157,2024-01-01 00:00:00.000000000
360,Pagado,2025-12-01,1,2548,1157,2025-01-01 00:00:00.000000000
100,Pagado,2003-09-01,1,2548,1158,2003-05-01 00:00:00.000000000
20,Pagado,2003-06-01,1,2548,1159,2003-06-01 00:00:00.000000000
240,Pagado,2004-06-01,1,2548,1159,2003-07-01 00:00:00.000000000
840,Pagado,2007-12-01,1,2548,1159,2004-07-01 00:00:00.000000000
100,Pagado,2008-05-01,1,2548,1159,2008-01-01 00:00:00.000000000
140,Pagado,2008-12-01,1,2548,1159,2008-06-01 00:00:00.000000000
480,Pagado,2010-12-01,1,2548,1159,2009-01-01 00:00:00.000000000
220,Pagado,2011-11-01,1,2548,1159,2011-01-01 00:00:00.000000000
260,Pagado,2012-12-01,1,2548,1159,2011-12-01 00:00:00.000000000
240,Pagado,2013-12-01,1,2548,1159,2013-01-01 00:00:00.000000000
240,Pagado,2014-12-01,1,2548,1159,2014-01-01 00:00:00.000000000
240,Pagado,2015-12-01,1,2548,1159,2015-01-01 00:00:00.000000000
240,Pagado,2016-12-01,1,2548,1159,2016-01-01 00:00:00.000000000
240,Pagado,2017-12-01,1,2548,1159,2017-01-01 00:00:00.000000000
180,Pagado,2018-09-01,1,2548,1159,2018-01-01 00:00:00.000000000
60,Pagado,2018-12-01,1,2548,1159,2018-10-01 00:00:00.000000000
240,Pagado,2019-12-01,1,2548,1159,2019-01-01 00:00:00.000000000
240,Pagado,2020-12-01,1,2548,1159,2020-01-01 00:00:00.000000000
240,Pagado,2021-12-01,1,2548,1159,2021-01-01 00:00:00.000000000
180,Pagado,2022-09-01,1,2548,1159,2022-01-01 00:00:00.000000000
20,Pagado,2022-10-01,1,2548,1159,2022-10-01 00:00:00.000000000
40,Pagado,2022-12-01,1,2548,1159,2022-11-01 00:00:00.000000000
60,Pagado,2023-03-01,1,2548,1159,2023-01-01 00:00:00.000000000
60,Pagado,2023-12-01,1,2548,1159,2023-10-01 00:00:00.000000000
300,Pagado,2024-10-01,1,2548,1159,2024-01-01 00:00:00.000000000
60,Pagado,2024-12-01,1,2548,1159,2024-11-01 00:00:00.000000000
360,Pagado,2025-12-01,1,2548,1159,2025-01-01 00:00:00.000000000
100,Pagado,2004-10-01,1,2548,1162,2004-06-01 00:00:00.000000000
40,Pagado,2004-12-01,1,2548,1162,2004-11-01 00:00:00.000000000
940,Pagado,2008-11-01,1,2548,1162,2005-01-01 00:00:00.000000000
480,Pagado,2010-11-01,1,2548,1162,2008-12-01 00:00:00.000000000
100,Pagado,2003-10-01,1,2548,1163,2003-06-01 00:00:00.000000000
40,Pagado,2003-12-01,1,2548,1163,2003-11-01 00:00:00.000000000
200,Pagado,2004-11-01,1,2548,1163,2004-02-01 00:00:00.000000000
40,Pagado,2005-01-01,1,2548,1163,2004-12-01 00:00:00.000000000
200,Pagado,2005-11-01,1,2548,1163,2005-02-01 00:00:00.000000000
60,Pagado,2006-02-01,1,2548,1163,2005-12-01 00:00:00.000000000
1000,Pagado,2010-04-01,1,2548,1163,2006-03-01 00:00:00.000000000
1400,Pagado,2016-02-01,1,2548,1163,2010-05-01 00:00:00.000000000
500,Pagado,2018-03-01,1,2548,1163,2016-03-01 00:00:00.000000000
600,Pagado,2020-09-01,1,2548,1163,2018-04-01 00:00:00.000000000
40,Pagado,2003-07-01,1,2548,1164,2003-06-01 00:00:00.000000000
200,Pagado,2004-05-01,1,2548,1164,2003-08-01 00:00:00.000000000
560,Pagado,2006-09-01,1,2548,1164,2004-06-01 00:00:00.000000000
60,Pagado,2003-08-01,1,2548,1166,2003-06-01 00:00:00.000000000
80,Pagado,2003-12-01,1,2548,1166,2003-09-01 00:00:00.000000000
80,Pagado,2004-04-01,1,2548,1166,2004-01-01 00:00:00.000000000
60,Pagado,2003-08-01,1,2548,1167,2003-06-01 00:00:00.000000000
60,Pagado,2003-11-01,1,2548,1167,2003-09-01 00:00:00.000000000
120,Pagado,2004-05-01,1,2548,1167,2003-12-01 00:00:00.000000000
240,Pagado,2005-05-01,1,2548,1167,2004-06-01 00:00:00.000000000
500,Pagado,2007-06-01,1,2548,1167,2005-06-01 00:00:00.000000000
300,Pagado,2008-09-01,1,2548,1167,2007-07-01 00:00:00.000000000
1000,Pagado,2012-11-01,1,2548,1167,2008-10-01 00:00:00.000000000
1000,Pagado,2017-01-01,1,2548,1167,2012-12-01 00:00:00.000000000
1420,Pagado,2022-12-01,1,2548,1167,2017-02-01 00:00:00.000000000
200,Pagado,2023-10-01,1,2548,1167,2023-01-01 00:00:00.000000000
40,Pagado,2023-12-01,1,2548,1167,2023-10-01 00:00:00.000000000
300,Pagado,2024-10-01,1,2548,1167,2024-01-01 00:00:00.000000000
60,Pagado,2024-12-01,1,2548,1167,2024-11-01 00:00:00.000000000
330,Pagado,2025-11-01,1,2548,1167,2025-01-01 00:00:00.000000000
30,Pagado,2025-12-01,1,2548,1167,2025-12-01 00:00:00.000000000
340,Pagado,2008-02-01,1,2548,1168,2006-10-01 00:00:00.000000000
80,Pagado,2008-06-01,1,2548,1168,2008-03-01 00:00:00.000000000
40,Pagado,2008-08-01,1,2548,1168,2008-07-01 00:00:00.000000000
80,Pagado,2008-12-01,1,2548,1168,2008-09-01 00:00:00.000000000
180,Pagado,2009-09-01,1,2548,1168,2009-01-01 00:00:00.000000000
20,Pagado,2003-07-01,1,2548,1169,2003-07-01 00:00:00.000000000
360,Pagado,2005-01-01,1,2548,1169,2003-08-01 00:00:00.000000000
500,Pagado,2007-02-01,1,2548,1169,2005-02-01 00:00:00.000000000
100,Pagado,2007-07-01,1,2548,1169,2007-03-01 00:00:00.000000000
20,Pagado,2003-07-01,1,2548,1172,2003-07-01 00:00:00.000000000
20,Pagado,2003-08-01,1,2548,1172,2003-08-01 00:00:00.000000000
20,Pagado,2003-09-01,1,2548,1172,2003-09-01 00:00:00.000000000
100,Pagado,2004-05-01,1,2548,1172,2003-11-01 00:00:00.000000000
100,Pagado,2004-08-01,1,2548,1172,2004-04-01 00:00:00.000000000
60,Pagado,2004-11-01,1,2548,1172,2004-09-01 00:00:00.000000000
20,Pagado,2004-12-01,1,2548,1172,2004-12-01 00:00:00.000000000
20,Pagado,2005-01-01,1,2548,1172,2005-01-01 00:00:00.000000000
20,Pagado,2005-02-01,1,2548,1172,2005-02-01 00:00:00.000000000
20,Pagado,2005-03-01,1,2548,1172,2005-03-01 00:00:00.000000000
100,Pagado,2005-08-01,1,2548,1172,2005-04-01 00:00:00.000000000
100,Pagado,2006-01-01,1,2548,1172,2005-09-01 00:00:00.000000000
100,Pagado,2006-06-01,1,2548,1172,2006-02-01 00:00:00.000000000
100,Pagado,2007-04-01,1,2548,1172,2006-12-01 00:00:00.000000000
3000,Pagado,2019-10-01,1,2548,1172,2007-05-01 00:00:00.000000000
540,Pagado,2022-01-01,1,2548,1172,2019-11-01 00:00:00.000000000
20,Pagado,2022-02-01,1,2548,1172,2022-02-01 00:00:00.000000000
20,Pagado,2022-03-01,1,2548,1172,2022-03-01 00:00:00.000000000
40,Pagado,2022-05-01,1,2548,1172,2022-04-01 00:00:00.000000000
20,Pagado,2022-06-01,1,2548,1172,2022-06-01 00:00:00.000000000
40,Pagado,2022-08-01,1,2548,1172,2022-07-01 00:00:00.000000000
20,Pagado,2022-09-01,1,2548,1172,2022-09-01 00:00:00.000000000
20,Pagado,2022-10-01,1,2548,1172,2022-10-01 00:00:00.000000000
40,Pagado,2022-12-01,1,2548,1172,2022-11-01 00:00:00.000000000
40,Pagado,2023-02-01,1,2548,1172,2023-01-01 00:00:00.000000000
40,Pagado,2023-04-01,1,2548,1172,2023-03-01 00:00:00.000000000
40,Pagado,2023-06-01,1,2548,1172,2023-05-01 00:00:00.000000000
40,Pagado,2023-08-01,1,2548,1172,2023-07-01 00:00:00.000000000
20,Pagado,2023-09-01,1,2548,1172,2023-09-01 00:00:00.000000000
60,Pagado,2023-12-01,1,2548,1172,2023-10-01 00:00:00.000000000
60,Pagado,2024-02-01,1,2548,1172,2024-01-01 00:00:00.000000000
60,Pagado,2024-04-01,1,2548,1172,2024-03-01 00:00:00.000000000
60,Pagado,2024-06-01,1,2548,1172,2024-05-01 00:00:00.000000000
60,Pagado,2024-08-01,1,2548,1172,2024-07-01 00:00:00.000000000
60,Pagado,2024-10-01,1,2548,1172,2024-09-01 00:00:00.000000000
60,Pagado,2024-12-01,1,2548,1172,2024-11-01 00:00:00.000000000
120,Pagado,2025-04-01,1,2548,1172,2025-01-01 00:00:00.000000000
150,Pagado,2025-09-01,1,2548,1172,2025-05-01 00:00:00.000000000
60,Pagado,2025-12-01,1,2548,1172,2025-11-01 00:00:00.000000000
60,Pagado,2026-02-01,1,2548,1172,2026-01-01 00:00:00.000000000
60,Pagado,2026-04-01,1,2548,1172,2026-03-01 00:00:00.000000000
40,Pagado,2003-10-01,1,2548,1173,2003-09-01 00:00:00.000000000
700,Pagado,2006-05-01,1,2548,1173,2003-06-01 00:00:00.000000000
20,Pagado,2003-06-01,1,2548,1176,2003-06-01 00:00:00.000000000
40,Pagado,2003-09-01,1,2548,1176,2003-08-01 00:00:00.000000000
20,Pagado,2003-07-01,1,2548,1178,2003-07-01 00:00:00.000000000
20,Pagado,2003-07-01,1,2548,1179,2003-07-01 00:00:00.000000000
20,Pagado,2003-07-01,1,2548,1179,2003-07-01 00:00:00.000000000
20,Pagado,2003-11-01,1,2548,1179,2003-11-01 00:00:00.000000000
20,Pagado,2003-12-01,1,2548,1179,2003-12-01 00:00:00.000000000
40,Pagado,2004-02-01,1,2548,1179,2004-01-01 00:00:00.000000000
20,Pagado,2004-03-01,1,2548,1179,2004-03-01 00:00:00.000000000
200,Pagado,2004-04-01,1,2548,1180,2004-04-01 00:00:00.000000000
200,Pagado,2005-01-01,1,2548,1180,2004-04-01 00:00:00.000000000
200,Pagado,2005-11-01,1,2548,1180,2005-02-01 00:00:00.000000000
1260,Pagado,2011-02-01,1,2548,1180,2005-12-01 00:00:00.000000000
480,Pagado,2013-02-01,1,2548,1180,2011-03-01 00:00:00.000000000
1660,Pagado,2020-01-01,1,2548,1180,2013-03-01 00:00:00.000000000
400,Pagado,2021-09-01,1,2548,1180,2020-02-01 00:00:00.000000000
360,Pagado,2023-04-01,1,2548,1180,2021-10-01 00:00:00.000000000
520,Pagado,2024-12-01,1,2548,1180,2023-05-01 00:00:00.000000000
210,Pagado,2025-07-01,1,2548,1180,2025-01-01 00:00:00.000000000
160,Pagado,2004-02-01,1,2548,1181,2003-07-01 00:00:00.000000000
480,Pagado,2006-02-01,1,2548,1181,2004-03-01 00:00:00.000000000
60,Pagado,2006-05-01,1,2548,1181,2006-03-01 00:00:00.000000000
80,Pagado,2009-03-01,1,2548,1181,2008-12-01 00:00:00.000000000
260,Pagado,2010-12-01,1,2548,1181,2009-12-01 00:00:00.000000000
40,Pagado,2011-02-01,1,2548,1181,2011-01-01 00:00:00.000000000
200,Pagado,2011-12-01,1,2548,1181,2011-03-01 00:00:00.000000000
720,Pagado,2014-12-01,1,2548,1181,2012-01-01 00:00:00.000000000
240,Pagado,2015-12-01,1,2548,1181,2015-01-01 00:00:00.000000000
240,Pagado,2016-12-01,1,2548,1181,2016-01-01 00:00:00.000000000
300,Pagado,2018-03-01,1,2548,1181,2016-01-01 00:00:00.000000000
120,Pagado,2018-09-01,1,2548,1181,2018-04-01 00:00:00.000000000
60,Pagado,2018-12-01,1,2548,1181,2018-10-01 00:00:00.000000000
200,Pagado,2019-10-01,1,2548,1181,2019-01-01 00:00:00.000000000
60,Pagado,2020-01-01,1,2548,1181,2019-11-01 00:00:00.000000000
40,Pagado,2020-03-01,1,2548,1181,2020-02-01 00:00:00.000000000
180,Pagado,2020-12-01,1,2548,1181,2020-04-01 00:00:00.000000000
240,Pagado,2021-12-01,1,2548,1181,2021-01-01 00:00:00.000000000
60,Pagado,2022-03-01,1,2548,1181,2022-01-01 00:00:00.000000000
180,Pagado,2022-12-01,1,2548,1181,2022-04-01 00:00:00.000000000
40,Pagado,2023-12-01,1,2548,1181,2023-11-01 00:00:00.000000000
360,Pagado,2024-12-01,1,2548,1181,2024-01-01 00:00:00.000000000
120,Pagado,2003-12-01,1,2548,1182,2003-07-01 00:00:00.000000000
240,Pagado,2004-12-01,1,2548,1182,2004-01-01 00:00:00.000000000
40,Pagado,2005-12-01,1,2548,1182,2005-01-01 00:00:00.000000000
240,Pagado,2006-12-01,1,2548,1182,2006-01-01 00:00:00.000000000
240,Pagado,2007-12-01,1,2548,1182,2007-01-01 00:00:00.000000000
40,Pagado,2008-06-01,1,2548,1182,2008-05-01 00:00:00.000000000
20,Pagado,2008-07-01,1,2548,1182,2008-07-01 00:00:00.000000000
20,Pagado,2008-08-01,1,2548,1182,2008-08-01 00:00:00.000000000
2740,Pagado,2020-01-01,1,2548,1182,2008-09-01 00:00:00.000000000
120,Pagado,2003-12-01,1,2548,1183,2003-07-01 00:00:00.000000000
200,Pagado,2004-10-01,1,2548,1183,2004-01-01 00:00:00.000000000
40,Pagado,2004-12-01,1,2548,1183,2004-11-01 00:00:00.000000000
100,Pagado,2005-05-01,1,2548,1183,2005-01-01 00:00:00.000000000
240,Pagado,2004-06-01,1,2548,1184,2003-07-01 00:00:00.000000000
100,Pagado,2004-11-01,1,2548,1184,2004-07-01 00:00:00.000000000
100,Pagado,2005-04-01,1,2548,1184,2004-12-01 00:00:00.000000000
100,Pagado,2005-09-01,1,2548,1184,2005-05-01 00:00:00.000000000
100,Pagado,2006-02-01,1,2548,1184,2005-10-01 00:00:00.000000000
1060,Pagado,2010-12-01,1,2548,1184,2009-08-01 00:00:00.000000000
40,Pagado,2011-02-01,1,2548,1184,2011-01-01 00:00:00.000000000
100,Pagado,2011-07-01,1,2548,1184,2011-03-01 00:00:00.000000000
100,Pagado,2011-12-01,1,2548,1184,2011-08-01 00:00:00.000000000
160,Pagado,2012-08-01,1,2548,1184,2012-01-01 00:00:00.000000000
100,Pagado,2013-01-01,1,2548,1184,2012-09-01 00:00:00.000000000
100,Pagado,2013-06-01,1,2548,1184,2013-02-01 00:00:00.000000000
120,Pagado,2013-12-01,1,2548,1184,2013-07-01 00:00:00.000000000
100,Pagado,2014-05-01,1,2548,1184,2014-01-01 00:00:00.000000000
100,Pagado,2014-10-01,1,2548,1184,2014-06-01 00:00:00.000000000
100,Pagado,2015-03-01,1,2548,1184,2014-11-01 00:00:00.000000000
200,Pagado,2016-01-01,1,2548,1184,2015-04-01 00:00:00.000000000
100,Pagado,2016-07-01,1,2548,1184,2016-02-01 00:00:00.000000000
120,Pagado,2016-12-01,1,2548,1184,2016-07-01 00:00:00.000000000
200,Pagado,2017-10-01,1,2548,1184,2017-01-01 00:00:00.000000000
80,Pagado,2018-02-01,1,2548,1184,2017-11-01 00:00:00.000000000
200,Pagado,2018-12-01,1,2548,1184,2018-03-01 00:00:00.000000000
120,Pagado,2019-06-01,1,2548,1184,2019-01-01 00:00:00.000000000
120,Pagado,2019-12-01,1,2548,1184,2019-07-01 00:00:00.000000000
200,Pagado,2020-10-01,1,2548,1184,2020-01-01 00:00:00.000000000
100,Pagado,2021-03-01,1,2548,1184,2020-11-01 00:00:00.000000000
100,Pagado,2021-08-01,1,2548,1184,2021-04-01 00:00:00.000000000
100,Pagado,2022-01-01,1,2548,1184,2021-09-01 00:00:00.000000000
100,Pagado,2022-06-01,1,2548,1184,2022-02-01 00:00:00.000000000
120,Pagado,2022-12-01,1,2548,1184,2022-07-01 00:00:00.000000000
100,Pagado,2023-05-01,1,2548,1184,2023-01-01 00:00:00.000000000
100,Pagado,2023-10-01,1,2548,1184,2023-06-01 00:00:00.000000000
40,Pagado,2023-12-01,1,2548,1184,2023-11-01 00:00:00.000000000
300,Pagado,2024-10-01,1,2548,1184,2024-01-01 00:00:00.000000000
150,Pagado,2025-03-01,1,2548,1184,2024-11-01 00:00:00.000000000
150,Pagado,2025-08-01,1,2548,1184,2025-04-01 00:00:00.000000000
120,Pagado,2025-12-01,1,2548,1184,2025-09-01 00:00:00.000000000
150,Pagado,2026-05-01,1,2548,1184,2026-01-01 00:00:00.000000000
40,Pagado,2003-08-01,1,2548,1185,2003-07-01 00:00:00.000000000
20,Pagado,2003-09-01,1,2548,1185,2003-09-01 00:00:00.000000000
20,Pagado,2003-10-01,1,2548,1185,2003-10-01 00:00:00.000000000
20,Pagado,2003-11-01,1,2548,1185,2003-11-01 00:00:00.000000000
20,Pagado,2003-12-01,1,2548,1185,2003-12-01 00:00:00.000000000
440,Pagado,2005-04-01,1,2548,1186,2003-07-01 00:00:00.000000000
480,Pagado,2007-04-01,1,2548,1186,2005-05-01 00:00:00.000000000
800,Pagado,2007-08-01,1,2548,1187,2004-05-01 00:00:00.000000000
500,Pagado,2009-09-01,1,2548,1187,2007-09-01 00:00:00.000000000
2360,Pagado,2023-10-01,1,2548,1187,2014-01-01 00:00:00.000000000
400,Pagado,2024-12-01,1,2548,1187,2023-11-01 00:00:00.000000000
20,Pagado,2003-08-01,1,2548,1188,2003-08-01 00:00:00.000000000
20,Pagado,2004-01-01,1,2548,1188,2004-01-01 00:00:00.000000000
220,Pagado,2004-12-01,1,2548,1188,2004-02-01 00:00:00.000000000
20,Pagado,2005-01-01,1,2548,1188,2005-01-01 00:00:00.000000000
220,Pagado,2005-12-01,1,2548,1188,2005-02-01 00:00:00.000000000
60,Pagado,2003-09-01,1,2548,1189,2003-07-01 00:00:00.000000000
100,Pagado,2004-02-01,1,2548,1189,2003-10-01 00:00:00.000000000
500,Pagado,2006-03-01,1,2548,1189,2004-03-01 00:00:00.000000000
60,Pagado,2003-09-01,1,2548,1190,2003-07-01 00:00:00.000000000
60,Pagado,2003-12-01,1,2548,1190,2003-10-01 00:00:00.000000000
20,Pagado,2004-01-01,1,2548,1190,2004-01-01 00:00:00.000000000
40,Pagado,2004-06-01,1,2548,1190,2004-03-01 00:00:00.000000000
20,Pagado,2004-07-01,1,2548,1190,2004-07-01 00:00:00.000000000
80,Pagado,2005-01-01,1,2548,1190,2004-10-01 00:00:00.000000000
100,Pagado,2005-06-01,1,2548,1190,2005-02-01 00:00:00.000000000
80,Pagado,2005-10-01,1,2548,1190,2005-07-01 00:00:00.000000000
20,Pagado,2005-12-01,1,2548,1190,2005-12-01 00:00:00.000000000
80,Pagado,2006-04-01,1,2548,1190,2006-01-01 00:00:00.000000000
140,Pagado,2006-12-01,1,2548,1190,2006-06-01 00:00:00.000000000
60,Pagado,2007-03-01,1,2548,1190,2007-01-01 00:00:00.000000000
100,Pagado,2007-08-01,1,2548,1190,2007-04-01 00:00:00.000000000
20,Pagado,2007-09-01,1,2548,1190,2007-09-01 00:00:00.000000000
60,Pagado,2007-12-01,1,2548,1190,2007-10-01 00:00:00.000000000
100,Pagado,2008-05-01,1,2548,1190,2008-01-01 00:00:00.000000000
40,Pagado,2008-07-01,1,2548,1190,2008-06-01 00:00:00.000000000
20,Pagado,2008-08-01,1,2548,1190,2008-08-01 00:00:00.000000000
20,Pagado,2008-09-01,1,2548,1190,2008-09-01 00:00:00.000000000
40,Pagado,2008-11-01,1,2548,1190,2008-10-01 00:00:00.000000000
100,Pagado,2009-04-01,1,2548,1190,2008-12-01 00:00:00.000000000
160,Pagado,2009-12-01,1,2548,1190,2009-05-01 00:00:00.000000000
500,Pagado,2005-08-01,1,2548,1191,2003-08-01 00:00:00.000000000
200,Pagado,2006-06-01,1,2548,1191,2005-09-01 00:00:00.000000000
300,Pagado,2007-09-01,1,2548,1191,2006-07-01 00:00:00.000000000
60,Pagado,2007-12-01,1,2548,1191,2007-10-01 00:00:00.000000000
240,Pagado,2008-12-01,1,2548,1191,2008-01-01 00:00:00.000000000
200,Pagado,2005-03-01,1,2548,1192,2004-06-01 00:00:00.000000000
40,Pagado,2004-02-01,1,2548,1193,2004-01-01 00:00:00.000000000
200,Pagado,2004-12-01,1,2548,1193,2004-03-01 00:00:00.000000000
100,Pagado,2003-12-01,1,2548,1195,2003-08-01 00:00:00.000000000
100,Pagado,2004-10-01,1,2548,1195,2004-06-01 00:00:00.000000000
100,Pagado,2005-03-01,1,2548,1195,2004-11-01 00:00:00.000000000
40,Pagado,2005-05-01,1,2548,1195,2005-04-01 00:00:00.000000000
220,Pagado,2006-04-01,1,2548,1195,2005-06-01 00:00:00.000000000
140,Pagado,2007-02-01,1,2548,1195,2006-08-01 00:00:00.000000000
80,Pagado,2007-06-01,1,2548,1195,2007-03-01 00:00:00.000000000
20,Pagado,2007-07-01,1,2548,1195,2007-07-01 00:00:00.000000000
20,Pagado,2007-08-01,1,2548,1195,2007-08-01 00:00:00.000000000
20,Pagado,2007-09-01,1,2548,1195,2007-09-01 00:00:00.000000000
40,Pagado,2007-11-01,1,2548,1195,2007-10-01 00:00:00.000000000
40,Pagado,2008-06-01,1,2548,1195,2008-05-01 00:00:00.000000000
40,Pagado,2008-08-01,1,2548,1195,2008-07-01 00:00:00.000000000
80,Pagado,2008-12-01,1,2548,1195,2008-09-01 00:00:00.000000000
60,Pagado,2006-07-01,1,2548,1196,2006-05-01 00:00:00.000000000
60,Pagado,2008-02-01,1,2548,1196,2007-12-01 00:00:00.000000000
100,Pagado,2008-07-01,1,2548,1196,2008-03-01 00:00:00.000000000
120,Pagado,2009-01-01,1,2548,1196,2008-08-01 00:00:00.000000000
500,Pagado,2011-02-01,1,2548,1196,2009-02-01 00:00:00.000000000
80,Pagado,2003-11-01,1,2548,1197,2003-08-01 00:00:00.000000000
60,Pagado,2003-12-01,1,2548,1198,2003-10-01 00:00:00.000000000
60,Pagado,2004-03-01,1,2548,1198,2004-01-01 00:00:00.000000000
60,Pagado,2004-06-01,1,2548,1198,2004-04-01 00:00:00.000000000
60,Pagado,2004-09-01,1,2548,1198,2004-07-01 00:00:00.000000000
60,Pagado,2004-12-01,1,2548,1198,2004-10-01 00:00:00.000000000
60,Pagado,2005-03-01,1,2548,1198,2005-01-01 00:00:00.000000000
100,Pagado,2005-08-01,1,2548,1198,2005-04-01 00:00:00.000000000
300,Pagado,2006-11-01,1,2548,1198,2005-09-01 00:00:00.000000000
160,Pagado,2007-07-01,1,2548,1198,2006-12-01 00:00:00.000000000
20,Pagado,2007-08-01,1,2548,1198,2007-08-01 00:00:00.000000000
280,Pagado,2007-12-01,1,2548,1198,2007-09-01 00:00:00.000000000
40,Pagado,2008-06-01,1,2548,1198,2008-05-01 00:00:00.000000000
20,Pagado,2008-07-01,1,2548,1198,2008-07-01 00:00:00.000000000
40,Pagado,2008-09-01,1,2548,1198,2008-08-01 00:00:00.000000000
20,Pagado,2008-10-01,1,2548,1198,2008-10-01 00:00:00.000000000
160,Pagado,2009-07-01,1,2548,1199,2008-12-01 00:00:00.000000000
120,Pagado,2004-01-01,1,2548,1200,2003-08-01 00:00:00.000000000
20,Pagado,2004-02-01,1,2548,1200,2004-02-01 00:00:00.000000000
40,Pagado,2003-09-01,1,2548,1201,2003-08-01 00:00:00.000000000
60,Pagado,2005-03-01,1,2548,1201,2005-01-01 00:00:00.000000000
40,Pagado,2003-09-01,1,2548,1202,2003-08-01 00:00:00.000000000
40,Pagado,2003-11-01,1,2548,1202,2003-10-01 00:00:00.000000000
200,Pagado,2004-09-01,1,2548,1202,2003-12-01 00:00:00.000000000
20,Pagado,2003-11-01,1,2548,1203,2003-11-01 00:00:00.000000000
20,Pagado,2003-12-01,1,2548,1203,2003-12-01 00:00:00.000000000
60,Pagado,2003-10-01,1,2548,1204,2003-08-01 00:00:00.000000000
40,Pagado,2003-12-01,1,2548,1204,2003-11-01 00:00:00.000000000
20,Pagado,2004-01-01,1,2548,1204,2004-01-01 00:00:00.000000000
20,Pagado,2004-08-01,1,2548,1204,2004-08-01 00:00:00.000000000
20,Pagado,2004-10-01,1,2548,1204,2004-10-01 00:00:00.000000000
20,Pagado,2004-12-01,1,2548,1204,2004-12-01 00:00:00.000000000
20,Pagado,2005-01-01,1,2548,1204,2005-01-01 00:00:00.000000000
40,Pagado,2005-03-01,1,2548,1204,2005-02-01 00:00:00.000000000
20,Pagado,2005-04-01,1,2548,1204,2005-04-01 00:00:00.000000000
20,Pagado,2005-05-01,1,2548,1204,2005-05-01 00:00:00.000000000
20,Pagado,2005-05-01,1,2548,1204,2005-07-01 00:00:00.000000000
20,Pagado,2005-06-01,1,2548,1204,2005-06-01 00:00:00.000000000
40,Pagado,2005-09-01,1,2548,1204,2005-08-01 00:00:00.000000000
240,Pagado,2006-09-01,1,2548,1204,2005-10-01 00:00:00.000000000
20,Pagado,2006-10-01,1,2548,1204,2006-10-01 00:00:00.000000000
20,Pagado,2006-11-01,1,2548,1204,2006-11-01 00:00:00.000000000
40,Pagado,2007-01-01,1,2548,1204,2006-12-01 00:00:00.000000000
60,Pagado,2007-04-01,1,2548,1204,2007-02-01 00:00:00.000000000
20,Pagado,2007-05-01,1,2548,1204,2007-05-01 00:00:00.000000000
60,Pagado,2007-08-01,1,2548,1204,2007-06-01 00:00:00.000000000
60,Pagado,2007-11-01,1,2548,1204,2007-09-01 00:00:00.000000000
60,Pagado,2008-02-01,1,2548,1204,2007-12-01 00:00:00.000000000
20,Pagado,2008-03-01,1,2548,1204,2008-03-01 00:00:00.000000000
20,Pagado,2008-05-01,1,2548,1204,2008-05-01 00:00:00.000000000
100,Pagado,2008-10-01,1,2548,1204,2008-06-01 00:00:00.000000000
280,Pagado,2009-12-01,1,2548,1204,2008-11-01 00:00:00.000000000
220,Pagado,2010-11-01,1,2548,1204,2010-01-01 00:00:00.000000000
40,Pagado,2011-01-01,1,2548,1204,2010-12-01 00:00:00.000000000
100,Pagado,2011-06-01,1,2548,1204,2011-02-01 00:00:00.000000000
40,Pagado,2011-08-01,1,2548,1204,2011-07-01 00:00:00.000000000
80,Pagado,2011-12-01,1,2548,1204,2011-09-01 00:00:00.000000000
100,Pagado,2012-05-01,1,2548,1204,2012-01-01 00:00:00.000000000
140,Pagado,2012-12-01,1,2548,1204,2012-06-01 00:00:00.000000000
100,Pagado,2013-05-01,1,2548,1204,2013-01-01 00:00:00.000000000
140,Pagado,2013-12-01,1,2548,1204,2013-06-01 00:00:00.000000000
100,Pagado,2014-05-01,1,2548,1204,2014-01-01 00:00:00.000000000
60,Pagado,2014-08-01,1,2548,1204,2014-06-01 00:00:00.000000000
80,Pagado,2014-12-01,1,2548,1204,2014-09-01 00:00:00.000000000
100,Pagado,2015-05-01,1,2548,1204,2015-01-01 00:00:00.000000000
120,Pagado,2015-12-01,1,2548,1204,2015-06-01 00:00:00.000000000
480,Pagado,2017-12-01,1,2548,1204,2016-01-01 00:00:00.000000000
200,Pagado,2018-10-01,1,2548,1204,2018-01-01 00:00:00.000000000
260,Pagado,2019-11-01,1,2548,1204,2018-11-01 00:00:00.000000000
240,Pagado,2020-11-01,1,2548,1204,2019-12-01 00:00:00.000000000
240,Pagado,2021-12-01,1,2548,1204,2021-01-01 00:00:00.000000000
240,Pagado,2022-12-01,1,2548,1204,2022-01-01 00:00:00.000000000
360,Pagado,2024-12-01,1,2548,1204,2024-01-01 00:00:00.000000000
210,Pagado,2025-07-01,1,2548,1204,2025-01-01 00:00:00.000000000
150,Pagado,2025-12-01,1,2548,1204,2025-08-01 00:00:00.000000000
80,Pagado,2003-11-01,1,2548,1205,2003-08-01 00:00:00.000000000
100,Pagado,2003-12-01,1,2548,1207,2003-08-01 00:00:00.000000000
400,Pagado,2005-08-01,1,2548,1207,2004-01-01 00:00:00.000000000
40,Pagado,2003-09-01,1,2548,1208,2003-08-01 00:00:00.000000000
20,Pagado,2003-08-01,1,2548,1209,2003-08-01 00:00:00.000000000
100,Pagado,2004-01-01,1,2548,1209,2003-09-01 00:00:00.000000000
20,Pagado,2003-08-01,1,2548,1210,2003-08-01 00:00:00.000000000
100,Pagado,2004-01-01,1,2548,1210,2003-09-01 00:00:00.000000000
140,Pagado,2004-03-01,1,2548,1211,2003-09-01 00:00:00.000000000
20,Pagado,2004-06-01,1,2548,1211,2004-06-01 00:00:00.000000000
20,Pagado,2004-07-01,1,2548,1211,2004-07-01 00:00:00.000000000
40,Pagado,2004-09-01,1,2548,1211,2004-08-01 00:00:00.000000000
20,Pagado,2004-10-01,1,2548,1211,2004-10-01 00:00:00.000000000
100,Pagado,2005-04-01,1,2548,1211,2004-12-01 00:00:00.000000000
20,Pagado,2005-11-01,1,2548,1211,2005-11-01 00:00:00.000000000
200,Pagado,2006-02-01,1,2548,1211,2005-05-01 00:00:00.000000000
100,Pagado,2006-07-01,1,2548,1211,2006-03-01 00:00:00.000000000
80,Pagado,2006-11-01,1,2548,1211,2006-08-01 00:00:00.000000000
100,Pagado,2007-04-01,1,2548,1211,2006-12-01 00:00:00.000000000
40,Pagado,2007-06-01,1,2548,1211,2007-05-01 00:00:00.000000000
40,Pagado,2007-08-01,1,2548,1211,2007-07-01 00:00:00.000000000
20,Pagado,2007-09-01,1,2548,1211,2007-09-01 00:00:00.000000000
20,Pagado,2007-10-01,1,2548,1211,2007-10-01 00:00:00.000000000
40,Pagado,2007-12-01,1,2548,1211,2007-11-01 00:00:00.000000000
20,Pagado,2008-01-01,1,2548,1211,2008-01-01 00:00:00.000000000
20,Pagado,2008-02-01,1,2548,1211,2008-02-01 00:00:00.000000000
20,Pagado,2008-05-01,1,2548,1211,2008-05-01 00:00:00.000000000
40,Pagado,2008-07-01,1,2548,1211,2008-06-01 00:00:00.000000000
40,Pagado,2008-09-01,1,2548,1211,2008-08-01 00:00:00.000000000
60,Pagado,2008-12-01,1,2548,1211,2008-10-01 00:00:00.000000000
480,Pagado,2010-12-01,1,2548,1211,2009-01-01 00:00:00.000000000
220,Pagado,2011-11-01,1,2548,1211,2011-01-01 00:00:00.000000000
240,Pagado,2012-11-01,1,2548,1211,2011-12-01 00:00:00.000000000
260,Pagado,2013-12-01,1,2548,1211,2012-12-01 00:00:00.000000000
100,Pagado,2014-05-01,1,2548,1211,2014-01-01 00:00:00.000000000
60,Pagado,2014-08-01,1,2548,1211,2014-06-01 00:00:00.000000000
80,Pagado,2014-12-01,1,2548,1211,2014-09-01 00:00:00.000000000
100,Pagado,2015-05-01,1,2548,1211,2015-01-01 00:00:00.000000000
460,Pagado,2017-11-01,1,2548,1211,2016-01-01 00:00:00.000000000
120,Pagado,2018-05-01,1,2548,1211,2017-12-01 00:00:00.000000000
100,Pagado,2018-10-01,1,2548,1211,2018-06-01 00:00:00.000000000
40,Pagado,2018-12-01,1,2548,1211,2018-11-01 00:00:00.000000000
260,Pagado,2020-01-01,1,2548,1211,2019-01-01 00:00:00.000000000
240,Pagado,2022-11-01,1,2548,1211,2021-12-01 00:00:00.000000000
20,Pagado,2022-12-01,1,2548,1211,2022-12-01 00:00:00.000000000
200,Pagado,2023-10-01,1,2548,1211,2023-01-01 00:00:00.000000000
400,Pagado,2024-12-01,1,2548,1211,2023-11-01 00:00:00.000000000
360,Pagado,2025-12-01,1,2548,1211,2025-01-01 00:00:00.000000000
100,Pagado,2003-12-01,1,2548,1212,2003-08-01 00:00:00.000000000
100,Pagado,2004-05-01,1,2548,1212,2004-01-01 00:00:00.000000000
200,Pagado,2006-01-01,1,2548,1212,2005-04-01 00:00:00.000000000
200,Pagado,2006-11-01,1,2548,1212,2006-02-01 00:00:00.000000000
260,Pagado,2007-12-01,1,2548,1212,2006-12-01 00:00:00.000000000
240,Pagado,2008-12-01,1,2548,1212,2008-01-01 00:00:00.000000000
240,Pagado,2009-12-01,1,2548,1212,2009-01-01 00:00:00.000000000
240,Pagado,2010-12-01,1,2548,1212,2010-01-01 00:00:00.000000000
40,Pagado,2003-09-01,1,2548,1213,2003-08-01 00:00:00.000000000
280,Pagado,2004-11-01,1,2548,1213,2003-10-01 00:00:00.000000000
20,Pagado,2004-12-01,1,2548,1213,2004-12-01 00:00:00.000000000
20,Pagado,2005-01-01,1,2548,1213,2005-01-01 00:00:00.000000000
20,Pagado,2005-02-01,1,2548,1213,2005-02-01 00:00:00.000000000
20,Pagado,2005-03-01,1,2548,1213,2005-03-01 00:00:00.000000000
240,Pagado,2006-03-01,1,2548,1213,2005-04-01 00:00:00.000000000
400,Pagado,2007-11-01,1,2548,1213,2006-04-01 00:00:00.000000000
20,Pagado,2007-12-01,1,2548,1213,2007-12-01 00:00:00.000000000
240,Pagado,2008-12-01,1,2548,1213,2008-01-01 00:00:00.000000000
400,Pagado,2005-04-01,1,2548,1214,2003-09-01 00:00:00.000000000
200,Pagado,2006-02-01,1,2548,1214,2005-05-01 00:00:00.000000000
400,Pagado,2007-10-01,1,2548,1214,2006-03-01 00:00:00.000000000
100,Pagado,2003-12-01,1,2548,1215,2003-08-01 00:00:00.000000000
20,Pagado,2003-08-01,1,2548,1216,2003-08-01 00:00:00.000000000
20,Pagado,2003-09-01,1,2548,1216,2003-09-01 00:00:00.000000000
20,Pagado,2003-10-01,1,2548,1216,2003-10-01 00:00:00.000000000
40,Pagado,2003-12-01,1,2548,1216,2003-11-01 00:00:00.000000000
20,Pagado,2004-01-01,1,2548,1216,2004-01-01 00:00:00.000000000
160,Pagado,2004-11-01,1,2548,1216,2004-04-01 00:00:00.000000000
40,Pagado,2005-01-01,1,2548,1216,2004-12-01 00:00:00.000000000
20,Pagado,2005-02-01,1,2548,1216,2005-02-01 00:00:00.000000000
20,Pagado,2005-03-01,1,2548,1216,2005-03-01 00:00:00.000000000
20,Pagado,2005-04-01,1,2548,1216,2005-04-01 00:00:00.000000000
40,Pagado,2005-06-01,1,2548,1216,2005-05-01 00:00:00.000000000
20,Pagado,2005-07-01,1,2548,1216,2005-07-01 00:00:00.000000000
20,Pagado,2005-08-01,1,2548,1216,2005-08-01 00:00:00.000000000
60,Pagado,2005-11-01,1,2548,1216,2005-09-01 00:00:00.000000000
120,Pagado,2006-05-01,1,2548,1216,2005-12-01 00:00:00.000000000
40,Pagado,2006-07-01,1,2548,1216,2006-06-01 00:00:00.000000000
20,Pagado,2006-08-01,1,2548,1216,2006-08-01 00:00:00.000000000
20,Pagado,2006-09-01,1,2548,1216,2006-09-01 00:00:00.000000000
60,Pagado,2006-12-01,1,2548,1216,2006-10-01 00:00:00.000000000
60,Pagado,2007-03-01,1,2548,1216,2007-01-01 00:00:00.000000000
40,Pagado,2003-09-01,1,2548,1217,2003-08-01 00:00:00.000000000
20,Pagado,2003-08-01,1,2548,1218,2003-08-01 00:00:00.000000000
20,Pagado,2003-09-01,1,2548,1218,2003-09-01 00:00:00.000000000
20,Pagado,2003-09-01,1,2548,1219,2003-09-01 00:00:00.000000000
20,Pagado,2003-10-01,1,2548,1219,2003-10-01 00:00:00.000000000
20,Pagado,2003-11-01,1,2548,1219,2003-11-01 00:00:00.000000000
40,Pagado,2004-06-01,1,2548,1219,2004-03-01 00:00:00.000000000
40,Pagado,2004-08-01,1,2548,1219,2004-07-01 00:00:00.000000000
40,Pagado,2004-10-01,1,2548,1219,2004-09-01 00:00:00.000000000
20,Pagado,2004-11-01,1,2548,1219,2004-11-01 00:00:00.000000000
20,Pagado,2005-03-01,1,2548,1219,2005-03-01 00:00:00.000000000
80,Pagado,2005-07-01,1,2548,1219,2005-04-01 00:00:00.000000000
40,Pagado,2005-09-01,1,2548,1219,2005-08-01 00:00:00.000000000
260,Pagado,2006-10-01,1,2548,1219,2005-10-01 00:00:00.000000000
160,Pagado,2007-06-01,1,2548,1219,2006-11-01 00:00:00.000000000
120,Pagado,2007-12-01,1,2548,1219,2007-07-01 00:00:00.000000000
120,Pagado,2008-06-01,1,2548,1219,2008-01-01 00:00:00.000000000
120,Pagado,2008-12-01,1,2548,1219,2008-07-01 00:00:00.000000000
20,Pagado,2003-09-01,1,2548,1220,2003-09-01 00:00:00.000000000
60,Pagado,2003-12-01,1,2548,1220,2003-10-01 00:00:00.000000000
300,Pagado,2005-04-01,1,2548,1220,2004-02-01 00:00:00.000000000
140,Pagado,2005-11-01,1,2548,1220,2005-05-01 00:00:00.000000000
60,Pagado,2006-02-01,1,2548,1220,2005-12-01 00:00:00.000000000
1900,Pagado,2014-01-01,1,2548,1220,2006-03-01 00:00:00.000000000
480,Pagado,2016-01-01,1,2548,1220,2014-02-01 00:00:00.000000000
500,Pagado,2018-02-01,1,2548,1220,2016-02-01 00:00:00.000000000
500,Pagado,2020-03-01,1,2548,1220,2018-03-01 00:00:00.000000000
1060,Pagado,2024-12-01,1,2548,1220,2021-02-01 00:00:00.000000000
80,Pagado,2003-12-01,1,2548,1221,2003-09-01 00:00:00.000000000
40,Pagado,2004-02-01,1,2548,1221,2004-01-01 00:00:00.000000000
40,Pagado,2004-11-01,1,2548,1221,2004-10-01 00:00:00.000000000
20,Pagado,2004-12-01,1,2548,1221,2004-12-01 00:00:00.000000000
20,Pagado,2005-02-01,1,2548,1221,2005-02-01 00:00:00.000000000
40,Pagado,2005-04-01,1,2548,1221,2005-03-01 00:00:00.000000000
20,Pagado,2005-05-01,1,2548,1221,2005-05-01 00:00:00.000000000
40,Pagado,2005-07-01,1,2548,1221,2005-06-01 00:00:00.000000000
20,Pagado,2005-08-01,1,2548,1221,2005-08-01 00:00:00.000000000
40,Pagado,2005-10-01,1,2548,1221,2005-09-01 00:00:00.000000000
20,Pagado,2005-11-01,1,2548,1221,2005-11-01 00:00:00.000000000
40,Pagado,2006-01-01,1,2548,1221,2005-12-01 00:00:00.000000000
100,Pagado,2006-06-01,1,2548,1221,2006-02-01 00:00:00.000000000
120,Pagado,2006-11-01,1,2548,1221,2006-07-01 00:00:00.000000000
20,Pagado,2007-01-01,1,2548,1221,2007-01-01 00:00:00.000000000
20,Pagado,2007-02-01,1,2548,1221,2007-02-01 00:00:00.000000000
160,Pagado,2007-10-01,1,2548,1221,2007-03-01 00:00:00.000000000
40,Pagado,2007-12-01,1,2548,1221,2007-11-01 00:00:00.000000000
100,Pagado,2008-05-01,1,2548,1221,2008-01-01 00:00:00.000000000
100,Pagado,2008-10-01,1,2548,1221,2008-06-01 00:00:00.000000000
100,Pagado,2009-03-01,1,2548,1221,2008-11-01 00:00:00.000000000
160,Pagado,2009-11-01,1,2548,1221,2009-04-01 00:00:00.000000000
100,Pagado,2010-04-01,1,2548,1221,2009-12-01 00:00:00.000000000
60,Pagado,2010-12-01,1,2548,1221,2010-10-01 00:00:00.000000000
240,Pagado,2011-12-01,1,2548,1221,2011-01-01 00:00:00.000000000
240,Pagado,2012-12-01,1,2548,1221,2012-01-01 00:00:00.000000000
240,Pagado,2013-12-01,1,2548,1221,2013-01-01 00:00:00.000000000
200,Pagado,2014-10-01,1,2548,1221,2014-01-01 00:00:00.000000000
40,Pagado,2014-12-01,1,2548,1221,2014-11-01 00:00:00.000000000
240,Pagado,2015-12-01,1,2548,1221,2015-01-01 00:00:00.000000000
180,Pagado,2018-09-01,1,2548,1221,2018-01-01 00:00:00.000000000
60,Pagado,2018-12-01,1,2548,1221,2018-10-01 00:00:00.000000000
220,Pagado,2019-11-01,1,2548,1221,2019-01-01 00:00:00.000000000
20,Pagado,2019-12-01,1,2548,1221,2019-12-01 00:00:00.000000000
240,Pagado,2020-12-01,1,2548,1221,2020-01-01 00:00:00.000000000
220,Pagado,2021-12-01,1,2548,1221,2021-02-01 00:00:00.000000000
240,Pagado,2022-12-01,1,2548,1221,2022-01-01 00:00:00.000000000
100,Pagado,2023-05-01,1,2548,1221,2023-01-01 00:00:00.000000000
180,Pagado,2024-06-01,1,2548,1221,2024-02-01 00:00:00.000000000
180,Pagado,2024-12-01,1,2548,1221,2024-07-01 00:00:00.000000000
100,Pagado,2004-01-01,1,2548,1222,2003-09-01 00:00:00.000000000
60,Pagado,2003-11-01,1,2548,1223,2003-09-01 00:00:00.000000000
20,Pagado,2003-12-01,1,2548,1223,2003-12-01 00:00:00.000000000
140,Pagado,2004-07-01,1,2548,1223,2004-01-01 00:00:00.000000000
100,Pagado,2004-12-01,1,2548,1223,2004-08-01 00:00:00.000000000
120,Pagado,2005-06-01,1,2548,1223,2005-01-01 00:00:00.000000000
120,Pagado,2005-12-01,1,2548,1223,2005-07-01 00:00:00.000000000
140,Pagado,2006-07-01,1,2548,1223,2006-01-01 00:00:00.000000000
120,Pagado,2007-01-01,1,2548,1223,2006-08-01 00:00:00.000000000
100,Pagado,2007-06-01,1,2548,1223,2007-02-01 00:00:00.000000000
160,Pagado,2008-02-01,1,2548,1223,2007-07-01 00:00:00.000000000
40,Pagado,2008-04-01,1,2548,1223,2008-03-01 00:00:00.000000000
60,Pagado,2008-07-01,1,2548,1223,2008-05-01 00:00:00.000000000
80,Pagado,2008-11-01,1,2548,1223,2008-08-01 00:00:00.000000000
20,Pagado,2008-12-01,1,2548,1223,2008-12-01 00:00:00.000000000
20,Pagado,2009-01-01,1,2548,1223,2009-01-01 00:00:00.000000000
40,Pagado,2009-03-01,1,2548,1223,2009-02-01 00:00:00.000000000
60,Pagado,2009-06-01,1,2548,1223,2009-04-01 00:00:00.000000000
60,Pagado,2009-09-01,1,2548,1223,2009-07-01 00:00:00.000000000
40,Pagado,2009-11-01,1,2548,1223,2009-10-01 00:00:00.000000000
80,Pagado,2010-03-01,1,2548,1223,2009-12-01 00:00:00.000000000
60,Pagado,2010-06-01,1,2548,1223,2010-04-01 00:00:00.000000000
40,Pagado,2010-11-01,1,2548,1223,2010-10-01 00:00:00.000000000
20,Pagado,2010-12-01,1,2548,1223,2010-12-01 00:00:00.000000000
60,Pagado,2011-03-01,1,2548,1223,2011-01-01 00:00:00.000000000
60,Pagado,2011-06-01,1,2548,1223,2011-04-01 00:00:00.000000000
60,Pagado,2011-09-01,1,2548,1223,2011-07-01 00:00:00.000000000
40,Pagado,2011-11-01,1,2548,1223,2011-10-01 00:00:00.000000000
20,Pagado,2011-12-01,1,2548,1223,2011-12-01 00:00:00.000000000
100,Pagado,2012-05-01,1,2548,1223,2012-01-01 00:00:00.000000000
100,Pagado,2012-10-01,1,2548,1223,2012-06-01 00:00:00.000000000
40,Pagado,2012-12-01,1,2548,1223,2012-11-01 00:00:00.000000000
100,Pagado,2013-05-01,1,2548,1223,2013-01-01 00:00:00.000000000
100,Pagado,2013-10-01,1,2548,1223,2013-06-01 00:00:00.000000000
40,Pagado,2013-12-01,1,2548,1223,2013-11-01 00:00:00.000000000
20,Pagado,2014-01-01,1,2548,1223,2014-01-01 00:00:00.000000000
20,Pagado,2014-02-01,1,2548,1223,2014-02-01 00:00:00.000000000
160,Pagado,2014-10-01,1,2548,1223,2014-03-01 00:00:00.000000000
40,Pagado,2014-12-01,1,2548,1223,2014-11-01 00:00:00.000000000
100,Pagado,2015-05-01,1,2548,1223,2015-01-01 00:00:00.000000000
140,Pagado,2015-12-01,1,2548,1223,2015-06-01 00:00:00.000000000
200,Pagado,2016-10-01,1,2548,1223,2016-01-01 00:00:00.000000000
40,Pagado,2016-12-01,1,2548,1223,2016-11-01 00:00:00.000000000
40,Pagado,2017-02-01,1,2548,1223,2017-01-01 00:00:00.000000000
100,Pagado,2017-07-01,1,2548,1223,2017-03-01 00:00:00.000000000
100,Pagado,2017-12-01,1,2548,1223,2017-08-01 00:00:00.000000000
140,Pagado,2018-07-01,1,2548,1223,2018-01-01 00:00:00.000000000
40,Pagado,2018-09-01,1,2548,1223,2018-08-01 00:00:00.000000000
60,Pagado,2018-12-01,1,2548,1223,2018-10-01 00:00:00.000000000
140,Pagado,2019-07-01,1,2548,1223,2019-01-01 00:00:00.000000000
100,Pagado,2019-12-01,1,2548,1223,2019-08-01 00:00:00.000000000
100,Pagado,2020-05-01,1,2548,1223,2020-01-01 00:00:00.000000000
140,Pagado,2020-12-01,1,2548,1223,2020-06-01 00:00:00.000000000
200,Pagado,2021-10-01,1,2548,1223,2021-01-01 00:00:00.000000000
200,Pagado,2022-10-01,1,2548,1223,2022-01-01 00:00:00.000000000
40,Pagado,2022-12-01,1,2548,1223,2022-11-01 00:00:00.000000000
40,Pagado,2023-12-01,1,2548,1223,2023-11-01 00:00:00.000000000
300,Pagado,2024-10-01,1,2548,1223,2024-01-01 00:00:00.000000000
60,Pagado,2024-12-01,1,2548,1223,2024-11-01 00:00:00.000000000
300,Pagado,2025-10-01,1,2548,1223,2025-01-01 00:00:00.000000000
60,Pagado,2025-12-01,1,2548,1223,2025-11-01 00:00:00.000000000
40,Pagado,2003-10-01,1,2548,1224,2003-09-01 00:00:00.000000000
40,Pagado,2003-10-01,1,2548,1226,2003-09-01 00:00:00.000000000
20,Pagado,2003-11-01,1,2548,1226,2003-11-01 00:00:00.000000000
200,Pagado,2004-09-01,1,2548,1226,2003-12-01 00:00:00.000000000
200,Pagado,2005-07-01,1,2548,1226,2004-10-01 00:00:00.000000000
20,Pagado,2006-07-01,1,2548,1226,2006-07-01 00:00:00.000000000
240,Pagado,2006-07-01,1,2548,1226,2005-08-01 00:00:00.000000000
240,Pagado,2007-07-01,1,2548,1226,2006-08-01 00:00:00.000000000
1000,Pagado,2007-10-01,1,2548,1227,2003-09-01 00:00:00.000000000
620,Pagado,2010-05-01,1,2548,1227,2007-11-01 00:00:00.000000000
180,Pagado,2011-02-01,1,2548,1227,2010-06-01 00:00:00.000000000
200,Pagado,2011-12-01,1,2548,1227,2011-03-01 00:00:00.000000000
240,Pagado,2012-12-01,1,2548,1227,2012-01-01 00:00:00.000000000
480,Pagado,2014-12-01,1,2548,1227,2013-01-01 00:00:00.000000000
240,Pagado,2015-12-01,1,2548,1227,2015-01-01 00:00:00.000000000
920,Pagado,2007-07-01,1,2548,1228,2003-09-01 00:00:00.000000000
40,Pagado,2003-10-01,1,2548,1229,2003-09-01 00:00:00.000000000
20,Pagado,2003-11-01,1,2548,1229,2003-11-01 00:00:00.000000000
980,Pagado,2007-12-01,1,2548,1229,2003-12-01 00:00:00.000000000
240,Pagado,2008-12-01,1,2548,1229,2008-01-01 00:00:00.000000000
200,Pagado,2009-10-01,1,2548,1229,2009-01-01 00:00:00.000000000
20,Pagado,2009-11-01,1,2548,1229,2009-11-01 00:00:00.000000000
80,Pagado,2010-03-01,1,2548,1229,2009-12-01 00:00:00.000000000
20,Pagado,2010-04-01,1,2548,1229,2010-04-01 00:00:00.000000000
140,Pagado,2010-11-01,1,2548,1229,2010-05-01 00:00:00.000000000
240,Pagado,2011-11-01,1,2548,1229,2010-12-01 00:00:00.000000000
240,Pagado,2013-11-01,1,2548,1229,2012-12-01 00:00:00.000000000
240,Pagado,2014-11-01,1,2548,1229,2013-12-01 00:00:00.000000000
240,Pagado,2015-11-01,1,2548,1229,2014-12-01 00:00:00.000000000
460,Pagado,2017-10-01,1,2548,1229,2015-12-01 00:00:00.000000000
240,Pagado,2018-10-01,1,2548,1229,2017-11-01 00:00:00.000000000
40,Pagado,2018-12-01,1,2548,1229,2018-11-01 00:00:00.000000000
240,Pagado,2019-12-01,1,2548,1229,2019-01-01 00:00:00.000000000
240,Pagado,2020-12-01,1,2548,1229,2020-01-01 00:00:00.000000000
240,Pagado,2021-12-01,1,2548,1229,2021-01-01 00:00:00.000000000
240,Pagado,2022-12-01,1,2548,1229,2022-01-01 00:00:00.000000000
240,Pagado,2023-12-01,1,2548,1229,2023-01-01 00:00:00.000000000
360,Pagado,2024-12-01,1,2548,1229,2024-01-01 00:00:00.000000000
360,Pagado,2025-12-01,1,2548,1229,2025-01-01 00:00:00.000000000
80,Pagado,2003-12-01,1,2548,1230,2003-09-01 00:00:00.000000000
20,Pagado,2004-05-01,1,2548,1230,2004-05-01 00:00:00.000000000
80,Pagado,2004-09-01,1,2548,1230,2004-06-01 00:00:00.000000000
140,Pagado,2005-04-01,1,2548,1230,2004-10-01 00:00:00.000000000
200,Pagado,2006-02-01,1,2548,1230,2005-05-01 00:00:00.000000000
140,Pagado,2006-09-01,1,2548,1230,2006-03-01 00:00:00.000000000
20,Pagado,2006-10-01,1,2548,1230,2006-10-01 00:00:00.000000000
40,Pagado,2006-12-01,1,2548,1230,2006-11-01 00:00:00.000000000
220,Pagado,2007-11-01,1,2548,1230,2007-01-01 00:00:00.000000000
40,Pagado,2008-01-01,1,2548,1230,2007-12-01 00:00:00.000000000
40,Pagado,2008-03-01,1,2548,1230,2008-02-01 00:00:00.000000000
60,Pagado,2008-06-01,1,2548,1230,2008-04-01 00:00:00.000000000
20,Pagado,2008-07-01,1,2548,1230,2008-07-01 00:00:00.000000000
60,Pagado,2008-10-01,1,2548,1230,2008-08-01 00:00:00.000000000
240,Pagado,2009-10-01,1,2548,1230,2008-11-01 00:00:00.000000000
20,Pagado,2009-11-01,1,2548,1230,2009-11-01 00:00:00.000000000
20,Pagado,2009-12-01,1,2548,1230,2009-12-01 00:00:00.000000000
80,Pagado,2010-04-01,1,2548,1230,2010-01-01 00:00:00.000000000
20,Pagado,2010-05-01,1,2548,1230,2010-05-01 00:00:00.000000000
120,Pagado,2010-11-01,1,2548,1230,2010-06-01 00:00:00.000000000
240,Pagado,2011-11-01,1,2548,1230,2010-12-01 00:00:00.000000000
240,Pagado,2012-11-01,1,2548,1230,2011-12-01 00:00:00.000000000
220,Pagado,2013-10-01,1,2548,1230,2012-12-01 00:00:00.000000000
20,Pagado,2013-11-01,1,2548,1230,2013-11-01 00:00:00.000000000
260,Pagado,2014-12-01,1,2548,1230,2013-12-01 00:00:00.000000000
240,Pagado,2015-11-01,1,2548,1230,2015-12-01 00:00:00.000000000
260,Pagado,2017-12-01,1,2548,1230,2016-12-01 00:00:00.000000000
180,Pagado,2018-09-01,1,2548,1230,2018-01-01 00:00:00.000000000
60,Pagado,2018-12-01,1,2548,1230,2018-10-01 00:00:00.000000000
220,Pagado,2019-11-01,1,2548,1230,2019-01-01 00:00:00.000000000
20,Pagado,2019-12-01,1,2548,1230,2019-12-01 00:00:00.000000000
240,Pagado,2020-12-01,1,2548,1230,2020-01-01 00:00:00.000000000
240,Pagado,2021-12-01,1,2548,1230,2021-01-01 00:00:00.000000000
240,Pagado,2022-12-01,1,2548,1230,2022-01-01 00:00:00.000000000
360,Pagado,2024-12-01,1,2548,1230,2024-01-01 00:00:00.000000000
360,Pagado,2025-12-01,1,2548,1230,2025-01-01 00:00:00.000000000
80,Pagado,2003-12-01,1,2548,1231,2003-09-01 00:00:00.000000000
360,Pagado,2005-06-01,1,2548,1231,2004-01-01 00:00:00.000000000
260,Pagado,2006-07-01,1,2548,1231,2005-07-01 00:00:00.000000000
100,Pagado,2006-12-01,1,2548,1231,2006-08-01 00:00:00.000000000
200,Pagado,2007-10-01,1,2548,1231,2007-01-01 00:00:00.000000000
60,Pagado,2003-11-01,1,2548,1232,2003-09-01 00:00:00.000000000
20,Pagado,2003-12-01,1,2548,1232,2003-12-01 00:00:00.000000000
20,Pagado,2004-01-01,1,2548,1232,2004-01-01 00:00:00.000000000
40,Pagado,2004-07-01,1,2548,1232,2004-06-01 00:00:00.000000000
120,Pagado,2005-01-01,1,2548,1232,2004-08-01 00:00:00.000000000
260,Pagado,2006-02-01,1,2548,1232,2005-02-01 00:00:00.000000000
400,Pagado,2007-10-01,1,2548,1232,2006-03-01 00:00:00.000000000
1500,Pagado,2014-01-01,1,2548,1232,2007-11-01 00:00:00.000000000
40,Pagado,2003-10-01,1,2548,1233,2003-09-01 00:00:00.000000000
40,Pagado,2003-12-01,1,2548,1233,2003-11-01 00:00:00.000000000
20,Pagado,2004-02-01,1,2548,1233,2004-02-01 00:00:00.000000000
20,Pagado,2004-03-01,1,2548,1233,2004-03-01 00:00:00.000000000
20,Pagado,2004-04-01,1,2548,1233,2004-04-01 00:00:00.000000000
20,Pagado,2004-05-01,1,2548,1233,2004-05-01 00:00:00.000000000
20,Pagado,2004-06-01,1,2548,1233,2004-06-01 00:00:00.000000000
60,Pagado,2004-09-01,1,2548,1233,2004-07-01 00:00:00.000000000
20,Pagado,2004-10-01,1,2548,1233,2004-10-01 00:00:00.000000000
20,Pagado,2004-11-01,1,2548,1233,2004-11-01 00:00:00.000000000
20,Pagado,2004-12-01,1,2548,1233,2004-12-01 00:00:00.000000000
20,Pagado,2005-01-01,1,2548,1233,2005-01-01 00:00:00.000000000
40,Pagado,2005-03-01,1,2548,1233,2005-02-01 00:00:00.000000000
40,Pagado,2005-05-01,1,2548,1233,2005-04-01 00:00:00.000000000
20,Pagado,2005-06-01,1,2548,1233,2005-06-01 00:00:00.000000000
40,Pagado,2005-06-01,1,2548,1233,2005-05-01 00:00:00.000000000
20,Pagado,2005-07-01,1,2548,1233,2005-07-01 00:00:00.000000000
20,Pagado,2005-08-01,1,2548,1233,2005-08-01 00:00:00.000000000
20,Pagado,2005-09-01,1,2548,1233,2005-09-01 00:00:00.000000000
20,Pagado,2005-10-01,1,2548,1233,2005-10-01 00:00:00.000000000
20,Pagado,2005-11-01,1,2548,1233,2005-11-01 00:00:00.000000000
20,Pagado,2006-01-01,1,2548,1233,2006-01-01 00:00:00.000000000
20,Pagado,2006-02-01,1,2548,1233,2006-02-01 00:00:00.000000000
20,Pagado,2006-03-01,1,2548,1233,2006-03-01 00:00:00.000000000
20,Pagado,2006-04-01,1,2548,1233,2006-04-01 00:00:00.000000000
20,Pagado,2006-07-01,1,2548,1233,2006-07-01 00:00:00.000000000
20,Pagado,2006-08-01,1,2548,1233,2006-08-01 00:00:00.000000000
20,Pagado,2006-09-01,1,2548,1233,2006-09-01 00:00:00.000000000
20,Pagado,2006-10-01,1,2548,1233,2006-10-01 00:00:00.000000000
40,Pagado,2006-12-01,1,2548,1233,2006-11-01 00:00:00.000000000
100,Pagado,2007-05-01,1,2548,1233,2007-01-01 00:00:00.000000000
40,Pagado,2007-07-01,1,2548,1233,2007-06-01 00:00:00.000000000
100,Pagado,2007-12-01,1,2548,1233,2007-08-01 00:00:00.000000000
200,Pagado,2008-10-01,1,2548,1233,2008-01-01 00:00:00.000000000
100,Pagado,2009-03-01,1,2548,1233,2008-11-01 00:00:00.000000000
100,Pagado,2009-08-01,1,2548,1233,2009-04-01 00:00:00.000000000
80,Pagado,2009-12-01,1,2548,1233,2009-09-01 00:00:00.000000000
100,Pagado,2010-05-01,1,2548,1233,2010-01-01 00:00:00.000000000
120,Pagado,2010-11-01,1,2548,1233,2010-06-01 00:00:00.000000000
100,Pagado,2011-04-01,1,2548,1233,2010-12-01 00:00:00.000000000
140,Pagado,2011-11-01,1,2548,1233,2011-05-01 00:00:00.000000000
120,Pagado,2004-03-01,1,2548,1234,2003-10-01 00:00:00.000000000
20,Pagado,2004-07-01,1,2548,1234,2004-07-01 00:00:00.000000000
100,Pagado,2004-02-01,1,2548,1235,2003-10-01 00:00:00.000000000
20,Pagado,2004-03-01,1,2548,1235,2004-03-01 00:00:00.000000000
60,Pagado,2004-06-01,1,2548,1235,2004-04-01 00:00:00.000000000
40,Pagado,2004-08-01,1,2548,1235,2004-07-01 00:00:00.000000000
1400,Pagado,2010-06-01,1,2548,1235,2004-09-01 00:00:00.000000000
240,Pagado,2011-06-01,1,2548,1235,2010-07-01 00:00:00.000000000
500,Pagado,2013-07-01,1,2548,1235,2011-07-01 00:00:00.000000000
960,Pagado,2017-07-01,1,2548,1235,2013-08-01 00:00:00.000000000
20,Pagado,2003-10-01,1,2548,1236,2003-10-01 00:00:00.000000000
280,Pagado,2004-12-01,1,2548,1236,2003-11-01 00:00:00.000000000
1300,Pagado,2010-05-01,1,2548,1236,2005-01-01 00:00:00.000000000
300,Pagado,2011-08-01,1,2548,1236,2010-06-01 00:00:00.000000000
500,Pagado,2013-09-01,1,2548,1236,2011-09-01 00:00:00.000000000
240,Pagado,2014-09-01,1,2548,1236,2013-10-01 00:00:00.000000000
240,Pagado,2016-10-01,1,2548,1236,2014-10-01 00:00:00.000000000
240,Pagado,2017-10-01,1,2548,1236,2016-11-01 00:00:00.000000000
210,Pagado,2024-12-01,1,2548,1236,2024-06-01 00:00:00.000000000
360,Pagado,2025-12-01,1,2548,1236,2025-01-01 00:00:00.000000000
400,Pagado,2005-05-01,1,2548,1237,2003-10-01 00:00:00.000000000
100,Pagado,2005-10-01,1,2548,1237,2005-06-01 00:00:00.000000000
400,Pagado,2007-06-01,1,2548,1237,2005-11-01 00:00:00.000000000
60,Pagado,2003-12-01,1,2548,1238,2003-10-01 00:00:00.000000000
20,Pagado,2004-01-01,1,2548,1238,2004-01-01 00:00:00.000000000
20,Pagado,2004-02-01,1,2548,1238,2004-02-01 00:00:00.000000000
200,Pagado,2004-12-01,1,2548,1238,2004-03-01 00:00:00.000000000
20,Pagado,2005-01-01,1,2548,1238,2005-01-01 00:00:00.000000000
20,Pagado,2005-02-01,1,2548,1238,2005-02-01 00:00:00.000000000
20,Pagado,2005-03-01,1,2548,1238,2005-03-01 00:00:00.000000000
40,Pagado,2005-05-01,1,2548,1238,2005-04-01 00:00:00.000000000
100,Pagado,2005-09-01,1,2548,1238,2005-06-01 00:00:00.000000000
100,Pagado,2006-03-01,1,2548,1238,2005-11-01 00:00:00.000000000
60,Pagado,2006-06-01,1,2548,1238,2006-04-01 00:00:00.000000000
120,Pagado,2006-12-01,1,2548,1238,2006-07-01 00:00:00.000000000
240,Pagado,2007-12-01,1,2548,1238,2007-01-01 00:00:00.000000000
500,Pagado,2010-01-01,1,2548,1238,2008-01-01 00:00:00.000000000
200,Pagado,2010-11-01,1,2548,1238,2010-02-01 00:00:00.000000000
240,Pagado,2013-11-01,1,2548,1238,2012-12-01 00:00:00.000000000
240,Pagado,2014-11-01,1,2548,1238,2013-12-01 00:00:00.000000000
240,Pagado,2015-11-01,1,2548,1238,2014-12-01 00:00:00.000000000
240,Pagado,2016-11-01,1,2548,1238,2015-12-01 00:00:00.000000000
240,Pagado,2017-11-01,1,2548,1238,2016-12-01 00:00:00.000000000
240,Pagado,2018-11-01,1,2548,1238,2017-12-01 00:00:00.000000000
240,Pagado,2019-11-01,1,2548,1238,2018-12-01 00:00:00.000000000
240,Pagado,2020-11-01,1,2548,1238,2019-12-01 00:00:00.000000000
240,Pagado,2021-11-01,1,2548,1238,2020-12-01 00:00:00.000000000
260,Pagado,2022-12-01,1,2548,1238,2021-12-01 00:00:00.000000000
100,Pagado,2023-05-01,1,2548,1238,2023-01-01 00:00:00.000000000
140,Pagado,2023-12-01,1,2548,1238,2023-06-01 00:00:00.000000000
360,Pagado,2024-12-01,1,2548,1238,2024-01-01 00:00:00.000000000
90,Pagado,2025-03-01,1,2548,1238,2025-01-01 00:00:00.000000000
90,Pagado,2025-06-01,1,2548,1238,2025-04-01 00:00:00.000000000
180,Pagado,2025-12-01,1,2548,1238,2025-07-01 00:00:00.000000000
20,Pagado,2003-10-01,1,2548,1239,2003-10-01 00:00:00.000000000
60,Pagado,2004-01-01,1,2548,1239,2003-11-01 00:00:00.000000000
200,Pagado,2004-11-01,1,2548,1239,2004-02-01 00:00:00.000000000
500,Pagado,2006-12-01,1,2548,1239,2004-12-01 00:00:00.000000000
300,Pagado,2008-03-01,1,2548,1239,2007-01-01 00:00:00.000000000
500,Pagado,2010-04-01,1,2548,1239,2008-04-01 00:00:00.000000000
40,Pagado,2003-11-01,1,2548,1240,2003-10-01 00:00:00.000000000
40,Pagado,2004-01-01,1,2548,1240,2003-12-01 00:00:00.000000000
500,Pagado,2006-07-01,1,2548,1240,2004-07-01 00:00:00.000000000
20,Pagado,2003-10-01,1,2548,1241,2003-10-01 00:00:00.000000000
60,Pagado,2003-12-01,1,2548,1242,2003-10-01 00:00:00.000000000
60,Pagado,2003-12-01,1,2548,1243,2003-10-01 00:00:00.000000000
60,Pagado,2004-03-01,1,2548,1243,2004-01-01 00:00:00.000000000
60,Pagado,2005-03-01,1,2548,1243,2005-01-01 00:00:00.000000000
60,Pagado,2005-06-01,1,2548,1243,2005-04-01 00:00:00.000000000
220,Pagado,2006-05-01,1,2548,1243,2005-07-01 00:00:00.000000000
300,Pagado,2007-08-01,1,2548,1243,2006-06-01 00:00:00.000000000
40,Pagado,2007-10-01,1,2548,1243,2007-09-01 00:00:00.000000000
60,Pagado,2003-12-01,1,2548,1244,2003-10-01 00:00:00.000000000
200,Pagado,2004-10-01,1,2548,1244,2004-01-01 00:00:00.000000000
20,Pagado,2004-11-01,1,2548,1244,2004-11-01 00:00:00.000000000
210,Pagado,2024-12-01,1,2548,1244,2024-06-01 00:00:00.000000000
90,Pagado,2025-03-01,1,2548,1244,2025-01-01 00:00:00.000000000
150,Pagado,2025-08-01,1,2548,1244,2025-04-01 00:00:00.000000000
120,Pagado,2025-12-01,1,2548,1244,2025-09-01 00:00:00.000000000
660,Pagado,2006-06-01,1,2548,1245,2003-10-01 00:00:00.000000000
40,Pagado,2006-08-01,1,2548,1245,2006-07-01 00:00:00.000000000
20,Pagado,2003-11-01,1,2548,1246,2003-11-01 00:00:00.000000000
100,Pagado,2004-04-01,1,2548,1246,2003-12-01 00:00:00.000000000
100,Pagado,2004-09-01,1,2548,1246,2004-05-01 00:00:00.000000000
620,Pagado,2007-04-01,1,2548,1246,2004-10-01 00:00:00.000000000
400,Pagado,2008-12-01,1,2548,1246,2007-05-01 00:00:00.000000000
240,Pagado,2012-01-01,1,2548,1246,2011-02-01 00:00:00.000000000
60,Pagado,2004-01-01,1,2548,1247,2003-11-01 00:00:00.000000000
440,Pagado,2005-11-01,1,2548,1247,2004-02-01 00:00:00.000000000
60,Pagado,2006-02-01,1,2548,1247,2005-12-01 00:00:00.000000000
200,Pagado,2006-12-01,1,2548,1247,2006-05-01 00:00:00.000000000
460,Pagado,2008-11-01,1,2548,1247,2007-01-01 00:00:00.000000000
240,Pagado,2009-11-01,1,2548,1247,2008-12-01 00:00:00.000000000
240,Pagado,2010-11-01,1,2548,1247,2009-12-01 00:00:00.000000000
240,Pagado,2011-11-01,1,2548,1247,2010-12-01 00:00:00.000000000
260,Pagado,2012-12-01,1,2548,1247,2011-12-01 00:00:00.000000000
240,Pagado,2013-12-01,1,2548,1247,2013-01-01 00:00:00.000000000
240,Pagado,2014-12-01,1,2548,1247,2014-01-01 00:00:00.000000000
720,Pagado,2017-12-01,1,2548,1247,2015-01-01 00:00:00.000000000
140,Pagado,2018-09-01,1,2548,1247,2018-03-01 00:00:00.000000000
60,Pagado,2018-12-01,1,2548,1247,2018-10-01 00:00:00.000000000
240,Pagado,2019-12-01,1,2548,1247,2019-01-01 00:00:00.000000000
180,Pagado,2020-09-01,1,2548,1247,2020-01-01 00:00:00.000000000
300,Pagado,2021-12-01,1,2548,1247,2020-10-01 00:00:00.000000000
240,Pagado,2022-12-01,1,2548,1247,2022-01-01 00:00:00.000000000
300,Pagado,2024-10-01,1,2548,1247,2024-01-01 00:00:00.000000000
60,Pagado,2024-12-01,1,2548,1247,2024-11-01 00:00:00.000000000
360,Pagado,2025-12-01,1,2548,1247,2025-01-01 00:00:00.000000000
20,Pagado,2003-11-01,1,2548,1248,2003-11-01 00:00:00.000000000
20,Pagado,2003-12-01,1,2548,1248,2003-12-01 00:00:00.000000000
100,Pagado,2004-05-01,1,2548,1248,2004-01-01 00:00:00.000000000
40,Pagado,2003-12-01,1,2548,1249,2003-11-01 00:00:00.000000000
600,Pagado,2010-05-01,1,2548,1249,2007-12-01 00:00:00.000000000
400,Pagado,2005-05-01,1,2548,1250,2003-10-01 00:00:00.000000000
600,Pagado,2007-11-01,1,2548,1250,2005-06-01 00:00:00.000000000
740,Pagado,2010-12-01,1,2548,1250,2007-12-01 00:00:00.000000000
20,Pagado,2011-03-01,1,2548,1250,2011-03-01 00:00:00.000000000
40,Pagado,2011-05-01,1,2548,1250,2011-04-01 00:00:00.000000000
140,Pagado,2011-12-01,1,2548,1250,2011-06-01 00:00:00.000000000
200,Pagado,2012-10-01,1,2548,1250,2012-01-01 00:00:00.000000000
40,Pagado,2012-12-01,1,2548,1250,2012-11-01 00:00:00.000000000
240,Pagado,2013-12-01,1,2548,1250,2013-01-01 00:00:00.000000000
240,Pagado,2014-12-01,1,2548,1250,2014-01-01 00:00:00.000000000
240,Pagado,2015-12-01,1,2548,1250,2015-01-01 00:00:00.000000000
240,Pagado,2016-12-01,1,2548,1250,2016-01-01 00:00:00.000000000
240,Pagado,2017-12-01,1,2548,1250,2017-01-01 00:00:00.000000000
180,Pagado,2018-09-01,1,2548,1250,2018-01-01 00:00:00.000000000
20,Pagado,2018-10-01,1,2548,1250,2018-10-01 00:00:00.000000000
40,Pagado,2018-12-01,1,2548,1250,2018-11-01 00:00:00.000000000
240,Pagado,2019-12-01,1,2548,1250,2019-01-01 00:00:00.000000000
240,Pagado,2020-12-01,1,2548,1250,2020-01-01 00:00:00.000000000
240,Pagado,2021-12-01,1,2548,1250,2021-01-01 00:00:00.000000000
240,Pagado,2022-12-01,1,2548,1250,2022-01-01 00:00:00.000000000
180,Pagado,2023-09-01,1,2548,1250,2023-01-01 00:00:00.000000000
60,Pagado,2023-12-01,1,2548,1250,2023-10-01 00:00:00.000000000
360,Pagado,2024-12-01,1,2548,1250,2024-01-01 00:00:00.000000000
360,Pagado,2025-12-01,1,2548,1250,2025-01-01 00:00:00.000000000
40,Pagado,2003-12-01,1,2548,1251,2003-11-01 00:00:00.000000000
40,Pagado,2004-02-01,1,2548,1251,2004-01-01 00:00:00.000000000
40,Pagado,2004-04-01,1,2548,1251,2004-03-01 00:00:00.000000000
100,Pagado,2004-09-01,1,2548,1251,2004-05-01 00:00:00.000000000
200,Pagado,2005-07-01,1,2548,1251,2004-10-01 00:00:00.000000000
3480,Pagado,2020-01-01,1,2548,1251,2005-08-01 00:00:00.000000000
20,Pagado,2003-11-01,1,2548,1252,2003-11-01 00:00:00.000000000
100,Pagado,2004-04-01,1,2548,1252,2003-12-01 00:00:00.000000000
300,Pagado,2005-07-01,1,2548,1252,2004-05-01 00:00:00.000000000
260,Pagado,2006-08-01,1,2548,1252,2005-08-01 00:00:00.000000000
500,Pagado,2008-09-01,1,2548,1252,2006-09-01 00:00:00.000000000
500,Pagado,2010-10-01,1,2548,1252,2008-10-01 00:00:00.000000000
300,Pagado,2012-01-01,1,2548,1252,2010-11-01 00:00:00.000000000
300,Pagado,2013-04-01,1,2548,1252,2012-02-01 00:00:00.000000000
200,Pagado,2004-08-01,1,2548,1253,2003-11-01 00:00:00.000000000
20,Pagado,2003-11-01,1,2548,1254,2003-11-01 00:00:00.000000000
100,Pagado,2004-04-01,1,2548,1254,2003-12-01 00:00:00.000000000
100,Pagado,2004-09-01,1,2548,1254,2004-05-01 00:00:00.000000000
100,Pagado,2005-02-01,1,2548,1254,2004-10-01 00:00:00.000000000
100,Pagado,2005-07-01,1,2548,1254,2005-03-01 00:00:00.000000000
100,Pagado,2005-12-01,1,2548,1254,2005-08-01 00:00:00.000000000
100,Pagado,2006-05-01,1,2548,1254,2006-01-01 00:00:00.000000000
100,Pagado,2007-03-01,1,2548,1254,2006-11-01 00:00:00.000000000
120,Pagado,2007-09-01,1,2548,1254,2007-04-01 00:00:00.000000000
100,Pagado,2008-02-01,1,2548,1254,2007-10-01 00:00:00.000000000
100,Pagado,2008-07-01,1,2548,1254,2008-03-01 00:00:00.000000000
100,Pagado,2008-12-01,1,2548,1254,2008-08-01 00:00:00.000000000
100,Pagado,2009-05-01,1,2548,1254,2009-01-01 00:00:00.000000000
200,Pagado,2010-03-01,1,2548,1254,2009-06-01 00:00:00.000000000
200,Pagado,2011-01-01,1,2548,1254,2010-04-01 00:00:00.000000000
220,Pagado,2011-12-01,1,2548,1254,2011-02-01 00:00:00.000000000
40,Pagado,2012-02-01,1,2548,1254,2012-01-01 00:00:00.000000000
40,Pagado,2012-04-01,1,2548,1254,2012-03-01 00:00:00.000000000
160,Pagado,2012-12-01,1,2548,1254,2012-05-01 00:00:00.000000000
120,Pagado,2013-06-01,1,2548,1254,2013-01-01 00:00:00.000000000
120,Pagado,2013-12-01,1,2548,1254,2013-07-01 00:00:00.000000000
100,Pagado,2014-05-01,1,2548,1254,2014-01-01 00:00:00.000000000
140,Pagado,2014-12-01,1,2548,1254,2014-06-01 00:00:00.000000000
240,Pagado,2015-12-01,1,2548,1254,2015-01-01 00:00:00.000000000
240,Pagado,2016-12-01,1,2548,1254,2016-01-01 00:00:00.000000000
240,Pagado,2017-12-01,1,2548,1254,2017-01-01 00:00:00.000000000
180,Pagado,2018-09-01,1,2548,1254,2018-01-01 00:00:00.000000000
60,Pagado,2018-12-01,1,2548,1254,2018-10-01 00:00:00.000000000
200,Pagado,2019-10-01,1,2548,1254,2019-01-01 00:00:00.000000000
40,Pagado,2019-12-01,1,2548,1254,2019-11-01 00:00:00.000000000
240,Pagado,2020-12-01,1,2548,1254,2020-01-01 00:00:00.000000000
240,Pagado,2021-12-01,1,2548,1254,2021-01-01 00:00:00.000000000
240,Pagado,2022-12-01,1,2548,1254,2022-01-01 00:00:00.000000000
360,Pagado,2024-12-01,1,2548,1254,2024-01-01 00:00:00.000000000
360,Pagado,2025-12-01,1,2548,1254,2025-01-01 00:00:00.000000000
40,Pagado,2003-12-01,1,2548,1255,2003-11-01 00:00:00.000000000
100,Pagado,2004-10-01,1,2548,1255,2004-06-01 00:00:00.000000000
20,Pagado,2004-11-01,1,2548,1255,2004-11-01 00:00:00.000000000
40,Pagado,2003-12-01,1,2548,1256,2003-11-01 00:00:00.000000000
200,Pagado,2004-10-01,1,2548,1256,2004-01-01 00:00:00.000000000
40,Pagado,2003-12-01,1,2548,1257,2003-11-01 00:00:00.000000000
20,Pagado,2004-01-01,1,2548,1257,2004-01-01 00:00:00.000000000
140,Pagado,2004-08-01,1,2548,1257,2004-02-01 00:00:00.000000000
140,Pagado,2004-08-01,1,2548,1257,2004-02-01 00:00:00.000000000
100,Pagado,2005-01-01,1,2548,1257,2004-09-01 00:00:00.000000000
20,Pagado,2003-11-01,1,2548,1258,2003-11-01 00:00:00.000000000
40,Pagado,2004-01-01,1,2548,1258,2003-12-01 00:00:00.000000000
60,Pagado,2004-04-01,1,2548,1258,2004-02-01 00:00:00.000000000
20,Pagado,2004-06-01,1,2548,1258,2004-06-01 00:00:00.000000000
40,Pagado,2004-09-01,1,2548,1258,2004-08-01 00:00:00.000000000
20,Pagado,2004-10-01,1,2548,1258,2004-10-01 00:00:00.000000000
40,Pagado,2004-12-01,1,2548,1258,2004-11-01 00:00:00.000000000
20,Pagado,2005-01-01,1,2548,1258,2005-01-01 00:00:00.000000000
20,Pagado,2005-02-01,1,2548,1258,2005-02-01 00:00:00.000000000
200,Pagado,2005-12-01,1,2548,1258,2005-03-01 00:00:00.000000000
100,Pagado,2006-05-01,1,2548,1258,2006-01-01 00:00:00.000000000
160,Pagado,2007-01-01,1,2548,1258,2006-06-01 00:00:00.000000000
40,Pagado,2007-03-01,1,2548,1258,2007-02-01 00:00:00.000000000
40,Pagado,2007-04-01,1,2548,1258,2007-04-01 00:00:00.000000000
20,Pagado,2007-06-01,1,2548,1258,2007-06-01 00:00:00.000000000
120,Pagado,2007-12-01,1,2548,1258,2007-07-01 00:00:00.000000000
100,Pagado,2008-05-01,1,2548,1258,2008-01-01 00:00:00.000000000
140,Pagado,2008-12-01,1,2548,1258,2008-06-01 00:00:00.000000000
100,Pagado,2004-05-01,1,2548,1259,2004-01-01 00:00:00.000000000
240,Pagado,2005-05-01,1,2548,1259,2004-06-01 00:00:00.000000000
200,Pagado,2006-03-01,1,2548,1259,2005-06-01 00:00:00.000000000
500,Pagado,2008-04-01,1,2548,1259,2006-04-01 00:00:00.000000000
300,Pagado,2005-01-01,1,2548,1260,2003-11-01 00:00:00.000000000
200,Pagado,2005-11-01,1,2548,1260,2005-02-01 00:00:00.000000000
720,Pagado,2008-11-01,1,2548,1260,2005-12-01 00:00:00.000000000
20,Pagado,2003-11-01,1,2548,1262,2003-11-01 00:00:00.000000000
20,Pagado,2003-12-01,1,2548,1262,2003-12-01 00:00:00.000000000
260,Pagado,2005-01-01,1,2548,1262,2004-01-01 00:00:00.000000000
500,Pagado,2007-02-01,1,2548,1262,2005-02-01 00:00:00.000000000
100,Pagado,2007-07-01,1,2548,1262,2007-03-01 00:00:00.000000000
320,Pagado,2008-11-01,1,2548,1262,2007-08-01 00:00:00.000000000
500,Pagado,2010-12-01,1,2548,1262,2008-12-01 00:00:00.000000000
500,Pagado,2013-01-01,1,2548,1262,2011-01-01 00:00:00.000000000
300,Pagado,2014-04-01,1,2548,1262,2013-02-01 00:00:00.000000000
500,Pagado,2016-05-01,1,2548,1262,2014-05-01 00:00:00.000000000
300,Pagado,2017-08-01,1,2548,1262,2016-06-01 00:00:00.000000000
240,Pagado,2018-08-01,1,2548,1262,2017-09-01 00:00:00.000000000
400,Pagado,2020-04-01,1,2548,1262,2018-09-01 00:00:00.000000000
100,Pagado,2020-09-01,1,2548,1262,2020-05-01 00:00:00.000000000
600,Pagado,2023-03-01,1,2548,1262,2020-10-01 00:00:00.000000000
480,Pagado,2024-10-01,1,2548,1262,2023-04-01 00:00:00.000000000
500,Pagado,2005-12-01,1,2548,1263,2003-12-01 00:00:00.000000000
260,Pagado,2007-01-01,1,2548,1263,2006-01-01 00:00:00.000000000
700,Pagado,2006-09-01,1,2548,1264,2003-11-01 00:00:00.000000000
40,Pagado,2006-11-01,1,2548,1264,2006-10-01 00:00:00.000000000
80,Pagado,2007-03-01,1,2548,1264,2006-12-01 00:00:00.000000000
200,Pagado,2008-01-01,1,2548,1264,2007-04-01 00:00:00.000000000
500,Pagado,2010-02-01,1,2548,1264,2008-02-01 00:00:00.000000000
300,Pagado,2011-05-01,1,2548,1264,2010-03-01 00:00:00.000000000
200,Pagado,2012-03-01,1,2548,1264,2011-06-01 00:00:00.000000000
500,Pagado,2014-04-01,1,2548,1264,2012-04-01 00:00:00.000000000
500,Pagado,2016-05-01,1,2548,1264,2014-05-01 00:00:00.000000000
400,Pagado,2018-01-01,1,2548,1264,2016-06-01 00:00:00.000000000
500,Pagado,2020-02-01,1,2548,1264,2018-02-01 00:00:00.000000000
340,Pagado,2021-07-01,1,2548,1264,2020-03-01 00:00:00.000000000
100,Pagado,2021-12-01,1,2548,1264,2021-08-01 00:00:00.000000000
240,Pagado,2022-12-01,1,2548,1264,2022-01-01 00:00:00.000000000
240,Pagado,2023-12-01,1,2548,1264,2023-01-01 00:00:00.000000000
300,Pagado,2024-10-01,1,2548,1264,2024-01-01 00:00:00.000000000
210,Pagado,2025-05-01,1,2548,1264,2024-11-01 00:00:00.000000000
40,Pagado,2004-01-01,1,2548,1266,2003-12-01 00:00:00.000000000
20,Pagado,2004-02-01,1,2548,1266,2004-02-01 00:00:00.000000000
20,Pagado,2004-03-01,1,2548,1266,2004-03-01 00:00:00.000000000
20,Pagado,2004-04-01,1,2548,1266,2004-04-01 00:00:00.000000000
20,Pagado,2004-05-01,1,2548,1266,2004-05-01 00:00:00.000000000
20,Pagado,2004-06-01,1,2548,1266,2004-06-01 00:00:00.000000000
20,Pagado,2004-07-01,1,2548,1266,2004-07-01 00:00:00.000000000
20,Pagado,2004-08-01,1,2548,1266,2004-08-01 00:00:00.000000000
20,Pagado,2004-09-01,1,2548,1266,2004-09-01 00:00:00.000000000
20,Pagado,2004-10-01,1,2548,1266,2004-10-01 00:00:00.000000000
20,Pagado,2004-11-01,1,2548,1266,2004-11-01 00:00:00.000000000
20,Pagado,2004-12-01,1,2548,1266,2004-12-01 00:00:00.000000000
20,Pagado,2005-01-01,1,2548,1266,2005-01-01 00:00:00.000000000
20,Pagado,2005-03-01,1,2548,1266,2005-03-01 00:00:00.000000000
20,Pagado,2005-04-01,1,2548,1266,2005-04-01 00:00:00.000000000
20,Pagado,2005-05-01,1,2548,1266,2005-05-01 00:00:00.000000000
20,Pagado,2005-06-01,1,2548,1266,2005-06-01 00:00:00.000000000
20,Pagado,2005-06-01,1,2548,1266,2005-06-01 00:00:00.000000000
20,Pagado,2005-06-01,1,2548,1266,2005-06-01 00:00:00.000000000
20,Pagado,2005-09-01,1,2548,1266,2005-09-01 00:00:00.000000000
20,Pagado,2005-10-01,1,2548,1266,2005-10-01 00:00:00.000000000
20,Pagado,2005-11-01,1,2548,1266,2005-11-01 00:00:00.000000000
20,Pagado,2005-12-01,1,2548,1266,2005-12-01 00:00:00.000000000
20,Pagado,2006-01-01,1,2548,1266,2006-01-01 00:00:00.000000000
20,Pagado,2006-02-01,1,2548,1266,2006-02-01 00:00:00.000000000
20,Pagado,2006-04-01,1,2548,1266,2006-04-01 00:00:00.000000000
20,Pagado,2006-05-01,1,2548,1266,2006-05-01 00:00:00.000000000
20,Pagado,2006-05-01,1,2548,1266,2006-05-01 00:00:00.000000000
20,Pagado,2006-06-01,1,2548,1266,2006-06-01 00:00:00.000000000
20,Pagado,2006-08-01,1,2548,1266,2006-08-01 00:00:00.000000000
20,Pagado,2006-09-01,1,2548,1266,2006-09-01 00:00:00.000000000
20,Pagado,2006-10-01,1,2548,1266,2006-10-01 00:00:00.000000000
20,Pagado,2006-11-01,1,2548,1266,2006-11-01 00:00:00.000000000
20,Pagado,2006-12-01,1,2548,1266,2006-12-01 00:00:00.000000000
20,Pagado,2007-01-01,1,2548,1266,2007-01-01 00:00:00.000000000
20,Pagado,2007-03-01,1,2548,1266,2007-03-01 00:00:00.000000000
20,Pagado,2007-04-01,1,2548,1266,2007-04-01 00:00:00.000000000
20,Pagado,2007-05-01,1,2548,1266,2007-05-01 00:00:00.000000000
20,Pagado,2007-06-01,1,2548,1266,2007-06-01 00:00:00.000000000
20,Pagado,2007-07-01,1,2548,1266,2007-07-01 00:00:00.000000000
20,Pagado,2007-08-01,1,2548,1266,2007-08-01 00:00:00.000000000
100,Pagado,2004-08-01,1,2548,1267,2004-04-01 00:00:00.000000000
60,Pagado,2004-03-01,1,2548,1269,2004-01-01 00:00:00.000000000
260,Pagado,2005-01-01,1,2548,1269,2004-01-01 00:00:00.000000000
800,Pagado,2008-05-01,1,2548,1269,2005-02-01 00:00:00.000000000
80,Pagado,2008-09-01,1,2548,1269,2008-06-01 00:00:00.000000000
400,Pagado,2005-07-01,1,2548,1270,2003-12-01 00:00:00.000000000
200,Pagado,2006-05-01,1,2548,1270,2005-08-01 00:00:00.000000000
40,Pagado,2003-12-01,1,2548,1271,2003-11-01 00:00:00.000000000
220,Pagado,2004-12-01,1,2548,1271,2004-02-01 00:00:00.000000000
20,Pagado,2005-01-01,1,2548,1271,2005-01-01 00:00:00.000000000
20,Pagado,2005-02-01,1,2548,1271,2005-02-01 00:00:00.000000000
20,Pagado,2005-03-01,1,2548,1271,2005-03-01 00:00:00.000000000
200,Pagado,2006-01-01,1,2548,1271,2005-04-01 00:00:00.000000000
20,Pagado,2006-02-01,1,2548,1271,2006-02-01 00:00:00.000000000
200,Pagado,2006-12-01,1,2548,1271,2006-03-01 00:00:00.000000000
40,Pagado,2007-02-01,1,2548,1271,2007-01-01 00:00:00.000000000
20,Pagado,2007-03-01,1,2548,1271,2007-03-01 00:00:00.000000000
160,Pagado,2007-11-01,1,2548,1271,2007-04-01 00:00:00.000000000
200,Pagado,2008-10-01,1,2548,1271,2008-01-01 00:00:00.000000000
500,Pagado,2010-11-01,1,2548,1271,2008-11-01 00:00:00.000000000
200,Pagado,2011-09-01,1,2548,1271,2010-12-01 00:00:00.000000000
240,Pagado,2012-09-01,1,2548,1271,2011-10-01 00:00:00.000000000
500,Pagado,2014-10-01,1,2548,1271,2012-10-01 00:00:00.000000000
500,Pagado,2016-11-01,1,2548,1271,2014-11-01 00:00:00.000000000
500,Pagado,2018-12-01,1,2548,1271,2016-12-01 00:00:00.000000000
200,Pagado,2019-10-01,1,2548,1271,2019-01-01 00:00:00.000000000
60,Pagado,2022-12-01,1,2548,1271,2022-10-01 00:00:00.000000000
100,Pagado,2023-05-01,1,2548,1271,2023-01-01 00:00:00.000000000
140,Pagado,2023-12-01,1,2548,1271,2023-06-01 00:00:00.000000000
360,Pagado,2024-12-01,1,2548,1271,2024-01-01 00:00:00.000000000
90,Pagado,2025-03-01,1,2548,1271,2025-01-01 00:00:00.000000000
270,Pagado,2025-12-01,1,2548,1271,2025-04-01 00:00:00.000000000
40,Pagado,2003-12-01,1,2548,1272,2003-11-01 00:00:00.000000000
60,Pagado,2004-04-01,1,2548,1272,2004-02-01 00:00:00.000000000
40,Pagado,2004-02-01,1,2548,1273,2004-01-01 00:00:00.000000000
20,Pagado,2004-03-01,1,2548,1273,2004-03-01 00:00:00.000000000
20,Pagado,2004-04-01,1,2548,1273,2004-04-01 00:00:00.000000000
20,Pagado,2004-05-01,1,2548,1273,2004-05-01 00:00:00.000000000
20,Pagado,2004-06-01,1,2548,1273,2004-06-01 00:00:00.000000000
20,Pagado,2004-07-01,1,2548,1273,2004-07-01 00:00:00.000000000
20,Pagado,2004-08-01,1,2548,1273,2004-08-01 00:00:00.000000000
20,Pagado,2004-09-01,1,2548,1273,2004-09-01 00:00:00.000000000
20,Pagado,2004-10-01,1,2548,1273,2004-10-01 00:00:00.000000000
20,Pagado,2004-11-01,1,2548,1273,2004-11-01 00:00:00.000000000
20,Pagado,2004-12-01,1,2548,1273,2004-12-01 00:00:00.000000000
20,Pagado,2005-01-01,1,2548,1273,2005-01-01 00:00:00.000000000
40,Pagado,2005-03-01,1,2548,1273,2005-02-01 00:00:00.000000000
20,Pagado,2005-04-01,1,2548,1273,2005-04-01 00:00:00.000000000
20,Pagado,2005-05-01,1,2548,1273,2005-05-01 00:00:00.000000000
20,Pagado,2005-06-01,1,2548,1273,2005-06-01 00:00:00.000000000
100,Pagado,2005-12-01,1,2548,1273,2005-08-01 00:00:00.000000000
100,Pagado,2006-05-01,1,2548,1273,2006-01-01 00:00:00.000000000
200,Pagado,2007-03-01,1,2548,1273,2006-06-01 00:00:00.000000000
400,Pagado,2008-11-01,1,2548,1273,2007-04-01 00:00:00.000000000
20,Pagado,2003-11-01,1,2548,1275,2003-11-01 00:00:00.000000000
20,Pagado,2003-12-01,1,2548,1275,2003-12-01 00:00:00.000000000
20,Pagado,2004-01-01,1,2548,1275,2004-01-01 00:00:00.000000000
20,Pagado,2004-02-01,1,2548,1275,2004-02-01 00:00:00.000000000
20,Pagado,2004-03-01,1,2548,1275,2004-03-01 00:00:00.000000000
20,Pagado,2004-04-01,1,2548,1275,2004-04-01 00:00:00.000000000
20,Pagado,2004-05-01,1,2548,1275,2004-05-01 00:00:00.000000000
20,Pagado,2004-06-01,1,2548,1275,2004-06-01 00:00:00.000000000
20,Pagado,2004-07-01,1,2548,1275,2004-07-01 00:00:00.000000000
20,Pagado,2004-08-01,1,2548,1275,2004-08-01 00:00:00.000000000
20,Pagado,2004-09-01,1,2548,1275,2004-09-01 00:00:00.000000000
20,Pagado,2004-10-01,1,2548,1275,2004-10-01 00:00:00.000000000
20,Pagado,2004-11-01,1,2548,1275,2004-11-01 00:00:00.000000000
980,Pagado,2008-11-01,1,2548,1275,2004-11-01 00:00:00.000000000
20,Pagado,2008-12-01,1,2548,1275,2008-12-01 00:00:00.000000000
300,Pagado,2010-08-01,1,2548,1275,2009-06-01 00:00:00.000000000
100,Pagado,2011-01-01,1,2548,1275,2010-09-01 00:00:00.000000000
1000,Pagado,2015-03-01,1,2548,1275,2011-02-01 00:00:00.000000000
200,Pagado,2016-01-01,1,2548,1275,2015-04-01 00:00:00.000000000
960,Pagado,2020-01-01,1,2548,1275,2016-02-01 00:00:00.000000000
20,Pagado,2020-02-01,1,2548,1275,2020-02-01 00:00:00.000000000
200,Pagado,2020-12-01,1,2548,1275,2020-03-01 00:00:00.000000000
200,Pagado,2021-10-01,1,2548,1275,2021-01-01 00:00:00.000000000
40,Pagado,2021-12-01,1,2548,1275,2021-11-01 00:00:00.000000000
100,Pagado,2022-05-01,1,2548,1275,2022-01-01 00:00:00.000000000
140,Pagado,2022-12-01,1,2548,1275,2022-06-01 00:00:00.000000000
40,Pagado,2023-02-01,1,2548,1275,2023-01-01 00:00:00.000000000
180,Pagado,2023-11-01,1,2548,1275,2023-03-01 00:00:00.000000000
20,Pagado,2023-12-01,1,2548,1275,2023-12-01 00:00:00.000000000
210,Pagado,2024-07-01,1,2548,1275,2024-01-01 00:00:00.000000000
30,Pagado,2024-08-01,1,2548,1275,2024-08-01 00:00:00.000000000
120,Pagado,2024-12-01,1,2548,1275,2024-09-01 00:00:00.000000000
360,Pagado,2025-12-01,1,2548,1275,2025-01-01 00:00:00.000000000
40,Pagado,2004-01-01,1,2548,1277,2003-12-01 00:00:00.000000000
180,Pagado,2004-11-01,1,2548,1277,2004-03-01 00:00:00.000000000
100,Pagado,2005-04-01,1,2548,1277,2004-12-01 00:00:00.000000000
20,Pagado,2003-12-01,1,2548,1278,2003-12-01 00:00:00.000000000
200,Pagado,2004-10-01,1,2548,1278,2004-01-01 00:00:00.000000000
40,Pagado,2004-12-01,1,2548,1278,2004-11-01 00:00:00.000000000
20,Pagado,2003-12-01,1,2548,1280,2003-12-01 00:00:00.000000000
40,Pagado,2004-02-01,1,2548,1280,2004-01-01 00:00:00.000000000
580,Pagado,2006-04-01,1,2548,1282,2003-12-01 00:00:00.000000000
20,Pagado,2004-01-01,1,2548,1285,2004-01-01 00:00:00.000000000
100,Pagado,2004-06-01,1,2548,1286,2004-02-01 00:00:00.000000000
100,Pagado,2004-11-01,1,2548,1286,2004-07-01 00:00:00.000000000
100,Pagado,2005-04-01,1,2548,1286,2004-12-01 00:00:00.000000000
100,Pagado,2006-02-01,1,2548,1286,2005-10-01 00:00:00.000000000
100,Pagado,2006-05-01,1,2548,1286,2006-01-01 00:00:00.000000000
160,Pagado,2004-08-01,1,2548,1288,2004-01-01 00:00:00.000000000
20,Pagado,2004-07-01,1,2548,1289,2004-07-01 00:00:00.000000000
40,Pagado,2004-09-01,1,2548,1289,2004-08-01 00:00:00.000000000
40,Pagado,2004-11-01,1,2548,1289,2004-10-01 00:00:00.000000000
20,Pagado,2004-12-01,1,2548,1289,2004-12-01 00:00:00.000000000
40,Pagado,2005-02-01,1,2548,1289,2005-01-01 00:00:00.000000000
40,Pagado,2005-02-01,1,2548,1289,2005-01-01 00:00:00.000000000
40,Pagado,2005-06-01,1,2548,1289,2005-05-01 00:00:00.000000000
40,Pagado,2005-08-01,1,2548,1289,2005-07-01 00:00:00.000000000
20,Pagado,2005-09-01,1,2548,1289,2005-09-01 00:00:00.000000000
60,Pagado,2005-12-01,1,2548,1289,2005-10-01 00:00:00.000000000
40,Pagado,2006-03-01,1,2548,1289,2006-02-01 00:00:00.000000000
100,Pagado,2006-08-01,1,2548,1289,2006-04-01 00:00:00.000000000
80,Pagado,2006-12-01,1,2548,1289,2006-09-01 00:00:00.000000000
60,Pagado,2007-03-01,1,2548,1289,2007-01-01 00:00:00.000000000
40,Pagado,2007-05-01,1,2548,1289,2007-04-01 00:00:00.000000000
80,Pagado,2007-09-01,1,2548,1289,2007-06-01 00:00:00.000000000
60,Pagado,2007-12-01,1,2548,1289,2007-10-01 00:00:00.000000000
80,Pagado,2008-04-01,1,2548,1289,2008-01-01 00:00:00.000000000
160,Pagado,2008-12-01,1,2548,1289,2008-05-01 00:00:00.000000000
60,Pagado,2009-03-01,1,2548,1289,2009-01-01 00:00:00.000000000
100,Pagado,2009-08-01,1,2548,1289,2009-04-01 00:00:00.000000000
60,Pagado,2009-11-01,1,2548,1289,2009-09-01 00:00:00.000000000
1200,Pagado,2008-12-01,1,2548,1290,2004-01-01 00:00:00.000000000
1000,Pagado,2017-05-01,1,2548,1290,2013-04-01 00:00:00.000000000
560,Pagado,2019-09-01,1,2548,1290,2017-06-01 00:00:00.000000000
60,Pagado,2019-12-01,1,2548,1290,2019-10-01 00:00:00.000000000
40,Pagado,2020-02-01,1,2548,1290,2020-01-01 00:00:00.000000000
200,Pagado,2020-12-01,1,2548,1290,2020-03-01 00:00:00.000000000
180,Pagado,2021-09-01,1,2548,1290,2021-01-01 00:00:00.000000000
60,Pagado,2021-12-01,1,2548,1290,2021-10-01 00:00:00.000000000
240,Pagado,2022-12-01,1,2548,1290,2022-01-01 00:00:00.000000000
360,Pagado,2024-12-01,1,2548,1290,2024-01-01 00:00:00.000000000
360,Pagado,2025-12-01,1,2548,1290,2025-01-01 00:00:00.000000000
100,Pagado,2004-05-01,1,2548,1291,2004-01-01 00:00:00.000000000
160,Pagado,2005-01-01,1,2548,1291,2004-06-01 00:00:00.000000000
180,Pagado,2005-10-01,1,2548,1291,2005-02-01 00:00:00.000000000
20,Pagado,2005-11-01,1,2548,1291,2005-11-01 00:00:00.000000000
300,Pagado,2007-02-01,1,2548,1291,2005-12-01 00:00:00.000000000
260,Pagado,2008-03-01,1,2548,1291,2007-03-01 00:00:00.000000000
20,Pagado,2004-01-01,1,2548,1292,2004-01-01 00:00:00.000000000
200,Pagado,2005-04-01,1,2548,1292,2004-07-01 00:00:00.000000000
40,Pagado,2005-06-01,1,2548,1292,2005-05-01 00:00:00.000000000
20,Pagado,2004-01-01,1,2548,1293,2004-01-01 00:00:00.000000000
20,Pagado,2004-03-01,1,2548,1293,2004-03-01 00:00:00.000000000
20,Pagado,2004-04-01,1,2548,1293,2004-04-01 00:00:00.000000000
20,Pagado,2004-05-01,1,2548,1293,2004-05-01 00:00:00.000000000
20,Pagado,2004-06-01,1,2548,1293,2004-06-01 00:00:00.000000000
700,Pagado,2007-03-01,1,2548,1293,2004-07-01 00:00:00.000000000
200,Pagado,2008-03-01,1,2548,1293,2007-06-01 00:00:00.000000000
1293,Pagado,2009-11-01,1,2548,1293,2008-04-01 00:00:00.000000000
500,Pagado,2011-12-01,1,2548,1293,2009-12-01 00:00:00.000000000
300,Pagado,2013-03-01,1,2548,1293,2012-01-01 00:00:00.000000000
100,Pagado,2013-08-01,1,2548,1293,2013-04-01 00:00:00.000000000
140,Pagado,2014-03-01,1,2548,1293,2013-09-01 00:00:00.000000000
20,Pagado,2004-01-01,1,2548,1294,2004-01-01 00:00:00.000000000
20,Pagado,2004-02-01,1,2548,1294,2004-02-01 00:00:00.000000000
20,Pagado,2004-03-01,1,2548,1294,2004-03-01 00:00:00.000000000
20,Pagado,2004-04-01,1,2548,1295,2004-04-01 00:00:00.000000000
40,Pagado,2004-06-01,1,2548,1295,2004-05-01 00:00:00.000000000
40,Pagado,2004-09-01,1,2548,1295,2004-08-01 00:00:00.000000000
100,Pagado,2004-05-01,1,2548,1296,2004-01-01 00:00:00.000000000
60,Pagado,2004-03-01,1,2548,1297,2004-01-01 00:00:00.000000000
60,Pagado,2004-06-01,1,2548,1297,2004-04-01 00:00:00.000000000
300,Pagado,2005-09-01,1,2548,1297,2004-06-01 00:00:00.000000000
100,Pagado,2006-02-01,1,2548,1297,2005-10-01 00:00:00.000000000
100,Pagado,2006-07-01,1,2548,1297,2006-03-01 00:00:00.000000000
100,Pagado,2006-12-01,1,2548,1297,2006-08-01 00:00:00.000000000
100,Pagado,2007-05-01,1,2548,1297,2007-01-01 00:00:00.000000000
100,Pagado,2007-10-01,1,2548,1297,2007-06-01 00:00:00.000000000
100,Pagado,2008-03-01,1,2548,1297,2007-11-01 00:00:00.000000000
200,Pagado,2009-01-01,1,2548,1297,2008-04-01 00:00:00.000000000
300,Pagado,2010-04-01,1,2548,1297,2009-02-01 00:00:00.000000000
300,Pagado,2011-07-01,1,2548,1297,2010-05-01 00:00:00.000000000
200,Pagado,2012-05-01,1,2548,1297,2011-08-01 00:00:00.000000000
300,Pagado,2012-10-01,1,2548,1297,2011-08-01 00:00:00.000000000
300,Pagado,2014-01-01,1,2548,1297,2012-11-01 00:00:00.000000000
440,Pagado,2015-11-01,1,2548,1297,2014-02-01 00:00:00.000000000
20,Pagado,2015-12-01,1,2548,1297,2015-12-01 00:00:00.000000000
20,Pagado,2016-01-01,1,2548,1297,2016-01-01 00:00:00.000000000
20,Pagado,2016-02-01,1,2548,1297,2016-02-01 00:00:00.000000000
20,Pagado,2016-03-01,1,2548,1297,2016-03-01 00:00:00.000000000
20,Pagado,2016-04-01,1,2548,1297,2016-04-01 00:00:00.000000000
140,Pagado,2016-10-01,1,2548,1297,2016-04-01 00:00:00.000000000
40,Pagado,2016-12-01,1,2548,1297,2016-11-01 00:00:00.000000000
20,Pagado,2017-01-01,1,2548,1297,2017-01-01 00:00:00.000000000
20,Pagado,2017-02-01,1,2548,1297,2017-02-01 00:00:00.000000000
20,Pagado,2017-03-01,1,2548,1297,2017-03-01 00:00:00.000000000
240,Pagado,2017-12-01,1,2548,1297,2017-01-01 00:00:00.000000000
180,Pagado,2018-09-01,1,2548,1297,2018-01-01 00:00:00.000000000
60,Pagado,2018-12-01,1,2548,1297,2018-10-01 00:00:00.000000000
240,Pagado,2019-12-01,1,2548,1297,2019-01-01 00:00:00.000000000
240,Pagado,2020-12-01,1,2548,1297,2020-01-01 00:00:00.000000000
240,Pagado,2021-12-01,1,2548,1297,2021-01-01 00:00:00.000000000
240,Pagado,2022-12-01,1,2548,1297,2022-01-01 00:00:00.000000000
240,Pagado,2023-12-01,1,2548,1297,2023-01-01 00:00:00.000000000
360,Pagado,2024-12-01,1,2548,1297,2024-01-01 00:00:00.000000000
360,Pagado,2025-12-01,1,2548,1297,2025-01-01 00:00:00.000000000
120,Pagado,2004-09-01,1,2548,1299,2004-04-01 00:00:00.000000000
60,Pagado,2004-12-01,1,2548,1299,2004-10-01 00:00:00.000000000
1500,Pagado,2011-03-01,1,2548,1299,2005-01-01 00:00:00.000000000
40,Pagado,2011-05-01,1,2548,1299,2011-04-01 00:00:00.000000000
100,Pagado,2011-10-01,1,2548,1299,2011-06-01 00:00:00.000000000
20,Pagado,2011-11-01,1,2548,1299,2011-11-01 00:00:00.000000000
240,Pagado,2012-11-01,1,2548,1299,2011-12-01 00:00:00.000000000
220,Pagado,2013-10-01,1,2548,1299,2012-12-01 00:00:00.000000000
40,Pagado,2013-12-01,1,2548,1299,2013-11-01 00:00:00.000000000
240,Pagado,2014-12-01,1,2548,1299,2014-01-01 00:00:00.000000000
80,Pagado,2015-04-01,1,2548,1299,2015-01-01 00:00:00.000000000
140,Pagado,2015-11-01,1,2548,1299,2015-05-01 00:00:00.000000000
260,Pagado,2016-12-01,1,2548,1299,2015-12-01 00:00:00.000000000
40,Pagado,2017-02-01,1,2548,1299,2017-01-01 00:00:00.000000000
200,Pagado,2017-12-01,1,2548,1299,2017-03-01 00:00:00.000000000
240,Pagado,2018-12-01,1,2548,1299,2018-01-01 00:00:00.000000000
240,Pagado,2019-12-01,1,2548,1299,2019-01-01 00:00:00.000000000
40,Pagado,2020-02-01,1,2548,1299,2020-01-01 00:00:00.000000000
200,Pagado,2020-12-01,1,2548,1299,2020-03-01 00:00:00.000000000
240,Pagado,2021-12-01,1,2548,1299,2021-01-01 00:00:00.000000000
240,Pagado,2022-12-01,1,2548,1299,2022-01-01 00:00:00.000000000
240,Pagado,2023-12-01,1,2548,1299,2023-01-01 00:00:00.000000000
360,Pagado,2024-12-01,1,2548,1299,2024-01-01 00:00:00.000000000
360,Pagado,2025-12-01,1,2548,1299,2025-01-01 00:00:00.000000000
40,Pagado,2004-04-01,1,2548,1300,2004-03-01 00:00:00.000000000
280,Pagado,2005-10-01,1,2548,1301,2004-09-01 00:00:00.000000000
520,Pagado,2007-12-01,1,2548,1301,2005-11-01 00:00:00.000000000
100,Pagado,2008-05-01,1,2548,1301,2008-01-01 00:00:00.000000000
120,Pagado,2008-11-01,1,2548,1301,2008-06-01 00:00:00.000000000
200,Pagado,2004-10-01,1,2548,1302,2004-01-01 00:00:00.000000000
100,Pagado,2004-05-01,1,2548,1303,2004-01-01 00:00:00.000000000
100,Pagado,2004-10-01,1,2548,1303,2004-06-01 00:00:00.000000000
200,Pagado,2005-08-01,1,2548,1303,2004-11-01 00:00:00.000000000
80,Pagado,2004-05-01,1,2548,1305,2004-02-01 00:00:00.000000000
20,Pagado,2004-06-01,1,2548,1305,2004-06-01 00:00:00.000000000
300,Pagado,2005-09-01,1,2548,1305,2004-07-01 00:00:00.000000000
200,Pagado,2006-07-01,1,2548,1305,2005-10-01 00:00:00.000000000
300,Pagado,2007-10-01,1,2548,1305,2007-08-01 00:00:00.000000000
60,Pagado,2008-01-01,1,2548,1305,2007-11-01 00:00:00.000000000
80,Pagado,2008-05-01,1,2548,1305,2008-02-01 00:00:00.000000000
100,Pagado,2008-10-01,1,2548,1305,2008-06-01 00:00:00.000000000
440,Pagado,2005-10-01,1,2548,1306,2004-01-01 00:00:00.000000000
40,Pagado,2005-12-01,1,2548,1306,2005-11-01 00:00:00.000000000
200,Pagado,2006-08-01,1,2548,1306,2005-11-01 00:00:00.000000000
40,Pagado,2004-03-01,1,2548,1307,2004-02-01 00:00:00.000000000
100,Pagado,2004-08-01,1,2548,1307,2004-04-01 00:00:00.000000000
60,Pagado,2004-11-01,1,2548,1307,2004-09-01 00:00:00.000000000
20,Pagado,2004-12-01,1,2548,1307,2004-12-01 00:00:00.000000000
100,Pagado,2004-08-01,1,2548,1309,2004-04-01 00:00:00.000000000
340,Pagado,2006-01-01,1,2548,1309,2004-09-01 00:00:00.000000000
60,Pagado,2006-04-01,1,2548,1309,2006-02-01 00:00:00.000000000
240,Pagado,2005-02-01,1,2548,1311,2004-02-01 00:00:00.000000000
100,Pagado,2005-06-01,1,2548,1311,2005-02-01 00:00:00.000000000
420,Pagado,2007-03-01,1,2548,1311,2005-07-01 00:00:00.000000000
440,Pagado,2009-01-01,1,2548,1311,2007-04-01 00:00:00.000000000
200,Pagado,2005-09-01,1,2548,1312,2004-12-01 00:00:00.000000000
300,Pagado,2006-12-01,1,2548,1312,2005-10-01 00:00:00.000000000
20,Pagado,2007-01-01,1,2548,1312,2007-01-01 00:00:00.000000000
20,Pagado,2007-02-01,1,2548,1312,2007-02-01 00:00:00.000000000
20,Pagado,2007-03-01,1,2548,1312,2007-03-01 00:00:00.000000000
40,Pagado,2007-05-01,1,2548,1312,2007-04-01 00:00:00.000000000
40,Pagado,2007-07-01,1,2548,1312,2007-06-01 00:00:00.000000000
20,Pagado,2007-08-01,1,2548,1312,2007-08-01 00:00:00.000000000
60,Pagado,2007-11-01,1,2548,1312,2007-09-01 00:00:00.000000000
80,Pagado,2008-03-01,1,2548,1312,2007-12-01 00:00:00.000000000
100,Pagado,2008-08-01,1,2548,1312,2008-04-01 00:00:00.000000000
60,Pagado,2008-11-01,1,2548,1312,2008-09-01 00:00:00.000000000
680,Pagado,2011-09-01,1,2548,1312,2008-12-01 00:00:00.000000000
220,Pagado,2012-08-01,1,2548,1312,2011-10-01 00:00:00.000000000
40,Pagado,2004-03-01,1,2548,1315,2004-02-01 00:00:00.000000000
40,Pagado,2004-10-01,1,2548,1315,2004-09-01 00:00:00.000000000
40,Pagado,2004-12-01,1,2548,1315,2004-11-01 00:00:00.000000000
20,Pagado,2005-01-01,1,2548,1315,2005-01-01 00:00:00.000000000
240,Pagado,2006-01-01,1,2548,1315,2005-02-01 00:00:00.000000000
200,Pagado,2006-11-01,1,2548,1315,2006-02-01 00:00:00.000000000
1000,Pagado,2011-01-01,1,2548,1315,2006-12-01 00:00:00.000000000
20,Pagado,2004-04-01,1,2548,1316,2004-04-01 00:00:00.000000000
100,Pagado,2004-09-01,1,2548,1316,2004-05-01 00:00:00.000000000
100,Pagado,2005-02-01,1,2548,1316,2004-10-01 00:00:00.000000000
100,Pagado,2005-07-01,1,2548,1316,2005-03-01 00:00:00.000000000
500,Pagado,2007-08-01,1,2548,1316,2005-08-01 00:00:00.000000000
300,Pagado,2008-11-01,1,2548,1316,2007-09-01 00:00:00.000000000
20,Pagado,2008-12-01,1,2548,1316,2008-12-01 00:00:00.000000000
400,Pagado,2010-12-01,1,2548,1316,2009-05-01 00:00:00.000000000
500,Pagado,2013-01-01,1,2548,1316,2011-01-01 00:00:00.000000000
80,Pagado,2014-04-01,1,2548,1316,2014-01-01 00:00:00.000000000
,Pagado,2015-12-01,1,2548,1316,2013-02-01 00:00:00.000000000
240,Pagado,2016-12-01,1,2548,1316,2016-01-01 00:00:00.000000000
240,Pagado,2017-12-01,1,2548,1316,2017-01-01 00:00:00.000000000
240,Pagado,2018-12-01,1,2548,1316,2018-01-01 00:00:00.000000000
980,Pagado,2023-01-01,1,2548,1316,2019-01-01 00:00:00.000000000
100,Pagado,2004-06-01,1,2548,1317,2004-02-01 00:00:00.000000000
20,Pagado,2004-07-01,1,2548,1317,2004-07-01 00:00:00.000000000
20,Pagado,2004-04-01,1,2548,1318,2004-04-01 00:00:00.000000000
60,Pagado,2004-07-01,1,2548,1318,2004-05-01 00:00:00.000000000
60,Pagado,2005-03-01,1,2548,1318,2005-01-01 00:00:00.000000000
80,Pagado,2005-07-01,1,2548,1318,2005-04-01 00:00:00.000000000
140,Pagado,2006-02-01,1,2548,1318,2005-08-01 00:00:00.000000000
120,Pagado,2006-08-01,1,2548,1318,2006-03-01 00:00:00.000000000
80,Pagado,2006-12-01,1,2548,1318,2006-09-01 00:00:00.000000000
120,Pagado,2007-06-01,1,2548,1318,2007-01-01 00:00:00.000000000
100,Pagado,2007-11-01,1,2548,1318,2007-07-01 00:00:00.000000000
20,Pagado,2007-12-01,1,2548,1318,2007-12-01 00:00:00.000000000
60,Pagado,2008-03-01,1,2548,1318,2008-01-01 00:00:00.000000000
180,Pagado,2008-12-01,1,2548,1318,2008-04-01 00:00:00.000000000
240,Pagado,2009-12-01,1,2548,1318,2009-01-01 00:00:00.000000000
20,Pagado,2003-11-01,1,2548,1319,2003-11-01 00:00:00.000000000
20,Pagado,2003-12-01,1,2548,1319,2003-12-01 00:00:00.000000000
200,Pagado,2005-03-01,1,2548,1319,2004-06-01 00:00:00.000000000
60,Pagado,2005-06-01,1,2548,1319,2005-04-01 00:00:00.000000000
100,Pagado,2005-11-01,1,2548,1319,2005-07-01 00:00:00.000000000
100,Pagado,2006-04-01,1,2548,1319,2005-12-01 00:00:00.000000000
100,Pagado,2006-09-01,1,2548,1319,2006-05-01 00:00:00.000000000
40,Pagado,2006-11-01,1,2548,1319,2006-10-01 00:00:00.000000000
200,Pagado,2007-09-01,1,2548,1319,2006-12-01 00:00:00.000000000
140,Pagado,2008-04-01,1,2548,1319,2007-10-01 00:00:00.000000000
20,Pagado,2008-05-01,1,2548,1319,2008-05-01 00:00:00.000000000
100,Pagado,2008-10-01,1,2548,1319,2008-06-01 00:00:00.000000000
400,Pagado,2010-06-01,1,2548,1319,2008-11-01 00:00:00.000000000
200,Pagado,2011-04-01,1,2548,1319,2010-07-01 00:00:00.000000000
400,Pagado,2012-12-01,1,2548,1319,2011-05-01 00:00:00.000000000
100,Pagado,2013-05-01,1,2548,1319,2013-01-01 00:00:00.000000000
200,Pagado,2014-03-01,1,2548,1319,2013-06-01 00:00:00.000000000
200,Pagado,2015-01-01,1,2548,1319,2014-04-01 00:00:00.000000000
300,Pagado,2016-04-01,1,2548,1319,2015-02-01 00:00:00.000000000
100,Pagado,2016-09-01,1,2548,1319,2016-05-01 00:00:00.000000000
100,Pagado,2017-02-01,1,2548,1319,2016-10-01 00:00:00.000000000
100,Pagado,2017-07-01,1,2548,1319,2017-03-01 00:00:00.000000000
600,Pagado,2020-01-01,1,2548,1319,2017-08-01 00:00:00.000000000
100,Pagado,2020-06-01,1,2548,1319,2020-02-01 00:00:00.000000000
60,Pagado,2020-09-01,1,2548,1319,2020-07-01 00:00:00.000000000
100,Pagado,2021-02-01,1,2548,1319,2020-10-01 00:00:00.000000000
200,Pagado,2021-12-01,1,2548,1319,2021-03-01 00:00:00.000000000
100,Pagado,2022-05-01,1,2548,1319,2022-01-01 00:00:00.000000000
100,Pagado,2022-10-01,1,2548,1319,2022-06-01 00:00:00.000000000
520,Pagado,2024-08-01,1,2548,1319,2022-11-01 00:00:00.000000000
120,Pagado,2024-12-01,1,2548,1319,2024-09-01 00:00:00.000000000
90,Pagado,2025-03-01,1,2548,1319,2025-01-01 00:00:00.000000000
90,Pagado,2025-06-01,1,2548,1319,2025-04-01 00:00:00.000000000
120,Pagado,2025-10-01,1,2548,1319,2025-07-01 00:00:00.000000000
60,Pagado,2025-12-01,1,2548,1319,2025-11-01 00:00:00.000000000
120,Pagado,2004-07-01,1,2548,1321,2004-02-01 00:00:00.000000000
380,Pagado,2006-02-01,1,2548,1321,2004-08-01 00:00:00.000000000
220,Pagado,2007-12-01,1,2548,1321,2006-03-01 00:00:00.000000000
2620,Pagado,2015-01-01,1,2548,1323,2004-03-01 00:00:00.000000000
480,Pagado,2017-01-01,1,2548,1323,2015-02-01 00:00:00.000000000
120,Pagado,2005-01-01,1,2548,1324,2004-08-01 00:00:00.000000000
520,Pagado,2007-03-01,1,2548,1324,2005-02-01 00:00:00.000000000
20,Pagado,2007-04-01,1,2548,1324,2007-04-01 00:00:00.000000000
100,Pagado,2007-09-01,1,2548,1324,2007-05-01 00:00:00.000000000
20,Pagado,2007-10-01,1,2548,1324,2007-10-01 00:00:00.000000000
300,Pagado,2009-01-01,1,2548,1324,2007-11-01 00:00:00.000000000
140,Pagado,2005-01-01,1,2548,1326,2004-07-01 00:00:00.000000000
400,Pagado,2006-02-01,1,2548,1326,2004-07-01 00:00:00.000000000
440,Pagado,2007-12-01,1,2548,1326,2006-03-01 00:00:00.000000000
720,Pagado,2010-12-01,1,2548,1326,2004-01-01 00:00:00.000000000
220,Pagado,2011-11-01,1,2548,1326,2011-01-01 00:00:00.000000000
240,Pagado,2012-11-01,1,2548,1326,2011-12-01 00:00:00.000000000
260,Pagado,2013-12-01,1,2548,1326,2012-12-01 00:00:00.000000000
240,Pagado,2014-12-01,1,2548,1326,2014-01-01 00:00:00.000000000
200,Pagado,2004-12-01,1,2548,1327,2004-03-01 00:00:00.000000000
40,Pagado,2005-02-01,1,2548,1327,2005-01-01 00:00:00.000000000
640,Pagado,2007-10-01,1,2548,1327,2005-03-01 00:00:00.000000000
40,Pagado,2007-12-01,1,2548,1327,2007-11-01 00:00:00.000000000
240,Pagado,2008-12-01,1,2548,1327,2008-01-01 00:00:00.000000000
300,Pagado,2010-03-01,1,2548,1327,2009-01-01 00:00:00.000000000
500,Pagado,2012-04-01,1,2548,1327,2010-04-01 00:00:00.000000000
180,Pagado,2005-02-01,1,2548,1328,2004-06-01 00:00:00.000000000
60,Pagado,2007-03-01,1,2548,1328,2007-01-01 00:00:00.000000000
180,Pagado,2004-12-01,1,2548,1331,2004-04-01 00:00:00.000000000
20,Pagado,2005-01-01,1,2548,1331,2005-01-01 00:00:00.000000000
20,Pagado,2004-05-01,1,2548,1333,2004-05-01 00:00:00.000000000
20,Pagado,2004-04-01,1,2548,1337,2004-04-01 00:00:00.000000000
40,Pagado,2004-06-01,1,2548,1337,2004-05-01 00:00:00.000000000
20,Pagado,2004-07-01,1,2548,1337,2004-07-01 00:00:00.000000000
40,Pagado,2004-09-01,1,2548,1337,2004-08-01 00:00:00.000000000
20,Pagado,2005-02-01,1,2548,1337,2005-02-01 00:00:00.000000000
300,Pagado,2006-05-01,1,2548,1337,2005-03-01 00:00:00.000000000
80,Pagado,2007-01-01,1,2548,1337,2004-10-01 00:00:00.000000000
3140,Pagado,2019-07-01,1,2548,1337,2006-06-01 00:00:00.000000000
100,Pagado,2005-06-01,1,2548,1338,2005-02-01 00:00:00.000000000
100,Pagado,2005-11-01,1,2548,1338,2005-07-01 00:00:00.000000000
200,Pagado,2006-09-01,1,2548,1338,2005-12-01 00:00:00.000000000
140,Pagado,2007-04-01,1,2548,1338,2006-10-01 00:00:00.000000000
400,Pagado,2008-12-01,1,2548,1338,2007-05-01 00:00:00.000000000
100,Pagado,2009-05-01,1,2548,1338,2009-01-01 00:00:00.000000000
400,Pagado,2011-01-01,1,2548,1338,2009-06-01 00:00:00.000000000
1500,Pagado,2017-04-01,1,2548,1338,2021-11-02 00:00:00.000000000
660,Pagado,2020-01-01,1,2548,1338,2017-05-01 00:00:00.000000000
100,Pagado,2020-06-01,1,2548,1338,2020-02-01 00:00:00.000000000
60,Pagado,2004-06-01,1,2548,1340,2004-04-01 00:00:00.000000000
2415,Pagado,2024-05-01,1,2548,1340,2004-07-01 00:00:00.000000000
210,Pagado,2024-12-01,1,2548,1340,2024-06-01 00:00:00.000000000
300,Pagado,2025-10-01,1,2548,1340,2025-01-01 00:00:00.000000000
60,Pagado,2025-12-01,1,2548,1340,2025-11-01 00:00:00.000000000
200,Pagado,2005-04-01,1,2548,1342,2004-07-01 00:00:00.000000000
500,Pagado,2007-05-01,1,2548,1342,2005-05-01 00:00:00.000000000
200,Pagado,2008-03-01,1,2548,1342,2007-06-01 00:00:00.000000000
80,Pagado,2004-07-01,1,2548,1343,2004-04-01 00:00:00.000000000
60,Pagado,2004-10-01,1,2548,1343,2004-08-01 00:00:00.000000000
40,Pagado,2005-02-01,1,2548,1343,2005-01-01 00:00:00.000000000
40,Pagado,2005-04-01,1,2548,1343,2005-03-01 00:00:00.000000000
60,Pagado,2005-07-01,1,2548,1343,2005-05-01 00:00:00.000000000
60,Pagado,2005-10-01,1,2548,1343,2005-08-01 00:00:00.000000000
100,Pagado,2006-03-01,1,2548,1343,2006-03-01 00:00:00.000000000
60,Pagado,2006-06-01,1,2548,1343,2006-04-01 00:00:00.000000000
40,Pagado,2006-08-01,1,2548,1343,2006-07-01 00:00:00.000000000
40,Pagado,2006-10-01,1,2548,1343,2006-09-01 00:00:00.000000000
40,Pagado,2006-12-01,1,2548,1343,2006-11-01 00:00:00.000000000
80,Pagado,2007-04-01,1,2548,1343,2007-01-01 00:00:00.000000000
100,Pagado,2007-09-01,1,2548,1343,2007-05-01 00:00:00.000000000
80,Pagado,2008-01-01,1,2548,1343,2007-10-01 00:00:00.000000000
20,Pagado,2008-02-01,1,2548,1343,2008-02-01 00:00:00.000000000
60,Pagado,2008-05-01,1,2548,1343,2008-03-01 00:00:00.000000000
20,Pagado,2008-06-01,1,2548,1343,2008-06-01 00:00:00.000000000
20,Pagado,2008-07-01,1,2548,1343,2008-07-01 00:00:00.000000000
40,Pagado,2008-09-01,1,2548,1343,2008-08-01 00:00:00.000000000
40,Pagado,2008-11-01,1,2548,1343,2008-10-01 00:00:00.000000000
100,Pagado,2009-04-01,1,2548,1343,2008-12-01 00:00:00.000000000
100,Pagado,2009-09-01,1,2548,1343,2009-05-01 00:00:00.000000000
40,Pagado,2009-11-01,1,2548,1343,2009-10-01 00:00:00.000000000
60,Pagado,2010-02-01,1,2548,1343,2009-12-01 00:00:00.000000000
80,Pagado,2010-06-01,1,2548,1343,2010-05-01 00:00:00.000000000
40,Pagado,2010-08-01,1,2548,1343,2010-07-01 00:00:00.000000000
60,Pagado,2010-11-01,1,2548,1343,2010-09-01 00:00:00.000000000
80,Pagado,2011-03-01,1,2548,1343,2011-12-01 00:00:00.000000000
100,Pagado,2011-08-01,1,2548,1343,2011-04-01 00:00:00.000000000
60,Pagado,2011-11-01,1,2548,1343,2011-09-01 00:00:00.000000000
100,Pagado,2012-04-01,1,2548,1343,2011-12-01 00:00:00.000000000
80,Pagado,2012-08-01,1,2548,1343,2012-05-01 00:00:00.000000000
60,Pagado,2012-11-01,1,2548,1343,2012-09-01 00:00:00.000000000
220,Pagado,2013-11-01,1,2548,1343,2012-12-01 00:00:00.000000000
20,Pagado,2013-11-01,1,2548,1343,2013-11-01 00:00:00.000000000
100,Pagado,2014-04-01,1,2548,1343,2013-12-01 00:00:00.000000000
140,Pagado,2014-11-01,1,2548,1343,2014-05-01 00:00:00.000000000
140,Pagado,2015-11-01,1,2548,1343,2015-05-01 00:00:00.000000000
200,Pagado,2016-09-01,1,2548,1343,2015-12-01 00:00:00.000000000
40,Pagado,2016-11-01,1,2548,1343,2016-10-01 00:00:00.000000000
240,Pagado,2017-11-01,1,2548,1343,2016-12-01 00:00:00.000000000
240,Pagado,2018-11-01,1,2548,1343,2017-12-01 00:00:00.000000000
100,Pagado,2019-04-01,1,2548,1343,2018-12-01 00:00:00.000000000
140,Pagado,2019-11-01,1,2548,1343,2019-05-01 00:00:00.000000000
260,Pagado,2020-12-01,1,2548,1343,2019-12-01 00:00:00.000000000
220,Pagado,2021-11-01,1,2548,1343,2021-01-01 00:00:00.000000000
240,Pagado,2022-11-01,1,2548,1343,2021-12-01 00:00:00.000000000
20,Pagado,2022-12-01,1,2548,1343,2022-12-01 00:00:00.000000000
240,Pagado,2023-12-01,1,2548,1343,2023-01-01 00:00:00.000000000
300,Pagado,2024-10-01,1,2548,1343,2024-01-01 00:00:00.000000000
60,Pagado,2024-12-01,1,2548,1343,2024-11-01 00:00:00.000000000
300,Pagado,2025-10-01,1,2548,1343,2025-01-01 00:00:00.000000000
60,Pagado,2025-12-01,1,2548,1343,2025-11-01 00:00:00.000000000
20,Pagado,2004-04-01,1,2548,1344,2004-04-01 00:00:00.000000000
20,Pagado,2004-05-01,1,2548,1344,2004-05-01 00:00:00.000000000
20,Pagado,2004-06-01,1,2548,1344,2004-06-01 00:00:00.000000000
40,Pagado,2004-08-01,1,2548,1344,2004-07-01 00:00:00.000000000
40,Pagado,2004-10-01,1,2548,1344,2004-09-01 00:00:00.000000000
300,Pagado,2006-01-01,1,2548,1344,2004-11-01 00:00:00.000000000
100,Pagado,2006-06-01,1,2548,1344,2006-02-01 00:00:00.000000000
100,Pagado,2006-11-01,1,2548,1344,2006-07-01 00:00:00.000000000
100,Pagado,2007-04-01,1,2548,1344,2006-12-01 00:00:00.000000000
100,Pagado,2007-09-01,1,2548,1344,2007-05-01 00:00:00.000000000
60,Pagado,2007-12-01,1,2548,1344,2007-10-01 00:00:00.000000000
60,Pagado,2008-03-01,1,2548,1344,2008-01-01 00:00:00.000000000
20,Pagado,2008-04-01,1,2548,1344,2008-04-01 00:00:00.000000000
60,Pagado,2008-07-01,1,2548,1344,2008-05-01 00:00:00.000000000
100,Pagado,2008-12-01,1,2548,1344,2008-08-01 00:00:00.000000000
200,Pagado,2005-11-01,1,2548,1346,2005-02-01 00:00:00.000000000
260,Pagado,2006-12-01,1,2548,1346,2005-12-01 00:00:00.000000000
280,Pagado,2008-02-01,1,2548,1346,2007-01-01 00:00:00.000000000
20,Pagado,2004-09-01,1,2548,1347,2004-09-01 00:00:00.000000000
40,Pagado,2004-11-01,1,2548,1347,2004-10-01 00:00:00.000000000
40,Pagado,2005-01-01,1,2548,1347,2004-12-01 00:00:00.000000000
400,Pagado,2006-09-01,1,2548,1347,2005-02-01 00:00:00.000000000
300,Pagado,2007-12-01,1,2548,1347,2006-10-01 00:00:00.000000000
240,Pagado,2008-12-01,1,2548,1347,2008-01-01 00:00:00.000000000
20,Pagado,2004-06-01,1,2548,1348,2004-06-01 00:00:00.000000000
80,Pagado,2004-10-01,1,2548,1348,2004-07-01 00:00:00.000000000
20,Pagado,2004-11-01,1,2548,1348,2004-11-01 00:00:00.000000000
120,Pagado,2024-09-01,1,2548,1348,2024-06-01 00:00:00.000000000
90,Pagado,2024-12-01,1,2548,1348,2024-10-01 00:00:00.000000000
90,Pagado,2025-03-01,1,2548,1348,2025-01-01 00:00:00.000000000
210,Pagado,2025-10-01,1,2548,1348,2025-04-01 00:00:00.000000000
60,Pagado,2025-12-01,1,2548,1348,2025-11-01 00:00:00.000000000
1000,Pagado,2008-06-01,1,2548,1349,2004-05-01 00:00:00.000000000
500,Pagado,2012-08-01,1,2548,1349,2010-08-01 00:00:00.000000000
480,Pagado,2014-08-01,1,2548,1349,2012-09-01 00:00:00.000000000
240,Pagado,2015-08-01,1,2548,1349,2014-09-01 00:00:00.000000000
100,Pagado,2016-01-01,1,2548,1349,2015-09-01 00:00:00.000000000
200,Pagado,2016-11-01,1,2548,1349,2016-02-01 00:00:00.000000000
180,Pagado,2017-08-01,1,2548,1349,2016-12-01 00:00:00.000000000
200,Pagado,2018-06-01,1,2548,1349,2017-09-01 00:00:00.000000000
100,Pagado,2018-11-01,1,2548,1349,2018-07-01 00:00:00.000000000
200,Pagado,2019-09-01,1,2548,1349,2018-12-01 00:00:00.000000000
100,Pagado,2020-02-01,1,2548,1349,2019-10-01 00:00:00.000000000
100,Pagado,2020-07-01,1,2548,1349,2020-03-01 00:00:00.000000000
100,Pagado,2020-12-01,1,2548,1349,2020-08-01 00:00:00.000000000
100,Pagado,2021-05-01,1,2548,1349,2021-01-01 00:00:00.000000000
100,Pagado,2021-10-01,1,2548,1349,2021-06-01 00:00:00.000000000
100,Pagado,2022-03-01,1,2548,1349,2021-11-01 00:00:00.000000000
100,Pagado,2022-08-01,1,2548,1349,2022-04-01 00:00:00.000000000
60,Pagado,2022-11-01,1,2548,1349,2022-09-01 00:00:00.000000000
240,Pagado,2023-11-01,1,2548,1349,2022-12-01 00:00:00.000000000
260,Pagado,2024-08-01,1,2548,1349,2023-12-01 00:00:00.000000000
240,Pagado,2025-04-01,1,2548,1349,2024-09-01 00:00:00.000000000
180,Pagado,2025-10-01,1,2548,1349,2025-05-01 00:00:00.000000000
300,Pagado,2026-08-01,1,2548,1349,2025-11-01 00:00:00.000000000
60,Pagado,2026-10-01,1,2548,1349,2026-09-01 00:00:00.000000000
1300,Pagado,2010-05-01,1,2548,1350,2005-01-01 00:00:00.000000000
60,Pagado,2010-08-01,1,2548,1350,2010-06-01 00:00:00.000000000
60,Pagado,2010-11-01,1,2548,1350,2010-09-01 00:00:00.000000000
240,Pagado,2011-11-01,1,2548,1350,2010-12-01 00:00:00.000000000
240,Pagado,2012-11-01,1,2548,1350,2011-12-01 00:00:00.000000000
240,Pagado,2013-11-01,1,2548,1350,2012-12-01 00:00:00.000000000
260,Pagado,2014-12-01,1,2548,1350,2013-12-01 00:00:00.000000000
240,Pagado,2015-12-01,1,2548,1350,2015-01-01 00:00:00.000000000
440,Pagado,2017-10-01,1,2548,1350,2016-01-01 00:00:00.000000000
480,Pagado,2019-10-01,1,2548,1350,2017-11-01 00:00:00.000000000
60,Pagado,2020-01-01,1,2548,1350,2019-11-01 00:00:00.000000000
100,Pagado,2020-06-01,1,2548,1350,2020-02-01 00:00:00.000000000
120,Pagado,2020-12-01,1,2548,1350,2020-07-01 00:00:00.000000000
100,Pagado,2021-05-01,1,2548,1350,2021-01-01 00:00:00.000000000
100,Pagado,2021-10-01,1,2548,1350,2021-06-01 00:00:00.000000000
40,Pagado,2021-12-01,1,2548,1350,2021-11-01 00:00:00.000000000
100,Pagado,2022-05-01,1,2548,1350,2022-01-01 00:00:00.000000000
120,Pagado,2022-11-01,1,2548,1350,2022-06-01 00:00:00.000000000
240,Pagado,2023-11-01,1,2548,1350,2022-12-01 00:00:00.000000000
260,Pagado,2024-08-01,1,2548,1350,2023-12-01 00:00:00.000000000
240,Pagado,2025-04-01,1,2548,1350,2024-09-01 00:00:00.000000000
180,Pagado,2025-10-01,1,2548,1350,2025-05-01 00:00:00.000000000
300,Pagado,2026-08-01,1,2548,1350,2025-11-01 00:00:00.000000000
60,Pagado,2026-10-01,1,2548,1350,2026-09-01 00:00:00.000000000
180,Pagado,2005-01-01,1,2548,1351,2004-05-01 00:00:00.000000000
220,Pagado,2005-12-01,1,2548,1351,2005-02-01 00:00:00.000000000
240,Pagado,2006-12-01,1,2548,1351,2006-01-01 00:00:00.000000000
220,Pagado,2008-11-01,1,2548,1351,2008-01-01 00:00:00.000000000
260,Pagado,2009-12-01,1,2548,1351,2008-12-01 00:00:00.000000000
100,Pagado,2010-11-01,1,2548,1351,2010-07-01 00:00:00.000000000
220,Pagado,2011-10-01,1,2548,1351,2010-12-01 00:00:00.000000000
40,Pagado,2011-12-01,1,2548,1351,2011-11-01 00:00:00.000000000
160,Pagado,2012-08-01,1,2548,1351,2012-01-01 00:00:00.000000000
80,Pagado,2012-12-01,1,2548,1351,2012-09-01 00:00:00.000000000
240,Pagado,2014-12-01,1,2548,1351,2014-01-01 00:00:00.000000000
140,Pagado,2015-07-01,1,2548,1351,2015-01-01 00:00:00.000000000
100,Pagado,2015-12-01,1,2548,1351,2015-08-01 00:00:00.000000000
240,Pagado,2016-12-01,1,2548,1351,2016-01-01 00:00:00.000000000
240,Pagado,2018-12-01,1,2548,1351,2018-01-01 00:00:00.000000000
200,Pagado,2019-10-01,1,2548,1351,2019-01-01 00:00:00.000000000
40,Pagado,2019-12-01,1,2548,1351,2019-11-01 00:00:00.000000000
60,Pagado,2020-03-01,1,2548,1351,2020-01-01 00:00:00.000000000
180,Pagado,2020-12-01,1,2548,1351,2020-04-01 00:00:00.000000000
240,Pagado,2021-12-01,1,2548,1351,2021-01-01 00:00:00.000000000
240,Pagado,2022-12-01,1,2548,1351,2022-01-01 00:00:00.000000000
240,Pagado,2023-12-01,1,2548,1351,2023-01-01 00:00:00.000000000
360,Pagado,2024-12-01,1,2548,1351,2024-01-01 00:00:00.000000000
180,Pagado,2025-06-01,1,2548,1351,2025-01-01 00:00:00.000000000
180,Pagado,2025-12-01,1,2548,1351,2025-07-01 00:00:00.000000000
740,Pagado,2007-12-01,1,2548,1352,2004-12-01 00:00:00.000000000
200,Pagado,2005-04-01,1,2548,1356,2004-07-01 00:00:00.000000000
580,Pagado,2007-09-01,1,2548,1356,2005-05-01 00:00:00.000000000
40,Pagado,2008-11-01,1,2548,1357,2008-10-01 00:00:00.000000000
60,Pagado,2004-08-01,1,2548,1358,2004-06-01 00:00:00.000000000
100,Pagado,2005-01-01,1,2548,1358,2004-09-01 00:00:00.000000000
60,Pagado,2005-04-01,1,2548,1358,2005-02-01 00:00:00.000000000
40,Pagado,2005-06-01,1,2548,1358,2005-05-01 00:00:00.000000000
120,Pagado,2005-12-01,1,2548,1358,2005-07-01 00:00:00.000000000
40,Pagado,2006-02-01,1,2548,1358,2006-01-01 00:00:00.000000000
60,Pagado,2006-05-01,1,2548,1358,2006-03-01 00:00:00.000000000
100,Pagado,2006-10-01,1,2548,1358,2006-06-01 00:00:00.000000000
60,Pagado,2007-01-01,1,2548,1358,2006-11-01 00:00:00.000000000
220,Pagado,2007-12-01,1,2548,1358,2007-02-01 00:00:00.000000000
40,Pagado,2008-02-01,1,2548,1358,2008-01-01 00:00:00.000000000
500,Pagado,2010-12-01,1,2548,1358,2008-03-01 00:00:00.000000000
340,Pagado,2011-08-01,1,2548,1358,2010-04-01 00:00:00.000000000
100,Pagado,2012-01-01,1,2548,1358,2011-09-01 00:00:00.000000000
200,Pagado,2012-11-01,1,2548,1358,2012-02-01 00:00:00.000000000
300,Pagado,2014-02-01,1,2548,1358,2012-12-01 00:00:00.000000000
200,Pagado,2014-12-01,1,2548,1358,2014-03-01 00:00:00.000000000
300,Pagado,2016-03-01,1,2548,1358,2015-01-01 00:00:00.000000000
500,Pagado,2018-04-01,1,2548,1358,2016-04-01 00:00:00.000000000
30,Pagado,2023-01-01,1,2548,1358,2023-01-01 00:00:00.000000000
1060,Pagado,2023-12-01,1,2548,1358,2019-08-01 00:00:00.000000000
180,Pagado,2024-07-01,1,2548,1358,2024-02-01 00:00:00.000000000
150,Pagado,2024-12-01,1,2548,1358,2024-08-01 00:00:00.000000000
180,Pagado,2025-06-01,1,2548,1358,2025-01-01 00:00:00.000000000
180,Pagado,2025-12-01,1,2548,1358,2025-07-01 00:00:00.000000000
20,Pagado,2004-10-01,1,2548,1359,2004-10-01 00:00:00.000000000
20,Pagado,2004-11-01,1,2548,1359,2004-11-01 00:00:00.000000000
40,Pagado,2005-01-01,1,2548,1359,2004-12-01 00:00:00.000000000
40,Pagado,2005-04-01,1,2548,1359,2005-03-01 00:00:00.000000000
160,Pagado,2005-12-01,1,2548,1359,2005-05-01 00:00:00.000000000
100,Pagado,2006-05-01,1,2548,1359,2006-01-01 00:00:00.000000000
40,Pagado,2006-07-01,1,2548,1359,2006-06-01 00:00:00.000000000
40,Pagado,2004-10-01,1,2548,1360,2004-09-01 00:00:00.000000000
20,Pagado,2004-12-01,1,2548,1360,2004-12-01 00:00:00.000000000
20,Pagado,2005-01-01,1,2548,1360,2005-01-01 00:00:00.000000000
40,Pagado,2005-03-01,1,2548,1360,2005-02-01 00:00:00.000000000
420,Pagado,2006-12-01,1,2548,1360,2005-04-01 00:00:00.000000000
120,Pagado,2007-06-01,1,2548,1360,2007-01-01 00:00:00.000000000
120,Pagado,2007-12-01,1,2548,1360,2007-07-01 00:00:00.000000000
260,Pagado,2009-01-01,1,2548,1360,2008-01-01 00:00:00.000000000
200,Pagado,2009-11-01,1,2548,1360,2009-02-01 00:00:00.000000000
100,Pagado,2004-10-01,1,2548,1362,2004-06-01 00:00:00.000000000
40,Pagado,2004-08-01,1,2548,1363,2004-07-01 00:00:00.000000000
60,Pagado,2004-11-01,1,2548,1363,2004-09-01 00:00:00.000000000
20,Pagado,2004-12-01,1,2548,1363,2004-12-01 00:00:00.000000000
40,Pagado,2005-02-01,1,2548,1363,2005-01-01 00:00:00.000000000
300,Pagado,2007-04-01,1,2548,1366,2005-02-01 00:00:00.000000000
500,Pagado,2008-05-01,1,2548,1366,2006-05-01 00:00:00.000000000
240,Pagado,2009-05-01,1,2548,1366,2008-06-01 00:00:00.000000000
120,Pagado,2005-06-01,1,2548,1367,2005-01-01 00:00:00.000000000
100,Pagado,2005-11-01,1,2548,1367,2005-07-01 00:00:00.000000000
500,Pagado,2007-12-01,1,2548,1367,2005-12-01 00:00:00.000000000
600,Pagado,2010-06-01,1,2548,1367,2008-01-01 00:00:00.000000000
720,Pagado,2007-07-01,1,2548,1368,2004-08-01 00:00:00.000000000
200,Pagado,2008-05-01,1,2548,1368,2007-08-01 00:00:00.000000000
20,Pagado,2004-09-01,1,2548,1370,2004-09-01 00:00:00.000000000
20,Pagado,2004-10-01,1,2548,1370,2004-10-01 00:00:00.000000000
40,Pagado,2004-12-01,1,2548,1370,2004-11-01 00:00:00.000000000
60,Pagado,2005-03-01,1,2548,1370,2005-01-01 00:00:00.000000000
60,Pagado,2005-06-01,1,2548,1370,2005-04-01 00:00:00.000000000
120,Pagado,2005-12-01,1,2548,1370,2005-07-01 00:00:00.000000000
100,Pagado,2006-05-01,1,2548,1370,2006-01-01 00:00:00.000000000
100,Pagado,2006-10-01,1,2548,1370,2006-06-01 00:00:00.000000000
100,Pagado,2007-03-01,1,2548,1370,2006-11-01 00:00:00.000000000
60,Pagado,2007-06-01,1,2548,1370,2007-04-01 00:00:00.000000000
60,Pagado,2007-09-01,1,2548,1370,2007-07-01 00:00:00.000000000
60,Pagado,2007-12-01,1,2548,1370,2007-10-01 00:00:00.000000000
20,Pagado,2008-01-01,1,2548,1370,2008-01-01 00:00:00.000000000
20,Pagado,2008-02-01,1,2548,1370,2008-02-01 00:00:00.000000000
120,Pagado,2008-08-01,1,2548,1370,2008-03-01 00:00:00.000000000
180,Pagado,2009-05-01,1,2548,1370,2008-09-01 00:00:00.000000000
90,Pagado,2024-12-01,1,2548,1370,2024-10-01 00:00:00.000000000
360,Pagado,2025-12-01,1,2548,1370,2025-01-01 00:00:00.000000000
20,Pagado,2004-09-01,1,2548,1371,2004-09-01 00:00:00.000000000
40,Pagado,2004-11-01,1,2548,1371,2004-10-01 00:00:00.000000000
20,Pagado,2004-12-01,1,2548,1371,2004-12-01 00:00:00.000000000
20,Pagado,2005-01-01,1,2548,1371,2005-01-01 00:00:00.000000000
100,Pagado,2005-06-01,1,2548,1371,2005-02-01 00:00:00.000000000
100,Pagado,2005-11-01,1,2548,1371,2005-07-01 00:00:00.000000000
140,Pagado,2006-06-01,1,2548,1371,2005-12-01 00:00:00.000000000
20,Pagado,2006-07-01,1,2548,1371,2006-07-01 00:00:00.000000000
100,Pagado,2006-12-01,1,2548,1371,2006-08-01 00:00:00.000000000
20,Pagado,2007-01-01,1,2548,1371,2007-01-01 00:00:00.000000000
20,Pagado,2007-02-01,1,2548,1371,2007-02-01 00:00:00.000000000
20,Pagado,2007-03-01,1,2548,1371,2007-03-01 00:00:00.000000000
20,Pagado,2007-04-01,1,2548,1371,2007-04-01 00:00:00.000000000
20,Pagado,2007-05-01,1,2548,1371,2007-05-01 00:00:00.000000000
100,Pagado,2007-10-01,1,2548,1371,2007-06-01 00:00:00.000000000
40,Pagado,2007-12-01,1,2548,1371,2007-11-01 00:00:00.000000000
20,Pagado,2008-01-01,1,2548,1371,2008-01-01 00:00:00.000000000
60,Pagado,2008-04-01,1,2548,1371,2008-02-01 00:00:00.000000000
40,Pagado,2008-06-01,1,2548,1371,2008-05-01 00:00:00.000000000
20,Pagado,2008-07-01,1,2548,1371,2008-07-01 00:00:00.000000000
20,Pagado,2008-08-01,1,2548,1371,2008-08-01 00:00:00.000000000
20,Pagado,2008-09-01,1,2548,1371,2008-09-01 00:00:00.000000000
1000,Pagado,2012-12-01,1,2548,1371,2008-11-01 00:00:00.000000000
100,Pagado,2013-05-01,1,2548,1371,2013-01-01 00:00:00.000000000
120,Pagado,2013-11-01,1,2548,1371,2013-06-01 00:00:00.000000000
240,Pagado,2014-11-01,1,2548,1371,2013-12-01 00:00:00.000000000
40,Pagado,2015-01-01,1,2548,1371,2014-12-01 00:00:00.000000000
40,Pagado,2015-03-01,1,2548,1371,2015-02-01 00:00:00.000000000
20,Pagado,2015-12-01,1,2548,1371,2015-12-01 00:00:00.000000000
20,Pagado,2016-01-01,1,2548,1371,2016-01-01 00:00:00.000000000
20,Pagado,2016-02-01,1,2548,1371,2016-02-01 00:00:00.000000000
20,Pagado,2016-04-01,1,2548,1371,2016-03-01 00:00:00.000000000
100,Pagado,2016-09-01,1,2548,1371,2016-05-01 00:00:00.000000000
100,Pagado,2017-02-01,1,2548,1371,2016-10-01 00:00:00.000000000
100,Pagado,2017-07-01,1,2548,1371,2017-03-01 00:00:00.000000000
140,Pagado,2018-02-01,1,2548,1371,2017-08-01 00:00:00.000000000
120,Pagado,2018-08-01,1,2548,1371,2018-03-01 00:00:00.000000000
100,Pagado,2019-01-01,1,2548,1371,2018-09-01 00:00:00.000000000
160,Pagado,2019-09-01,1,2548,1371,2019-02-01 00:00:00.000000000
100,Pagado,2020-02-01,1,2548,1371,2019-10-01 00:00:00.000000000
240,Pagado,2021-02-01,1,2548,1371,2020-03-01 00:00:00.000000000
120,Pagado,2021-08-01,1,2548,1371,2021-03-01 00:00:00.000000000
120,Pagado,2022-02-01,1,2548,1371,2021-09-01 00:00:00.000000000
120,Pagado,2022-08-01,1,2548,1371,2022-03-01 00:00:00.000000000
120,Pagado,2023-02-01,1,2548,1371,2022-09-01 00:00:00.000000000
120,Pagado,2023-08-01,1,2548,1371,2023-03-01 00:00:00.000000000
120,Pagado,2024-02-01,1,2548,1371,2023-09-01 00:00:00.000000000
210,Pagado,2024-12-01,1,2548,1371,2024-06-01 00:00:00.000000000
300,Pagado,2025-01-01,1,2548,1371,2025-04-01 00:00:00.000000000
90,Pagado,2025-03-01,1,2548,1371,2025-01-01 00:00:00.000000000
180,Pagado,2005-06-01,1,2548,1373,2004-10-01 00:00:00.000000000
20,Pagado,2005-07-01,1,2548,1373,2005-07-01 00:00:00.000000000
20,Pagado,2005-08-01,1,2548,1373,2005-08-01 00:00:00.000000000
20,Pagado,2005-09-01,1,2548,1373,2005-09-01 00:00:00.000000000
20,Pagado,2005-10-01,1,2548,1373,2005-10-01 00:00:00.000000000
20,Pagado,2005-11-01,1,2548,1373,2005-11-01 00:00:00.000000000
20,Pagado,2006-01-01,1,2548,1373,2006-01-01 00:00:00.000000000
100,Pagado,2005-02-01,1,2548,1374,2004-10-01 00:00:00.000000000
80,Pagado,2005-06-01,1,2548,1374,2005-03-01 00:00:00.000000000
200,Pagado,2005-05-01,1,2548,1375,2004-08-01 00:00:00.000000000
60,Pagado,2007-09-01,1,2548,1375,2007-07-01 00:00:00.000000000
20,Pagado,2004-08-01,1,2548,1376,2004-08-01 00:00:00.000000000
80,Pagado,2004-12-01,1,2548,1376,2004-09-01 00:00:00.000000000
120,Pagado,2005-06-01,1,2548,1376,2005-01-01 00:00:00.000000000
20,Pagado,2005-07-01,1,2548,1376,2005-07-01 00:00:00.000000000
120,Pagado,2006-01-01,1,2548,1376,2005-08-01 00:00:00.000000000
140,Pagado,2006-08-01,1,2548,1376,2006-02-01 00:00:00.000000000
20,Pagado,2006-09-01,1,2548,1376,2006-09-01 00:00:00.000000000
40,Pagado,2006-11-01,1,2548,1376,2006-10-01 00:00:00.000000000
40,Pagado,2007-01-01,1,2548,1376,2006-12-01 00:00:00.000000000
80,Pagado,2007-05-01,1,2548,1376,2007-02-01 00:00:00.000000000
140,Pagado,2007-12-01,1,2548,1376,2007-06-01 00:00:00.000000000
120,Pagado,2008-06-01,1,2548,1376,2008-01-01 00:00:00.000000000
200,Pagado,2009-04-01,1,2548,1376,2008-07-01 00:00:00.000000000
440,Pagado,2011-02-01,1,2548,1376,2009-05-01 00:00:00.000000000
300,Pagado,2012-05-01,1,2548,1376,2011-03-01 00:00:00.000000000
120,Pagado,2024-12-01,1,2548,1376,2024-09-01 00:00:00.000000000
360,Pagado,2025-12-01,1,2548,1376,2025-01-01 00:00:00.000000000
80,Pagado,2004-11-01,1,2548,1377,2004-08-01 00:00:00.000000000
240,Pagado,2005-11-01,1,2548,1377,2004-12-01 00:00:00.000000000
20,Pagado,2005-12-01,1,2548,1377,2005-12-01 00:00:00.000000000
40,Pagado,2006-02-01,1,2548,1377,2006-01-01 00:00:00.000000000
60,Pagado,2006-05-01,1,2548,1377,2006-03-01 00:00:00.000000000
200,Pagado,2007-03-01,1,2548,1377,2006-06-01 00:00:00.000000000
180,Pagado,2007-12-01,1,2548,1377,2007-04-01 00:00:00.000000000
140,Pagado,2008-07-01,1,2548,1377,2008-01-01 00:00:00.000000000
600,Pagado,2011-01-01,1,2548,1377,2008-08-01 00:00:00.000000000
220,Pagado,2011-12-01,1,2548,1377,2011-02-01 00:00:00.000000000
720,Pagado,2014-12-01,1,2548,1377,2012-01-01 00:00:00.000000000
240,Pagado,2015-12-01,1,2548,1377,2015-01-01 00:00:00.000000000
240,Pagado,2016-12-01,1,2548,1377,2016-01-01 00:00:00.000000000
240,Pagado,2017-12-01,1,2548,1377,2017-01-01 00:00:00.000000000
100,Pagado,2018-05-01,1,2548,1377,2018-01-01 00:00:00.000000000
140,Pagado,2018-12-01,1,2548,1377,2018-07-01 00:00:00.000000000
260,Pagado,2020-12-01,1,2548,1377,2019-12-01 00:00:00.000000000
240,Pagado,2021-12-01,1,2548,1377,2021-01-01 00:00:00.000000000
240,Pagado,2022-12-01,1,2548,1377,2022-01-01 00:00:00.000000000
60,Pagado,2023-03-01,1,2548,1377,2023-01-01 00:00:00.000000000
180,Pagado,2023-12-01,1,2548,1377,2023-04-01 00:00:00.000000000
360,Pagado,2024-12-01,1,2548,1377,2024-01-01 00:00:00.000000000
150,Pagado,2025-05-01,1,2548,1377,2025-01-01 00:00:00.000000000
210,Pagado,2025-12-01,1,2548,1377,2025-06-01 00:00:00.000000000
1020,Pagado,2008-10-01,1,2548,1378,2004-08-01 00:00:00.000000000
120,Pagado,2010-05-01,1,2548,1378,2009-12-01 00:00:00.000000000
120,Pagado,2010-11-01,1,2548,1378,2010-06-01 00:00:00.000000000
260,Pagado,2010-11-01,1,2548,1378,2009-11-01 00:00:00.000000000
100,Pagado,2011-04-01,1,2548,1378,2010-12-01 00:00:00.000000000
160,Pagado,2011-12-01,1,2548,1378,2011-05-01 00:00:00.000000000
240,Pagado,2012-12-01,1,2548,1378,2012-01-01 00:00:00.000000000
480,Pagado,2014-12-01,1,2548,1378,2013-01-01 00:00:00.000000000
240,Pagado,2015-12-01,1,2548,1378,2015-01-01 00:00:00.000000000
20,Pagado,2016-01-01,1,2548,1378,2016-01-01 00:00:00.000000000
40,Pagado,2016-03-01,1,2548,1378,2016-02-01 00:00:00.000000000
120,Pagado,2016-06-01,1,2548,1378,2016-01-01 00:00:00.000000000
120,Pagado,2016-12-01,1,2548,1378,2016-07-01 00:00:00.000000000
240,Pagado,2017-12-01,1,2548,1378,2017-01-01 00:00:00.000000000
240,Pagado,2018-12-01,1,2548,1378,2018-01-01 00:00:00.000000000
180,Pagado,2019-09-01,1,2548,1378,2019-01-01 00:00:00.000000000
60,Pagado,2019-12-01,1,2548,1378,2019-10-01 00:00:00.000000000
240,Pagado,2020-12-01,1,2548,1378,2020-01-01 00:00:00.000000000
240,Pagado,2021-12-01,1,2548,1378,2021-01-01 00:00:00.000000000
240,Pagado,2022-12-01,1,2548,1378,2022-01-01 00:00:00.000000000
240,Pagado,2023-12-01,1,2548,1378,2023-01-01 00:00:00.000000000
360,Pagado,2024-12-01,1,2548,1378,2024-01-01 00:00:00.000000000
360,Pagado,2025-12-01,1,2548,1378,2025-01-01 00:00:00.000000000
100,Pagado,2004-12-01,1,2548,1379,2004-08-01 00:00:00.000000000
40,Pagado,2004-10-01,1,2548,1380,2004-09-01 00:00:00.000000000
80,Pagado,2004-12-01,1,2548,1381,2004-09-01 00:00:00.000000000
400,Pagado,2006-08-01,1,2548,1381,2005-01-01 00:00:00.000000000
400,Pagado,2008-04-01,1,2548,1381,2006-09-01 00:00:00.000000000
80,Pagado,2008-08-01,1,2548,1381,2008-05-01 00:00:00.000000000
500,Pagado,2010-09-01,1,2548,1381,2008-09-01 00:00:00.000000000
300,Pagado,2005-10-01,1,2548,1383,2004-08-01 00:00:00.000000000
240,Pagado,2006-10-01,1,2548,1383,2006-11-01 00:00:00.000000000
40,Pagado,2007-02-01,1,2548,1383,2007-01-01 00:00:00.000000000
60,Pagado,2007-05-01,1,2548,1383,2007-03-01 00:00:00.000000000
60,Pagado,2007-08-01,1,2548,1383,2007-06-01 00:00:00.000000000
80,Pagado,2007-12-01,1,2548,1383,2007-09-01 00:00:00.000000000
100,Pagado,2008-05-01,1,2548,1383,2008-01-01 00:00:00.000000000
100,Pagado,2008-10-01,1,2548,1383,2008-06-01 00:00:00.000000000
180,Pagado,2009-07-01,1,2548,1383,2008-11-01 00:00:00.000000000
100,Pagado,2009-12-01,1,2548,1383,2009-08-01 00:00:00.000000000
40,Pagado,2010-02-01,1,2548,1383,2010-01-01 00:00:00.000000000
100,Pagado,2010-07-01,1,2548,1383,2010-03-01 00:00:00.000000000
100,Pagado,2010-12-01,1,2548,1383,2010-08-01 00:00:00.000000000
60,Pagado,2011-03-01,1,2548,1383,2011-01-01 00:00:00.000000000
120,Pagado,2011-09-01,1,2548,1383,2011-04-01 00:00:00.000000000
40,Pagado,2011-11-01,1,2548,1383,2011-10-01 00:00:00.000000000
100,Pagado,2012-04-01,1,2548,1383,2011-12-01 00:00:00.000000000
100,Pagado,2012-09-01,1,2548,1383,2012-05-01 00:00:00.000000000
40,Pagado,2012-11-01,1,2548,1383,2012-10-01 00:00:00.000000000
260,Pagado,2013-12-01,1,2548,1383,2012-12-01 00:00:00.000000000
20,Pagado,2014-01-01,1,2548,1383,2014-01-01 00:00:00.000000000
20,Pagado,2014-02-01,1,2548,1383,2014-02-01 00:00:00.000000000
20,Pagado,2014-03-01,1,2548,1383,2014-03-01 00:00:00.000000000
20,Pagado,2014-03-01,1,2548,1383,2014-03-01 00:00:00.000000000
20,Pagado,2014-04-01,1,2548,1383,2014-04-01 00:00:00.000000000
140,Pagado,2014-12-01,1,2548,1383,2014-06-01 00:00:00.000000000
140,Pagado,2015-07-01,1,2548,1383,2015-01-01 00:00:00.000000000
100,Pagado,2015-12-01,1,2548,1383,2015-08-01 00:00:00.000000000
200,Pagado,2016-10-01,1,2548,1383,2016-01-01 00:00:00.000000000
100,Pagado,2017-03-01,1,2548,1383,2016-11-01 00:00:00.000000000
100,Pagado,2017-08-01,1,2548,1383,2017-04-01 00:00:00.000000000
80,Pagado,2017-12-01,1,2548,1383,2017-09-01 00:00:00.000000000
100,Pagado,2018-05-01,1,2548,1383,2018-01-01 00:00:00.000000000
40,Pagado,2018-07-01,1,2548,1383,2018-06-01 00:00:00.000000000
100,Pagado,2018-12-01,1,2548,1383,2018-08-01 00:00:00.000000000
40,Pagado,2019-02-01,1,2548,1383,2019-01-01 00:00:00.000000000
140,Pagado,2019-09-01,1,2548,1383,2019-03-01 00:00:00.000000000
100,Pagado,2020-02-01,1,2548,1383,2019-10-01 00:00:00.000000000
100,Pagado,2020-07-01,1,2548,1383,2020-03-01 00:00:00.000000000
100,Pagado,2020-07-01,1,2548,1383,2020-03-01 00:00:00.000000000
100,Pagado,2021-05-01,1,2548,1383,2021-01-01 00:00:00.000000000
140,Pagado,2021-12-01,1,2548,1383,2021-06-01 00:00:00.000000000
100,Pagado,2022-05-01,1,2548,1383,2022-01-01 00:00:00.000000000
100,Pagado,2022-10-01,1,2548,1383,2022-06-01 00:00:00.000000000
100,Pagado,2023-03-01,1,2548,1383,2022-11-01 00:00:00.000000000
100,Pagado,2023-08-01,1,2548,1383,2023-04-01 00:00:00.000000000
100,Pagado,2024-01-01,1,2548,1383,2023-09-01 00:00:00.000000000
180,Pagado,2024-07-01,1,2548,1383,2024-02-01 00:00:00.000000000
90,Pagado,2025-01-01,1,2548,1383,2024-11-01 00:00:00.000000000
210,Pagado,2025-08-01,1,2548,1383,2025-02-01 00:00:00.000000000
180,Pagado,2026-02-01,1,2548,1383,2025-09-01 00:00:00.000000000
120,Pagado,2005-01-01,1,2548,1385,2004-08-01 00:00:00.000000000
700,Pagado,2007-12-01,1,2548,1385,2005-02-01 00:00:00.000000000
200,Pagado,2005-05-01,1,2548,1386,2004-08-01 00:00:00.000000000
300,Pagado,2006-08-01,1,2548,1386,2005-06-01 00:00:00.000000000
220,Pagado,2007-07-01,1,2548,1386,2006-09-01 00:00:00.000000000
80,Pagado,2007-11-01,1,2548,1386,2007-08-01 00:00:00.000000000
160,Pagado,2008-07-01,1,2548,1386,2007-12-01 00:00:00.000000000
60,Pagado,2008-10-01,1,2548,1386,2008-08-01 00:00:00.000000000
100,Pagado,2009-03-01,1,2548,1386,2008-11-01 00:00:00.000000000
160,Pagado,2009-11-01,1,2548,1386,2009-04-01 00:00:00.000000000
240,Pagado,2010-11-01,1,2548,1386,2009-12-01 00:00:00.000000000
260,Pagado,2011-12-01,1,2548,1386,2010-12-01 00:00:00.000000000
220,Pagado,2012-11-01,1,2548,1386,2012-01-01 00:00:00.000000000
240,Pagado,2013-11-01,1,2548,1386,2012-12-01 00:00:00.000000000
260,Pagado,2014-12-01,1,2548,1386,2013-12-01 00:00:00.000000000
240,Pagado,2015-12-01,1,2548,1386,2015-01-01 00:00:00.000000000
240,Pagado,2016-12-01,1,2548,1386,2016-01-01 00:00:00.000000000
240,Pagado,2017-12-01,1,2548,1386,2017-01-01 00:00:00.000000000
240,Pagado,2018-12-01,1,2548,1386,2018-01-01 00:00:00.000000000
240,Pagado,2019-12-01,1,2548,1386,2019-01-01 00:00:00.000000000
240,Pagado,2020-12-01,1,2548,1386,2020-01-01 00:00:00.000000000
240,Pagado,2021-12-01,1,2548,1386,2021-01-01 00:00:00.000000000
240,Pagado,2022-12-01,1,2548,1386,2022-01-01 00:00:00.000000000
240,Pagado,2023-12-01,1,2548,1386,2023-01-01 00:00:00.000000000
240,Pagado,2024-08-01,1,2548,1386,2024-01-01 00:00:00.000000000
120,Pagado,2024-12-01,1,2548,1386,2024-09-01 00:00:00.000000000
410,Pagado,2025-12-01,1,2548,1386,2025-01-01 00:00:00.000000000
600,Pagado,2007-01-01,1,2548,1387,2004-08-01 00:00:00.000000000
40,Pagado,2007-03-01,1,2548,1387,2007-02-01 00:00:00.000000000
20,Pagado,2007-04-01,1,2548,1387,2007-04-01 00:00:00.000000000
140,Pagado,2007-11-01,1,2548,1387,2007-05-01 00:00:00.000000000
60,Pagado,2008-02-01,1,2548,1387,2007-12-01 00:00:00.000000000
300,Pagado,2009-05-01,1,2548,1387,2008-03-01 00:00:00.000000000
500,Pagado,2011-06-01,1,2548,1387,2009-06-01 00:00:00.000000000
940,Pagado,2015-05-01,1,2548,1387,2011-07-01 00:00:00.000000000
120,Pagado,2015-12-01,1,2548,1387,2015-07-01 00:00:00.000000000
500,Pagado,2017-06-01,1,2548,1387,2015-06-01 00:00:00.000000000
40,Pagado,2004-10-01,1,2548,1388,2004-09-01 00:00:00.000000000
200,Pagado,2005-05-01,1,2548,1389,2004-09-01 00:00:00.000000000
280,Pagado,2006-07-01,1,2548,1389,2005-06-01 00:00:00.000000000
100,Pagado,2004-12-01,1,2548,1390,2004-08-01 00:00:00.000000000
240,Pagado,2006-01-01,1,2548,1390,2005-02-01 00:00:00.000000000
40,Pagado,2006-03-01,1,2548,1390,2006-02-01 00:00:00.000000000
100,Pagado,2005-01-01,1,2548,1392,2004-09-01 00:00:00.000000000
60,Pagado,2005-04-01,1,2548,1392,2005-02-01 00:00:00.000000000
40,Pagado,2005-06-01,1,2548,1392,2005-05-01 00:00:00.000000000
20,Pagado,2004-10-01,1,2548,1393,2004-10-01 00:00:00.000000000
20,Pagado,2004-11-01,1,2548,1393,2004-11-01 00:00:00.000000000
20,Pagado,2004-12-01,1,2548,1393,2004-12-01 00:00:00.000000000
20,Pagado,2005-01-01,1,2548,1393,2005-01-01 00:00:00.000000000
380,Pagado,2006-08-01,1,2548,1393,2005-02-01 00:00:00.000000000
20,Pagado,2006-09-01,1,2548,1393,2006-09-01 00:00:00.000000000
20,Pagado,2006-10-01,1,2548,1393,2006-10-01 00:00:00.000000000
20,Pagado,2006-11-01,1,2548,1393,2006-11-01 00:00:00.000000000
40,Pagado,2007-01-01,1,2548,1393,2006-12-01 00:00:00.000000000
40,Pagado,2007-03-01,1,2548,1393,2007-02-01 00:00:00.000000000
40,Pagado,2007-05-01,1,2548,1393,2007-04-01 00:00:00.000000000
40,Pagado,2007-07-01,1,2548,1393,2007-06-01 00:00:00.000000000
100,Pagado,2007-12-01,1,2548,1393,2007-08-01 00:00:00.000000000
40,Pagado,2008-02-01,1,2548,1393,2008-01-01 00:00:00.000000000
20,Pagado,2008-03-01,1,2548,1393,2008-03-01 00:00:00.000000000
120,Pagado,2008-09-01,1,2548,1393,2008-04-01 00:00:00.000000000
20,Pagado,2008-10-01,1,2548,1393,2008-10-01 00:00:00.000000000
400,Pagado,2010-06-01,1,2548,1393,2008-11-01 00:00:00.000000000
80,Pagado,2010-10-01,1,2548,1393,2010-07-01 00:00:00.000000000
20,Pagado,2010-11-01,1,2548,1393,2010-11-01 00:00:00.000000000
40,Pagado,2011-01-01,1,2548,1393,2010-12-01 00:00:00.000000000
20,Pagado,2011-02-01,1,2548,1393,2011-02-01 00:00:00.000000000
40,Pagado,2011-03-01,1,2548,1393,2011-02-01 00:00:00.000000000
40,Pagado,2011-06-01,1,2548,1393,2011-05-01 00:00:00.000000000
20,Pagado,2011-07-01,1,2548,1393,2011-07-01 00:00:00.000000000
60,Pagado,2011-10-01,1,2548,1393,2011-08-01 00:00:00.000000000
100,Pagado,2012-03-01,1,2548,1393,2011-11-01 00:00:00.000000000
100,Pagado,2012-08-01,1,2548,1393,2012-04-01 00:00:00.000000000
20,Pagado,2012-09-01,1,2548,1393,2012-09-01 00:00:00.000000000
60,Pagado,2012-12-01,1,2548,1393,2012-10-01 00:00:00.000000000
40,Pagado,2013-02-01,1,2548,1393,2013-01-01 00:00:00.000000000
100,Pagado,2013-07-01,1,2548,1393,2013-03-01 00:00:00.000000000
100,Pagado,2014-05-01,1,2548,1393,2014-01-01 00:00:00.000000000
100,Pagado,2014-12-01,1,2548,1393,2013-08-01 00:00:00.000000000
100,Pagado,2005-03-01,1,2548,1394,2004-11-01 00:00:00.000000000
900,Pagado,2008-12-01,1,2548,1394,2005-04-01 00:00:00.000000000
240,Pagado,2009-12-01,1,2548,1394,2009-01-01 00:00:00.000000000
240,Pagado,2010-12-01,1,2548,1394,2010-01-01 00:00:00.000000000
240,Pagado,2011-12-01,1,2548,1394,2011-01-01 00:00:00.000000000
240,Pagado,2012-12-01,1,2548,1394,2012-01-01 00:00:00.000000000
200,Pagado,2013-10-01,1,2548,1394,2013-01-01 00:00:00.000000000
40,Pagado,2013-12-01,1,2548,1394,2013-11-01 00:00:00.000000000
240,Pagado,2014-12-01,1,2548,1394,2014-01-01 00:00:00.000000000
240,Pagado,2015-12-01,1,2548,1394,2015-01-01 00:00:00.000000000
240,Pagado,2016-12-01,1,2548,1394,2016-01-01 00:00:00.000000000
240,Pagado,2017-12-01,1,2548,1394,2017-01-01 00:00:00.000000000
240,Pagado,2018-12-01,1,2548,1394,2018-01-01 00:00:00.000000000
240,Pagado,2019-12-01,1,2548,1394,2019-01-01 00:00:00.000000000
240,Pagado,2020-12-01,1,2548,1394,2020-01-01 00:00:00.000000000
240,Pagado,2021-12-01,1,2548,1394,2021-01-01 00:00:00.000000000
240,Pagado,2022-12-01,1,2548,1394,2022-01-01 00:00:00.000000000
240,Pagado,2023-12-01,1,2548,1394,2023-01-01 00:00:00.000000000
360,Pagado,2024-12-01,1,2548,1394,2024-01-01 00:00:00.000000000
360,Pagado,2025-12-01,1,2548,1394,2025-01-01 00:00:00.000000000
40,Pagado,2004-10-01,1,2548,1395,2004-09-01 00:00:00.000000000
40,Pagado,2004-12-01,1,2548,1395,2004-11-01 00:00:00.000000000
40,Pagado,2005-02-01,1,2548,1395,2005-01-01 00:00:00.000000000
100,Pagado,2005-07-01,1,2548,1395,2005-03-01 00:00:00.000000000
80,Pagado,2005-11-01,1,2548,1395,2005-08-01 00:00:00.000000000
120,Pagado,2006-05-01,1,2548,1395,2005-12-01 00:00:00.000000000
280,Pagado,2007-01-01,1,2548,1395,2005-12-01 00:00:00.000000000
300,Pagado,2007-08-01,1,2548,1395,2006-06-01 00:00:00.000000000
80,Pagado,2004-12-01,1,2548,1396,2004-09-01 00:00:00.000000000
20,Pagado,2005-01-01,1,2548,1396,2005-01-01 00:00:00.000000000
40,Pagado,2005-03-01,1,2548,1396,2005-02-01 00:00:00.000000000
60,Pagado,2005-06-01,1,2548,1396,2005-04-01 00:00:00.000000000
40,Pagado,2005-08-01,1,2548,1396,2005-07-01 00:00:00.000000000
60,Pagado,2005-11-01,1,2548,1396,2005-09-01 00:00:00.000000000
20,Pagado,2005-12-01,1,2548,1396,2005-12-01 00:00:00.000000000
100,Pagado,2006-05-01,1,2548,1396,2006-01-01 00:00:00.000000000
200,Pagado,2007-03-01,1,2548,1396,2006-06-01 00:00:00.000000000
100,Pagado,2007-08-01,1,2548,1396,2007-04-01 00:00:00.000000000
60,Pagado,2008-04-01,1,2548,1396,2008-02-01 00:00:00.000000000
20,Pagado,2004-09-01,1,2548,1397,2004-09-01 00:00:00.000000000
1000,Pagado,2008-10-01,1,2548,1397,2004-09-01 00:00:00.000000000
560,Pagado,2011-02-01,1,2548,1397,2008-11-01 00:00:00.000000000
500,Pagado,2015-04-01,1,2548,1397,2013-04-01 00:00:00.000000000
1000,Pagado,2019-06-01,1,2548,1397,2015-05-01 00:00:00.000000000
140,Pagado,2020-01-01,1,2548,1397,2019-07-01 00:00:00.000000000
380,Pagado,2006-03-01,1,2548,1398,2004-09-01 00:00:00.000000000
200,Pagado,2007-01-01,1,2548,1398,2006-04-01 00:00:00.000000000
180,Pagado,2005-05-01,1,2548,1399,2004-09-01 00:00:00.000000000
60,Pagado,2005-08-01,1,2548,1399,2005-06-01 00:00:00.000000000
500,Pagado,2007-09-01,1,2548,1399,2005-09-01 00:00:00.000000000
100,Pagado,2005-01-01,1,2548,1400,2004-09-01 00:00:00.000000000
100,Pagado,2005-06-01,1,2548,1400,2005-02-01 00:00:00.000000000
100,Pagado,2005-11-01,1,2548,1400,2005-07-01 00:00:00.000000000
100,Pagado,2006-04-01,1,2548,1400,2005-12-01 00:00:00.000000000
440,Pagado,2008-02-01,1,2548,1400,2006-05-01 00:00:00.000000000
200,Pagado,2008-12-01,1,2548,1400,2008-03-01 00:00:00.000000000
300,Pagado,2010-03-01,1,2548,1400,2009-01-01 00:00:00.000000000
240,Pagado,2011-03-01,1,2548,1400,2010-04-01 00:00:00.000000000
180,Pagado,2011-12-01,1,2548,1400,2011-04-01 00:00:00.000000000
200,Pagado,2012-10-01,1,2548,1400,2012-01-01 00:00:00.000000000
100,Pagado,2013-03-01,1,2548,1400,2012-11-01 00:00:00.000000000
200,Pagado,2014-01-01,1,2548,1400,2013-04-01 00:00:00.000000000
500,Pagado,2016-02-01,1,2548,1400,2014-02-01 00:00:00.000000000
100,Pagado,2005-01-01,1,2548,1401,2004-09-01 00:00:00.000000000
100,Pagado,2005-06-01,1,2548,1401,2005-02-01 00:00:00.000000000
20,Pagado,2004-10-01,1,2548,1402,2004-10-01 00:00:00.000000000
20,Pagado,2004-12-01,1,2548,1402,2004-12-01 00:00:00.000000000
20,Pagado,2005-02-01,1,2548,1402,2005-02-01 00:00:00.000000000
20,Pagado,2005-03-01,1,2548,1402,2005-03-01 00:00:00.000000000
100,Pagado,2006-07-01,1,2548,1402,2006-03-01 00:00:00.000000000
340,Pagado,2006-12-01,1,2548,1402,2005-08-01 00:00:00.000000000
20,Pagado,2007-01-01,1,2548,1402,2007-01-01 00:00:00.000000000
20,Pagado,2007-02-01,1,2548,1402,2007-02-01 00:00:00.000000000
20,Pagado,2007-03-01,1,2548,1402,2007-03-01 00:00:00.000000000
40,Pagado,2007-05-01,1,2548,1402,2007-04-01 00:00:00.000000000
60,Pagado,2007-08-01,1,2548,1402,2007-06-01 00:00:00.000000000
20,Pagado,2007-09-01,1,2548,1402,2007-09-01 00:00:00.000000000
20,Pagado,2007-10-01,1,2548,1402,2007-10-01 00:00:00.000000000
20,Pagado,2007-11-01,1,2548,1402,2007-11-01 00:00:00.000000000
20,Pagado,2007-12-01,1,2548,1402,2007-12-01 00:00:00.000000000
40,Pagado,2008-02-01,1,2548,1402,2008-01-01 00:00:00.000000000
20,Pagado,2008-03-01,1,2548,1402,2008-03-01 00:00:00.000000000
20,Pagado,2008-04-01,1,2548,1402,2008-04-01 00:00:00.000000000
20,Pagado,2008-05-01,1,2548,1402,2008-05-01 00:00:00.000000000
20,Pagado,2008-06-01,1,2548,1402,2008-06-01 00:00:00.000000000
40,Pagado,2008-08-01,1,2548,1402,2008-07-01 00:00:00.000000000
20,Pagado,2008-09-01,1,2548,1402,2008-09-01 00:00:00.000000000
40,Pagado,2008-11-01,1,2548,1402,2008-10-01 00:00:00.000000000
20,Pagado,2008-12-01,1,2548,1402,2008-12-01 00:00:00.000000000
20,Pagado,2009-02-01,1,2548,1402,2009-02-01 00:00:00.000000000
20,Pagado,2009-03-01,1,2548,1402,2009-03-01 00:00:00.000000000
20,Pagado,2009-04-01,1,2548,1402,2009-04-01 00:00:00.000000000
20,Pagado,2009-05-01,1,2548,1402,2009-05-01 00:00:00.000000000
20,Pagado,2009-06-01,1,2548,1402,2009-06-01 00:00:00.000000000
20,Pagado,2009-07-01,1,2548,1402,2009-07-01 00:00:00.000000000
200,Pagado,2010-05-01,1,2548,1402,2009-08-01 00:00:00.000000000
140,Pagado,2010-12-01,1,2548,1402,2010-06-01 00:00:00.000000000
80,Pagado,2011-04-01,1,2548,1402,2011-01-01 00:00:00.000000000
100,Pagado,2011-09-01,1,2548,1402,2011-05-01 00:00:00.000000000
40,Pagado,2011-11-01,1,2548,1402,2011-10-01 00:00:00.000000000
40,Pagado,2012-01-01,1,2548,1402,2011-12-01 00:00:00.000000000
100,Pagado,2012-06-01,1,2548,1402,2012-02-01 00:00:00.000000000
120,Pagado,2012-12-01,1,2548,1402,2012-07-01 00:00:00.000000000
240,Pagado,2013-12-01,1,2548,1402,2013-01-01 00:00:00.000000000
20,Pagado,2014-01-01,1,2548,1402,2014-01-01 00:00:00.000000000
40,Pagado,2014-03-01,1,2548,1402,2014-02-01 00:00:00.000000000
180,Pagado,2014-12-01,1,2548,1402,2014-04-01 00:00:00.000000000
160,Pagado,2015-08-01,1,2548,1402,2015-01-01 00:00:00.000000000
80,Pagado,2015-12-01,1,2548,1402,2015-09-01 00:00:00.000000000
40,Pagado,2016-02-01,1,2548,1402,2016-01-01 00:00:00.000000000
40,Pagado,2016-04-01,1,2548,1402,2016-03-01 00:00:00.000000000
40,Pagado,2016-06-01,1,2548,1402,2016-05-01 00:00:00.000000000
120,Pagado,2016-12-01,1,2548,1402,2016-07-01 00:00:00.000000000
460,Pagado,2018-11-01,1,2548,1402,2017-01-01 00:00:00.000000000
200,Pagado,2019-09-01,1,2548,1402,2018-12-01 00:00:00.000000000
300,Pagado,2020-12-01,1,2548,1402,2019-10-01 00:00:00.000000000
240,Pagado,2021-12-01,1,2548,1402,2021-01-01 00:00:00.000000000
240,Pagado,2022-12-01,1,2548,1402,2022-01-01 00:00:00.000000000
240,Pagado,2023-12-01,1,2548,1402,2023-01-01 00:00:00.000000000
360,Pagado,2025-12-01,1,2548,1402,2025-01-01 00:00:00.000000000
500,Pagado,2006-09-01,1,2548,1403,2004-09-01 00:00:00.000000000
540,Pagado,2006-11-01,1,2548,1404,2004-09-01 00:00:00.000000000
200,Pagado,2005-07-01,1,2548,1405,2004-10-01 00:00:00.000000000
100,Pagado,2005-12-01,1,2548,1405,2005-08-01 00:00:00.000000000
20,Pagado,2001-10-01,1,2548,1406,2001-10-01 00:00:00.000000000
20,Pagado,2004-09-01,1,2548,1406,2004-09-01 00:00:00.000000000
20,Pagado,2004-11-01,1,2548,1406,2004-11-01 00:00:00.000000000
20,Pagado,2004-12-01,1,2548,1406,2004-12-01 00:00:00.000000000
100,Pagado,2005-05-01,1,2548,1406,2005-01-01 00:00:00.000000000
200,Pagado,2006-03-01,1,2548,1406,2005-06-01 00:00:00.000000000
20,Pagado,2004-10-01,1,2548,1407,2004-10-01 00:00:00.000000000
300,Pagado,2006-01-01,1,2548,1407,2004-11-01 00:00:00.000000000
140,Pagado,2007-10-01,1,2548,1408,2004-10-01 00:00:00.000000000
100,Pagado,2008-03-01,1,2548,1408,2007-11-01 00:00:00.000000000
200,Pagado,2008-08-01,1,2548,1408,2007-11-01 00:00:00.000000000
240,Pagado,2009-08-01,1,2548,1408,2008-09-01 00:00:00.000000000
20,Pagado,2004-09-01,1,2548,1409,2004-09-01 00:00:00.000000000
40,Pagado,2004-11-01,1,2548,1409,2004-10-01 00:00:00.000000000
20,Pagado,2004-12-01,1,2548,1409,2004-12-01 00:00:00.000000000
20,Pagado,2005-02-01,1,2548,1409,2005-02-01 00:00:00.000000000
20,Pagado,2006-01-01,1,2548,1409,2006-01-01 00:00:00.000000000
900,Pagado,2008-11-01,1,2548,1409,2005-03-01 00:00:00.000000000
20,Pagado,2008-12-01,1,2548,1409,2008-12-01 00:00:00.000000000
200,Pagado,2009-10-01,1,2548,1409,2009-01-01 00:00:00.000000000
500,Pagado,2011-11-01,1,2548,1409,2009-11-01 00:00:00.000000000
210,Pagado,2024-12-01,1,2548,1409,2024-06-01 00:00:00.000000000
360,Pagado,2025-12-01,1,2548,1409,2025-01-01 00:00:00.000000000
120,Pagado,2026-04-01,1,2548,1409,2026-01-01 00:00:00.000000000
20,Pagado,2004-11-01,1,2548,1411,2004-11-01 00:00:00.000000000
20,Pagado,2004-12-01,1,2548,1411,2004-12-01 00:00:00.000000000
40,Pagado,2004-10-01,1,2548,1412,2004-09-01 00:00:00.000000000
40,Pagado,2004-12-01,1,2548,1412,2004-11-01 00:00:00.000000000
40,Pagado,2005-02-01,1,2548,1412,2005-01-01 00:00:00.000000000
100,Pagado,2005-07-01,1,2548,1412,2005-03-01 00:00:00.000000000
20,Pagado,2005-08-01,1,2548,1412,2005-08-01 00:00:00.000000000
100,Pagado,2006-01-01,1,2548,1412,2005-09-01 00:00:00.000000000
20,Pagado,2006-02-01,1,2548,1412,2006-02-01 00:00:00.000000000
40,Pagado,2006-09-01,1,2548,1412,2006-08-01 00:00:00.000000000
100,Pagado,2007-02-01,1,2548,1412,2006-10-01 00:00:00.000000000
80,Pagado,2007-06-01,1,2548,1412,2007-03-01 00:00:00.000000000
60,Pagado,2007-08-01,1,2548,1412,2007-07-01 00:00:00.000000000
200,Pagado,2009-10-01,1,2548,1412,2009-01-01 00:00:00.000000000
200,Pagado,2010-08-01,1,2548,1412,2009-11-01 00:00:00.000000000
60,Pagado,2010-11-01,1,2548,1412,2010-09-01 00:00:00.000000000
20,Pagado,2010-12-01,1,2548,1412,2010-12-01 00:00:00.000000000
20,Pagado,2011-01-01,1,2548,1412,2011-01-01 00:00:00.000000000
20,Pagado,2011-02-01,1,2548,1412,2011-02-01 00:00:00.000000000
20,Pagado,2011-03-01,1,2548,1412,2011-03-01 00:00:00.000000000
100,Pagado,2011-08-01,1,2548,1412,2011-04-01 00:00:00.000000000
80,Pagado,2011-12-01,1,2548,1412,2011-09-01 00:00:00.000000000
200,Pagado,2012-10-01,1,2548,1412,2012-01-01 00:00:00.000000000
40,Pagado,2012-12-01,1,2548,1412,2012-11-01 00:00:00.000000000
20,Pagado,2013-01-01,1,2548,1412,2013-01-01 00:00:00.000000000
100,Pagado,2013-06-01,1,2548,1412,2013-02-01 00:00:00.000000000
100,Pagado,2013-11-01,1,2548,1412,2013-07-01 00:00:00.000000000
200,Pagado,2014-09-01,1,2548,1412,2013-12-01 00:00:00.000000000
40,Pagado,2014-11-01,1,2548,1412,2014-10-01 00:00:00.000000000
60,Pagado,2015-02-01,1,2548,1412,2014-12-01 00:00:00.000000000
180,Pagado,2015-11-01,1,2548,1412,2015-03-01 00:00:00.000000000
240,Pagado,2016-11-01,1,2548,1412,2015-12-01 00:00:00.000000000
240,Pagado,2017-11-01,1,2548,1412,2016-12-01 00:00:00.000000000
240,Pagado,2018-11-01,1,2548,1412,2017-12-01 00:00:00.000000000
240,Pagado,2019-11-01,1,2548,1412,2018-12-01 00:00:00.000000000
260,Pagado,2020-12-01,1,2548,1412,2019-12-01 00:00:00.000000000
240,Pagado,2021-12-01,1,2548,1412,2021-01-01 00:00:00.000000000
240,Pagado,2022-12-01,1,2548,1412,2022-01-01 00:00:00.000000000
240,Pagado,2023-12-01,1,2548,1412,2023-01-01 00:00:00.000000000
360,Pagado,2024-12-01,1,2548,1412,2024-01-01 00:00:00.000000000
20,Pagado,2004-10-01,1,2548,1413,2004-10-01 00:00:00.000000000
40,Pagado,2004-12-01,1,2548,1413,2004-11-01 00:00:00.000000000
40,Pagado,2005-02-01,1,2548,1413,2005-01-01 00:00:00.000000000
20,Pagado,2005-03-01,1,2548,1413,2005-03-01 00:00:00.000000000
100,Pagado,2005-08-01,1,2548,1413,2005-04-01 00:00:00.000000000
40,Pagado,2005-10-01,1,2548,1413,2005-09-01 00:00:00.000000000
40,Pagado,2005-12-01,1,2548,1413,2005-11-01 00:00:00.000000000
160,Pagado,2005-04-01,1,2548,1414,2004-09-01 00:00:00.000000000
160,Pagado,2005-12-01,1,2548,1414,2005-05-01 00:00:00.000000000
100,Pagado,2006-05-01,1,2548,1414,2006-01-01 00:00:00.000000000
140,Pagado,2006-12-01,1,2548,1414,2006-06-01 00:00:00.000000000
140,Pagado,2007-07-01,1,2548,1414,2007-01-01 00:00:00.000000000
40,Pagado,2007-09-01,1,2548,1414,2007-08-01 00:00:00.000000000
60,Pagado,2007-12-01,1,2548,1414,2007-10-01 00:00:00.000000000
60,Pagado,2008-03-01,1,2548,1414,2008-01-01 00:00:00.000000000
120,Pagado,2008-09-01,1,2548,1414,2008-04-01 00:00:00.000000000
60,Pagado,2008-12-01,1,2548,1414,2008-10-01 00:00:00.000000000
100,Pagado,2009-05-01,1,2548,1414,2009-01-01 00:00:00.000000000
140,Pagado,2009-12-01,1,2548,1414,2009-06-01 00:00:00.000000000
100,Pagado,2010-05-01,1,2548,1414,2010-01-01 00:00:00.000000000
100,Pagado,2010-10-01,1,2548,1414,2010-06-01 00:00:00.000000000
40,Pagado,2010-12-01,1,2548,1414,2010-11-01 00:00:00.000000000
240,Pagado,2011-12-01,1,2548,1414,2011-01-01 00:00:00.000000000
240,Pagado,2012-12-01,1,2548,1414,2012-01-01 00:00:00.000000000
240,Pagado,2013-12-01,1,2548,1414,2013-01-01 00:00:00.000000000
240,Pagado,2014-12-01,1,2548,1414,2014-01-01 00:00:00.000000000
240,Pagado,2015-12-01,1,2548,1414,2015-01-01 00:00:00.000000000
240,Pagado,2016-12-01,1,2548,1414,2016-01-01 00:00:00.000000000
240,Pagado,2017-12-01,1,2548,1414,2017-01-01 00:00:00.000000000
480,Pagado,2019-12-01,1,2548,1414,2018-01-01 00:00:00.000000000
240,Pagado,2020-12-01,1,2548,1414,2020-01-01 00:00:00.000000000
240,Pagado,2021-12-01,1,2548,1414,2021-01-01 00:00:00.000000000
240,Pagado,2022-12-01,1,2548,1414,2022-01-01 00:00:00.000000000
240,Pagado,2023-12-01,1,2548,1414,2023-01-01 00:00:00.000000000
360,Pagado,2024-12-01,1,2548,1414,2024-01-01 00:00:00.000000000
360,Pagado,2025-12-01,1,2548,1414,2025-01-01 00:00:00.000000000
200,Pagado,2004-08-01,1,2548,1415,2003-11-01 00:00:00.000000000
20,Pagado,2004-09-01,1,2548,1415,2004-09-01 00:00:00.000000000
400,Pagado,2006-06-01,1,2548,1415,2004-11-01 00:00:00.000000000
20,Pagado,2006-07-01,1,2548,1415,2006-07-01 00:00:00.000000000
20,Pagado,2006-08-01,1,2548,1415,2006-08-01 00:00:00.000000000
40,Pagado,2006-10-01,1,2548,1415,2006-09-01 00:00:00.000000000
40,Pagado,2006-12-01,1,2548,1415,2006-11-01 00:00:00.000000000
20,Pagado,2007-01-01,1,2548,1415,2007-01-01 00:00:00.000000000
200,Pagado,2007-11-01,1,2548,1415,2007-02-01 00:00:00.000000000
60,Pagado,2008-02-01,1,2548,1415,2007-12-01 00:00:00.000000000
200,Pagado,2008-12-01,1,2548,1415,2008-03-01 00:00:00.000000000
240,Pagado,2009-12-01,1,2548,1415,2009-01-01 00:00:00.000000000
240,Pagado,2010-12-01,1,2548,1415,2010-01-01 00:00:00.000000000
240,Pagado,2011-12-01,1,2548,1415,2011-01-01 00:00:00.000000000
240,Pagado,2012-12-01,1,2548,1415,2012-01-01 00:00:00.000000000
240,Pagado,2013-12-01,1,2548,1415,2013-01-01 00:00:00.000000000
240,Pagado,2014-12-01,1,2548,1415,2014-01-01 00:00:00.000000000
240,Pagado,2015-12-01,1,2548,1415,2015-01-01 00:00:00.000000000
480,Pagado,2017-12-01,1,2548,1415,2016-01-01 00:00:00.000000000
240,Pagado,2018-12-01,1,2548,1415,2018-01-01 00:00:00.000000000
180,Pagado,2019-09-01,1,2548,1415,2019-01-01 00:00:00.000000000
60,Pagado,2019-12-01,1,2548,1415,2019-10-01 00:00:00.000000000
240,Pagado,2020-12-01,1,2548,1415,2020-01-01 00:00:00.000000000
240,Pagado,2021-12-01,1,2548,1415,2021-01-01 00:00:00.000000000
240,Pagado,2022-12-01,1,2548,1415,2022-01-01 00:00:00.000000000
220,Pagado,2023-11-01,1,2548,1415,2023-01-01 00:00:00.000000000
20,Pagado,2023-12-01,1,2548,1415,2023-12-01 00:00:00.000000000
360,Pagado,2024-12-01,1,2548,1415,2024-01-01 00:00:00.000000000
360,Pagado,2025-12-01,1,2548,1415,2025-01-01 00:00:00.000000000
300,Pagado,2005-12-01,1,2548,1416,2004-10-01 00:00:00.000000000
20,Pagado,2008-12-01,1,2548,1416,2008-12-01 00:00:00.000000000
600,Pagado,2011-06-01,1,2548,1416,2009-01-01 00:00:00.000000000
1000,Pagado,2015-08-01,1,2548,1416,2011-07-01 00:00:00.000000000
1000,Pagado,2019-10-01,1,2548,1416,2015-09-01 00:00:00.000000000
180,Pagado,2005-05-01,1,2548,1417,2004-09-01 00:00:00.000000000
180,Pagado,2006-02-01,1,2548,1417,2005-06-01 00:00:00.000000000
360,Pagado,2007-08-01,1,2548,1417,2006-03-01 00:00:00.000000000
400,Pagado,2009-04-01,1,2548,1417,2007-09-01 00:00:00.000000000
500,Pagado,2011-05-01,1,2548,1417,2009-05-01 00:00:00.000000000
60,Pagado,2004-12-01,1,2548,1418,2004-10-01 00:00:00.000000000
80,Pagado,2005-01-01,1,2548,1420,2004-10-01 00:00:00.000000000
500,Pagado,2007-02-01,1,2548,1420,2005-02-01 00:00:00.000000000
200,Pagado,2007-12-01,1,2548,1420,2007-03-01 00:00:00.000000000
220,Pagado,2008-11-01,1,2548,1420,2008-01-01 00:00:00.000000000
160,Pagado,2009-07-01,1,2548,1420,2008-12-01 00:00:00.000000000
100,Pagado,2009-12-01,1,2548,1420,2009-08-01 00:00:00.000000000
480,Pagado,2011-11-01,1,2548,1420,2010-01-01 00:00:00.000000000
240,Pagado,2012-12-01,1,2548,1420,2012-01-01 00:00:00.000000000
240,Pagado,2013-12-01,1,2548,1420,2013-01-01 00:00:00.000000000
240,Pagado,2014-12-01,1,2548,1420,2014-01-01 00:00:00.000000000
240,Pagado,2015-12-01,1,2548,1420,2015-01-01 00:00:00.000000000
240,Pagado,2016-12-01,1,2548,1420,2016-01-01 00:00:00.000000000
240,Pagado,2017-12-01,1,2548,1420,2017-01-01 00:00:00.000000000
240,Pagado,2018-12-01,1,2548,1420,2018-01-01 00:00:00.000000000
240,Pagado,2019-12-01,1,2548,1420,2019-01-01 00:00:00.000000000
240,Pagado,2020-12-01,1,2548,1420,2020-01-01 00:00:00.000000000
240,Pagado,2021-12-01,1,2548,1420,2021-01-01 00:00:00.000000000
240,Pagado,2022-12-01,1,2548,1420,2022-01-01 00:00:00.000000000
240,Pagado,2023-12-01,1,2548,1420,2023-01-01 00:00:00.000000000
360,Pagado,2024-12-01,1,2548,1420,2024-01-01 00:00:00.000000000
360,Pagado,2025-12-01,1,2548,1420,2025-01-01 00:00:00.000000000
300,Pagado,2005-12-01,1,2548,1422,2004-10-01 00:00:00.000000000
60,Pagado,2004-12-01,1,2548,1423,2004-10-01 00:00:00.000000000
80,Pagado,2005-01-01,1,2548,1424,2004-10-01 00:00:00.000000000
200,Pagado,2005-11-01,1,2548,1424,2005-02-01 00:00:00.000000000
100,Pagado,2006-04-01,1,2548,1424,2005-12-01 00:00:00.000000000
100,Pagado,2006-09-01,1,2548,1424,2006-05-01 00:00:00.000000000
1000,Pagado,2010-11-01,1,2548,1424,2006-10-01 00:00:00.000000000
500,Pagado,2012-12-01,1,2548,1424,2010-12-01 00:00:00.000000000
1700,Pagado,2020-01-01,1,2548,1424,2013-01-01 00:00:00.000000000
140,Pagado,2020-08-01,1,2548,1424,2020-02-01 00:00:00.000000000
20,Pagado,2020-09-01,1,2548,1424,2020-09-01 00:00:00.000000000
260,Pagado,2021-10-01,1,2548,1424,2020-10-01 00:00:00.000000000
500,Pagado,2023-11-01,1,2548,1424,2021-11-01 00:00:00.000000000
40,Pagado,2004-11-01,1,2548,1425,2004-10-01 00:00:00.000000000
120,Pagado,2005-05-01,1,2548,1425,2004-12-01 00:00:00.000000000
220,Pagado,2006-04-01,1,2548,1425,2005-06-01 00:00:00.000000000
80,Pagado,2006-08-01,1,2548,1425,2006-05-01 00:00:00.000000000
200,Pagado,2007-06-01,1,2548,1425,2006-09-01 00:00:00.000000000
20,Pagado,2007-07-01,1,2548,1425,2007-07-01 00:00:00.000000000
20,Pagado,2007-08-01,1,2548,1425,2007-08-01 00:00:00.000000000
20,Pagado,2007-09-01,1,2548,1425,2007-09-01 00:00:00.000000000
200,Pagado,2008-07-01,1,2548,1425,2007-10-01 00:00:00.000000000
20,Pagado,2005-01-01,1,2548,1427,2005-01-01 00:00:00.000000000
100,Pagado,2005-06-01,1,2548,1427,2005-02-01 00:00:00.000000000
100,Pagado,2005-11-01,1,2548,1427,2005-07-01 00:00:00.000000000
40,Pagado,2005-12-01,1,2548,1427,2004-11-01 00:00:00.000000000
40,Pagado,2006-01-01,1,2548,1427,2005-12-01 00:00:00.000000000
60,Pagado,2006-04-01,1,2548,1427,2006-02-01 00:00:00.000000000
60,Pagado,2006-07-01,1,2548,1427,2006-05-01 00:00:00.000000000
40,Pagado,2006-09-01,1,2548,1427,2006-08-01 00:00:00.000000000
60,Pagado,2006-12-01,1,2548,1427,2006-10-01 00:00:00.000000000
60,Pagado,2007-03-01,1,2548,1427,2007-01-01 00:00:00.000000000
500,Pagado,2009-04-01,1,2548,1427,2007-04-01 00:00:00.000000000
40,Pagado,2004-10-01,1,2548,1428,2004-09-01 00:00:00.000000000
400,Pagado,2006-06-01,1,2548,1428,2004-11-01 00:00:00.000000000
700,Pagado,2009-05-01,1,2548,1428,2006-07-01 00:00:00.000000000
300,Pagado,2010-08-01,1,2548,1428,2009-06-01 00:00:00.000000000
200,Pagado,2011-05-01,1,2548,1428,2010-08-01 00:00:00.000000000
20,Pagado,2004-11-01,1,2548,1429,2004-11-01 00:00:00.000000000
20,Pagado,2004-12-01,1,2548,1429,2004-12-01 00:00:00.000000000
100,Pagado,2005-05-01,1,2548,1429,2005-01-01 00:00:00.000000000
200,Pagado,2006-03-01,1,2548,1429,2005-06-01 00:00:00.000000000
100,Pagado,2006-08-01,1,2548,1429,2006-04-01 00:00:00.000000000
40,Pagado,2004-12-01,1,2548,1430,2004-11-01 00:00:00.000000000
40,Pagado,2005-02-01,1,2548,1430,2005-01-01 00:00:00.000000000
60,Pagado,2005-05-01,1,2548,1430,2005-03-01 00:00:00.000000000
20,Pagado,2005-06-01,1,2548,1430,2005-06-01 00:00:00.000000000
40,Pagado,2005-08-01,1,2548,1430,2005-07-01 00:00:00.000000000
60,Pagado,2006-05-01,1,2548,1430,2006-03-01 00:00:00.000000000
400,Pagado,2008-01-01,1,2548,1430,2006-06-01 00:00:00.000000000
400,Pagado,2007-03-01,1,2548,1431,2005-08-01 00:00:00.000000000
180,Pagado,2007-12-01,1,2548,1431,2007-04-01 00:00:00.000000000
40,Pagado,2004-12-01,1,2548,1432,2004-11-01 00:00:00.000000000
100,Pagado,2005-05-01,1,2548,1432,2005-01-01 00:00:00.000000000
20,Pagado,2005-06-01,1,2548,1432,2005-06-01 00:00:00.000000000
60,Pagado,2005-09-01,1,2548,1432,2005-07-01 00:00:00.000000000
220,Pagado,2006-08-01,1,2548,1432,2005-08-01 00:00:00.000000000
80,Pagado,2006-12-01,1,2548,1432,2006-09-01 00:00:00.000000000
200,Pagado,2007-10-01,1,2548,1432,2007-01-01 00:00:00.000000000
100,Pagado,2008-03-01,1,2548,1432,2007-11-01 00:00:00.000000000
40,Pagado,2004-12-01,1,2548,1433,2004-11-01 00:00:00.000000000
100,Pagado,2005-05-01,1,2548,1433,2005-01-01 00:00:00.000000000
40,Pagado,2005-09-01,1,2548,1433,2005-08-01 00:00:00.000000000
80,Pagado,2006-01-01,1,2548,1433,2005-10-01 00:00:00.000000000
100,Pagado,2006-02-01,1,2548,1433,2006-02-01 00:00:00.000000000
100,Pagado,2006-11-01,1,2548,1433,2006-07-01 00:00:00.000000000
100,Pagado,2007-04-01,1,2548,1433,2006-12-01 00:00:00.000000000
500,Pagado,2009-05-01,1,2548,1433,2007-05-01 00:00:00.000000000
240,Pagado,2010-05-01,1,2548,1433,2009-06-01 00:00:00.000000000
80,Pagado,2010-09-01,1,2548,1433,2010-06-01 00:00:00.000000000
200,Pagado,2011-07-01,1,2548,1433,2010-10-01 00:00:00.000000000
100,Pagado,2012-05-01,1,2548,1433,2012-01-01 00:00:00.000000000
100,Pagado,2012-10-01,1,2548,1433,2012-06-01 00:00:00.000000000
340,Pagado,2012-12-01,1,2548,1433,2011-08-01 00:00:00.000000000
140,Pagado,2013-05-01,1,2548,1433,2012-11-01 00:00:00.000000000
120,Pagado,2013-11-01,1,2548,1433,2013-06-01 00:00:00.000000000
20,Pagado,2013-12-01,1,2548,1433,2013-12-01 00:00:00.000000000
100,Pagado,2014-05-01,1,2548,1433,2014-01-01 00:00:00.000000000
100,Pagado,2014-10-01,1,2548,1433,2014-06-01 00:00:00.000000000
20,Pagado,2014-11-01,1,2548,1433,2014-11-01 00:00:00.000000000
100,Pagado,2014-12-01,1,2548,1433,2014-08-01 00:00:00.000000000
60,Pagado,2015-02-01,1,2548,1433,2014-12-01 00:00:00.000000000
200,Pagado,2015-12-01,1,2548,1433,2015-03-01 00:00:00.000000000
60,Pagado,2016-03-01,1,2548,1433,2016-01-01 00:00:00.000000000
200,Pagado,2017-01-01,1,2548,1433,2016-04-01 00:00:00.000000000
100,Pagado,2017-06-01,1,2548,1433,2017-02-01 00:00:00.000000000
140,Pagado,2018-01-01,1,2548,1433,2017-07-01 00:00:00.000000000
200,Pagado,2018-11-01,1,2548,1433,2018-02-01 00:00:00.000000000
40,Pagado,2019-01-01,1,2548,1433,2018-12-01 00:00:00.000000000
240,Pagado,2020-01-01,1,2548,1433,2019-02-01 00:00:00.000000000
220,Pagado,2020-12-01,1,2548,1433,2020-02-01 00:00:00.000000000
180,Pagado,2021-09-01,1,2548,1433,2021-01-01 00:00:00.000000000
60,Pagado,2021-12-01,1,2548,1433,2021-10-01 00:00:00.000000000
40,Pagado,2022-02-01,1,2548,1433,2022-01-01 00:00:00.000000000
100,Pagado,2022-07-01,1,2548,1433,2022-03-01 00:00:00.000000000
100,Pagado,2022-12-01,1,2548,1433,2022-08-01 00:00:00.000000000
80,Pagado,2023-04-01,1,2548,1433,2023-01-01 00:00:00.000000000
160,Pagado,2023-12-01,1,2548,1433,2023-05-01 00:00:00.000000000
150,Pagado,2024-05-01,1,2548,1433,2024-01-01 00:00:00.000000000
210,Pagado,2024-12-01,1,2548,1433,2024-06-01 00:00:00.000000000
90,Pagado,2025-03-01,1,2548,1433,2025-01-01 00:00:00.000000000
270,Pagado,2025-12-01,1,2548,1433,2025-04-01 00:00:00.000000000
90,Pagado,2026-03-01,1,2548,1433,2026-01-01 00:00:00.000000000
40,Pagado,2004-12-01,1,2548,1436,2004-11-01 00:00:00.000000000
100,Pagado,2005-03-01,1,2548,1437,2004-11-01 00:00:00.000000000
220,Pagado,2006-02-01,1,2548,1437,2005-04-01 00:00:00.000000000
400,Pagado,2007-10-01,1,2548,1437,2006-03-01 00:00:00.000000000
200,Pagado,2008-08-01,1,2548,1437,2007-11-01 00:00:00.000000000
20,Pagado,2004-11-01,1,2548,1438,2004-11-01 00:00:00.000000000
40,Pagado,2005-01-01,1,2548,1438,2004-12-01 00:00:00.000000000
440,Pagado,2006-11-01,1,2548,1438,2005-02-01 00:00:00.000000000
400,Pagado,2008-07-01,1,2548,1438,2006-12-01 00:00:00.000000000
100,Pagado,2008-12-01,1,2548,1438,2008-08-01 00:00:00.000000000
200,Pagado,2009-10-01,1,2548,1438,2009-01-01 00:00:00.000000000
500,Pagado,2013-12-01,1,2548,1438,2011-12-01 00:00:00.000000000
500,Pagado,2016-01-01,1,2548,1438,2014-01-01 00:00:00.000000000
500,Pagado,2016-01-01,1,2548,1438,2014-01-01 00:00:00.000000000
500,Pagado,2018-02-01,1,2548,1438,2016-02-01 00:00:00.000000000
500,Pagado,2020-03-01,1,2548,1438,2018-03-01 00:00:00.000000000
80,Pagado,2005-02-01,1,2548,1439,2004-11-01 00:00:00.000000000
240,Pagado,2006-02-01,1,2548,1439,2005-03-01 00:00:00.000000000
460,Pagado,2006-09-01,1,2548,1441,2004-11-01 00:00:00.000000000
60,Pagado,2006-12-01,1,2548,1441,2006-10-01 00:00:00.000000000
140,Pagado,2007-07-01,1,2548,1441,2007-01-01 00:00:00.000000000
240,Pagado,2008-07-01,1,2548,1441,2007-08-01 00:00:00.000000000
20,Pagado,2004-11-01,1,2548,1443,2004-11-01 00:00:00.000000000
20,Pagado,2004-12-01,1,2548,1443,2004-12-01 00:00:00.000000000
240,Pagado,2005-12-01,1,2548,1443,2005-01-01 00:00:00.000000000
180,Pagado,2006-09-01,1,2548,1443,2006-01-01 00:00:00.000000000
60,Pagado,2006-12-01,1,2548,1443,2006-10-01 00:00:00.000000000
240,Pagado,2007-12-01,1,2548,1443,2007-01-01 00:00:00.000000000
300,Pagado,2009-03-01,1,2548,1443,2008-01-01 00:00:00.000000000
60,Pagado,2005-01-01,1,2548,1445,2004-11-01 00:00:00.000000000
200,Pagado,2005-11-01,1,2548,1445,2005-02-01 00:00:00.000000000
100,Pagado,2006-04-01,1,2548,1445,2005-12-01 00:00:00.000000000
500,Pagado,2008-05-01,1,2548,1445,2006-05-01 00:00:00.000000000
400,Pagado,2010-01-01,1,2548,1445,2008-06-01 00:00:00.000000000
60,Pagado,2005-01-01,1,2548,1446,2004-11-01 00:00:00.000000000
20,Pagado,2005-02-01,1,2548,1446,2005-02-01 00:00:00.000000000
820,Pagado,2008-03-01,1,2548,1447,2004-11-01 00:00:00.000000000
160,Pagado,2008-11-01,1,2548,1447,2008-04-01 00:00:00.000000000
60,Pagado,2005-01-01,1,2548,1448,2004-11-01 00:00:00.000000000
80,Pagado,2005-05-01,1,2548,1448,2005-02-01 00:00:00.000000000
40,Pagado,2005-07-01,1,2548,1448,2005-06-01 00:00:00.000000000
80,Pagado,2005-11-01,1,2548,1448,2005-08-01 00:00:00.000000000
40,Pagado,2004-12-01,1,2548,1449,2004-11-01 00:00:00.000000000
20,Pagado,2005-01-01,1,2548,1449,2005-01-01 00:00:00.000000000
200,Pagado,2005-11-01,1,2548,1449,2005-02-01 00:00:00.000000000
160,Pagado,2006-07-01,1,2548,1449,2005-12-01 00:00:00.000000000
200,Pagado,2007-05-01,1,2548,1449,2006-08-01 00:00:00.000000000
100,Pagado,2007-07-01,1,2548,1449,2007-03-01 00:00:00.000000000
100,Pagado,2007-10-01,1,2548,1449,2007-06-01 00:00:00.000000000
200,Pagado,2008-08-01,1,2548,1449,2007-11-01 00:00:00.000000000
100,Pagado,2009-01-01,1,2548,1449,2008-09-01 00:00:00.000000000
100,Pagado,2009-06-01,1,2548,1449,2009-02-01 00:00:00.000000000
200,Pagado,2010-04-01,1,2548,1449,2009-07-01 00:00:00.000000000
500,Pagado,2012-05-01,1,2548,1449,2010-05-01 00:00:00.000000000
200,Pagado,2013-03-01,1,2548,1449,2012-06-01 00:00:00.000000000
200,Pagado,2014-01-01,1,2548,1449,2013-04-01 00:00:00.000000000
200,Pagado,2014-11-01,1,2548,1449,2014-02-01 00:00:00.000000000
800,Pagado,2008-03-01,1,2548,1453,2004-12-01 00:00:00.000000000
240,Pagado,2005-10-01,1,2548,1454,2004-11-01 00:00:00.000000000
240,Pagado,2006-10-01,1,2548,1454,2005-11-01 00:00:00.000000000
20,Pagado,2006-11-01,1,2548,1454,2006-11-01 00:00:00.000000000
140,Pagado,2002-12-01,1,2548,1455,2002-06-01 00:00:00.000000000
40,Pagado,2004-12-01,1,2548,1455,2004-11-01 00:00:00.000000000
160,Pagado,2005-08-01,1,2548,1455,2005-01-01 00:00:00.000000000
80,Pagado,2005-12-01,1,2548,1455,2005-09-01 00:00:00.000000000
60,Pagado,2006-03-01,1,2548,1455,2006-01-01 00:00:00.000000000
60,Pagado,2006-06-01,1,2548,1455,2006-04-01 00:00:00.000000000
120,Pagado,2006-12-01,1,2548,1455,2006-07-01 00:00:00.000000000
100,Pagado,2007-05-01,1,2548,1455,2007-01-01 00:00:00.000000000
140,Pagado,2007-12-01,1,2548,1455,2007-06-01 00:00:00.000000000
100,Pagado,2008-05-01,1,2548,1455,2008-01-01 00:00:00.000000000
240,Pagado,2009-12-01,1,2548,1455,2009-01-01 00:00:00.000000000
100,Pagado,2010-05-01,1,2548,1455,2010-01-01 00:00:00.000000000
140,Pagado,2010-12-01,1,2548,1455,2010-06-01 00:00:00.000000000
240,Pagado,2011-12-01,1,2548,1455,2011-01-01 00:00:00.000000000
240,Pagado,2012-12-01,1,2548,1455,2012-01-01 00:00:00.000000000
240,Pagado,2013-12-01,1,2548,1455,2013-01-01 00:00:00.000000000
240,Pagado,2014-12-01,1,2548,1455,2014-01-01 00:00:00.000000000
240,Pagado,2015-12-01,1,2548,1455,2015-01-01 00:00:00.000000000
240,Pagado,2016-12-01,1,2548,1455,2016-01-01 00:00:00.000000000
180,Pagado,2017-09-01,1,2548,1455,2017-01-01 00:00:00.000000000
60,Pagado,2017-12-01,1,2548,1455,2017-10-01 00:00:00.000000000
480,Pagado,2019-12-01,1,2548,1455,2018-01-01 00:00:00.000000000
60,Pagado,2005-01-01,1,2548,1456,2004-11-01 00:00:00.000000000
40,Pagado,2005-03-01,1,2548,1456,2005-02-01 00:00:00.000000000
400,Pagado,2006-10-01,1,2548,1456,2005-03-01 00:00:00.000000000
100,Pagado,2007-03-01,1,2548,1456,2006-11-01 00:00:00.000000000
180,Pagado,2007-12-01,1,2548,1456,2007-04-01 00:00:00.000000000
40,Pagado,2008-02-01,1,2548,1456,2008-01-01 00:00:00.000000000
100,Pagado,2008-07-01,1,2548,1456,2008-03-01 00:00:00.000000000
100,Pagado,2008-12-01,1,2548,1456,2008-08-01 00:00:00.000000000
300,Pagado,2010-03-01,1,2548,1456,2009-01-01 00:00:00.000000000
300,Pagado,2011-06-01,1,2548,1456,2010-04-01 00:00:00.000000000
100,Pagado,2011-11-01,1,2548,1456,2011-07-01 00:00:00.000000000
260,Pagado,2012-12-01,1,2548,1456,2011-12-01 00:00:00.000000000
220,Pagado,2013-11-01,1,2548,1456,2013-01-01 00:00:00.000000000
80,Pagado,2014-03-01,1,2548,1456,2013-12-01 00:00:00.000000000
160,Pagado,2014-11-01,1,2548,1456,2014-04-01 00:00:00.000000000
260,Pagado,2015-12-01,1,2548,1456,2014-12-01 00:00:00.000000000
120,Pagado,2016-06-01,1,2548,1456,2016-01-01 00:00:00.000000000
120,Pagado,2016-12-01,1,2548,1456,2016-07-01 00:00:00.000000000
240,Pagado,2017-12-01,1,2548,1456,2017-01-01 00:00:00.000000000
100,Pagado,2018-05-01,1,2548,1456,2018-01-01 00:00:00.000000000
40,Pagado,2018-07-01,1,2548,1456,2018-06-01 00:00:00.000000000
100,Pagado,2018-12-01,1,2548,1456,2018-08-01 00:00:00.000000000
100,Pagado,2018-12-01,1,2548,1456,2018-08-01 00:00:00.000000000
140,Pagado,2019-12-01,1,2548,1456,2019-06-01 00:00:00.000000000
100,Pagado,2020-05-01,1,2548,1456,2020-01-01 00:00:00.000000000
140,Pagado,2020-12-01,1,2548,1456,2020-06-01 00:00:00.000000000
240,Pagado,2021-12-01,1,2548,1456,2021-01-01 00:00:00.000000000
100,Pagado,2022-05-01,1,2548,1456,2022-01-01 00:00:00.000000000
140,Pagado,2022-12-01,1,2548,1456,2022-06-01 00:00:00.000000000
240,Pagado,2023-12-01,1,2548,1456,2023-01-01 00:00:00.000000000
360,Pagado,2024-12-01,1,2548,1456,2024-01-01 00:00:00.000000000
360,Pagado,2025-12-01,1,2548,1456,2025-01-01 00:00:00.000000000
100,Pagado,2005-03-01,1,2548,1457,2004-11-01 00:00:00.000000000
100,Pagado,2005-08-01,1,2548,1457,2005-04-01 00:00:00.000000000
100,Pagado,2005-03-01,1,2548,1458,2004-11-01 00:00:00.000000000
720,Pagado,2008-01-01,1,2548,1459,2006-02-01 00:00:00.000000000
220,Pagado,2008-12-01,1,2548,1459,2008-02-01 00:00:00.000000000
20,Pagado,2009-01-01,1,2548,1459,2009-01-01 00:00:00.000000000
200,Pagado,2009-11-01,1,2548,1459,2009-02-01 00:00:00.000000000
60,Pagado,2010-02-01,1,2548,1459,2009-12-01 00:00:00.000000000
240,Pagado,2011-02-01,1,2548,1459,2010-03-01 00:00:00.000000000
300,Pagado,2012-05-01,1,2548,1459,2011-03-01 00:00:00.000000000
60,Pagado,2005-01-01,1,2548,1460,2004-11-01 00:00:00.000000000
20,Pagado,2005-02-01,1,2548,1460,2005-02-01 00:00:00.000000000
20,Pagado,2005-03-01,1,2548,1460,2005-03-01 00:00:00.000000000
40,Pagado,2005-05-01,1,2548,1460,2005-04-01 00:00:00.000000000
40,Pagado,2005-07-01,1,2548,1460,2005-06-01 00:00:00.000000000
100,Pagado,2005-10-01,1,2548,1460,2005-06-01 00:00:00.000000000
100,Pagado,2006-03-01,1,2548,1460,2005-11-01 00:00:00.000000000
40,Pagado,2006-05-01,1,2548,1460,2006-04-01 00:00:00.000000000
20,Pagado,2006-06-01,1,2548,1460,2006-06-01 00:00:00.000000000
40,Pagado,2006-08-01,1,2548,1460,2006-07-01 00:00:00.000000000
20,Pagado,2006-09-01,1,2548,1460,2006-09-01 00:00:00.000000000
60,Pagado,2006-12-01,1,2548,1460,2006-10-01 00:00:00.000000000
240,Pagado,2007-12-01,1,2548,1460,2007-01-01 00:00:00.000000000
40,Pagado,2008-02-01,1,2548,1460,2008-01-01 00:00:00.000000000
20,Pagado,2008-03-01,1,2548,1460,2008-03-01 00:00:00.000000000
40,Pagado,2008-05-01,1,2548,1460,2008-04-01 00:00:00.000000000
140,Pagado,2008-12-01,1,2548,1460,2008-06-01 00:00:00.000000000
260,Pagado,2010-12-01,1,2548,1460,2009-12-01 00:00:00.000000000
220,Pagado,2011-11-01,1,2548,1460,2011-01-01 00:00:00.000000000
100,Pagado,2012-04-01,1,2548,1460,2011-12-01 00:00:00.000000000
160,Pagado,2012-12-01,1,2548,1460,2012-05-01 00:00:00.000000000
240,Pagado,2013-12-01,1,2548,1460,2013-01-01 00:00:00.000000000
240,Pagado,2014-12-01,1,2548,1460,2014-01-01 00:00:00.000000000
240,Pagado,2015-12-01,1,2548,1460,2015-01-01 00:00:00.000000000
240,Pagado,2016-12-01,1,2548,1460,2016-01-01 00:00:00.000000000
240,Pagado,2017-12-01,1,2548,1460,2017-01-01 00:00:00.000000000
240,Pagado,2018-12-01,1,2548,1460,2018-01-01 00:00:00.000000000
240,Pagado,2019-12-01,1,2548,1460,2019-01-01 00:00:00.000000000
240,Pagado,2020-12-01,1,2548,1460,2020-01-01 00:00:00.000000000
240,Pagado,2021-12-01,1,2548,1460,2021-01-01 00:00:00.000000000
240,Pagado,2022-12-01,1,2548,1460,2022-01-01 00:00:00.000000000
240,Pagado,2023-12-01,1,2548,1460,2023-01-01 00:00:00.000000000
360,Pagado,2025-12-01,1,2548,1460,2025-01-01 00:00:00.000000000
200,Pagado,2005-08-01,1,2548,1463,2004-11-01 00:00:00.000000000
40,Pagado,2005-01-01,1,2548,1464,2004-12-01 00:00:00.000000000
700,Pagado,2008-02-01,1,2548,1464,2005-04-01 00:00:00.000000000
240,Pagado,2008-12-01,1,2548,1464,2008-01-01 00:00:00.000000000
340,Pagado,2009-07-01,1,2548,1464,2008-03-01 00:00:00.000000000
40,Pagado,2005-01-01,1,2548,1465,2004-12-01 00:00:00.000000000
40,Pagado,2005-03-01,1,2548,1465,2005-02-01 00:00:00.000000000
20,Pagado,2005-04-01,1,2548,1465,2005-04-01 00:00:00.000000000
200,Pagado,2005-09-01,1,2548,1466,2004-12-01 00:00:00.000000000
200,Pagado,2006-07-01,1,2548,1466,2005-10-01 00:00:00.000000000
200,Pagado,2006-07-01,1,2548,1466,2005-10-01 00:00:00.000000000
600,Pagado,2009-01-01,1,2548,1466,2006-08-01 00:00:00.000000000
200,Pagado,2009-11-01,1,2548,1466,2009-02-01 00:00:00.000000000
500,Pagado,2011-12-01,1,2548,1466,2009-12-01 00:00:00.000000000
780,Pagado,2017-12-01,1,2548,1466,2014-10-01 00:00:00.000000000
260,Pagado,2020-02-01,1,2548,1466,2019-02-01 00:00:00.000000000
240,Pagado,2021-02-01,1,2548,1466,2020-03-01 00:00:00.000000000
200,Pagado,2022-12-01,1,2548,1466,2022-03-01 00:00:00.000000000
240,Pagado,2023-12-01,1,2548,1466,2023-01-01 00:00:00.000000000
360,Pagado,2024-12-01,1,2548,1466,2024-01-01 00:00:00.000000000
360,Pagado,2025-12-01,1,2548,1466,2025-01-01 00:00:00.000000000
100,Pagado,2005-04-01,1,2548,1467,2004-12-01 00:00:00.000000000
60,Pagado,2005-07-01,1,2548,1467,2005-05-01 00:00:00.000000000
100,Pagado,2006-05-01,1,2548,1467,2006-01-01 00:00:00.000000000
60,Pagado,2006-08-01,1,2548,1467,2006-06-01 00:00:00.000000000
100,Pagado,2006-12-01,1,2548,1467,2005-08-01 00:00:00.000000000
100,Pagado,2007-06-01,1,2548,1467,2007-02-01 00:00:00.000000000
100,Pagado,2008-04-01,1,2548,1467,2007-12-01 00:00:00.000000000
240,Pagado,2008-11-01,1,2548,1467,2007-12-01 00:00:00.000000000
80,Pagado,2008-12-01,1,2548,1467,2008-09-01 00:00:00.000000000
100,Pagado,2009-05-01,1,2548,1467,2009-01-01 00:00:00.000000000
200,Pagado,2009-09-01,1,2548,1467,2008-12-01 00:00:00.000000000
120,Pagado,2010-03-01,1,2548,1467,2009-10-01 00:00:00.000000000
20,Pagado,2010-04-01,1,2548,1467,2010-04-01 00:00:00.000000000
60,Pagado,2010-07-01,1,2548,1467,2010-05-01 00:00:00.000000000
100,Pagado,2010-12-01,1,2548,1467,2010-08-01 00:00:00.000000000
100,Pagado,2011-05-01,1,2548,1467,2011-01-01 00:00:00.000000000
100,Pagado,2011-10-01,1,2548,1467,2011-06-01 00:00:00.000000000
20,Pagado,2011-11-01,1,2548,1467,2011-11-01 00:00:00.000000000
60,Pagado,2012-02-01,1,2548,1467,2011-12-01 00:00:00.000000000
40,Pagado,2012-04-01,1,2548,1467,2012-03-01 00:00:00.000000000
160,Pagado,2012-12-01,1,2548,1467,2012-05-01 00:00:00.000000000
120,Pagado,2013-06-01,1,2548,1467,2013-01-01 00:00:00.000000000
120,Pagado,2013-12-01,1,2548,1467,2013-07-01 00:00:00.000000000
100,Pagado,2014-05-01,1,2548,1467,2014-01-01 00:00:00.000000000
140,Pagado,2014-12-01,1,2548,1467,2014-06-01 00:00:00.000000000
240,Pagado,2015-12-01,1,2548,1467,2015-01-01 00:00:00.000000000
240,Pagado,2016-12-01,1,2548,1467,2016-01-01 00:00:00.000000000
240,Pagado,2017-12-01,1,2548,1467,2017-01-01 00:00:00.000000000
120,Pagado,2018-06-01,1,2548,1467,2018-01-01 00:00:00.000000000
120,Pagado,2018-12-01,1,2548,1467,2018-07-01 00:00:00.000000000
240,Pagado,2019-12-01,1,2548,1467,2019-01-01 00:00:00.000000000
240,Pagado,2020-12-01,1,2548,1467,2020-01-01 00:00:00.000000000
120,Pagado,2021-06-01,1,2548,1467,2021-01-01 00:00:00.000000000
120,Pagado,2021-12-01,1,2548,1467,2021-07-01 00:00:00.000000000
240,Pagado,2022-12-01,1,2548,1467,2022-01-01 00:00:00.000000000
240,Pagado,2023-12-01,1,2548,1467,2023-01-01 00:00:00.000000000
360,Pagado,2024-12-01,1,2548,1467,2024-01-01 00:00:00.000000000
360,Pagado,2025-12-01,1,2548,1467,2025-01-01 00:00:00.000000000
20,Pagado,2004-12-01,1,2548,1468,2004-12-01 00:00:00.000000000
20,Pagado,2005-02-01,1,2548,1468,2005-01-01 00:00:00.000000000
60,Pagado,2024-07-01,1,2548,1468,2024-06-01 00:00:00.000000000
30,Pagado,2024-08-01,1,2548,1468,2024-08-01 00:00:00.000000000
120,Pagado,2024-12-01,1,2548,1468,2024-09-01 00:00:00.000000000
360,Pagado,2025-12-01,1,2548,1468,2025-01-01 00:00:00.000000000
40,Pagado,2005-01-01,1,2548,1469,2004-12-01 00:00:00.000000000
400,Pagado,2006-09-01,1,2548,1469,2005-02-01 00:00:00.000000000
160,Pagado,2007-10-01,1,2548,1469,2006-10-01 00:00:00.000000000
500,Pagado,2009-06-01,1,2548,1469,2007-06-01 00:00:00.000000000
1000,Pagado,2015-09-01,1,2548,1469,2011-08-01 00:00:00.000000000
100,Pagado,2005-04-01,1,2548,1470,2004-12-01 00:00:00.000000000
100,Pagado,2005-09-01,1,2548,1470,2005-05-01 00:00:00.000000000
160,Pagado,2006-05-01,1,2548,1470,2005-10-01 00:00:00.000000000
20,Pagado,2004-12-01,1,2548,1471,2004-12-01 00:00:00.000000000
20,Pagado,2005-01-01,1,2548,1471,2005-01-01 00:00:00.000000000
400,Pagado,2006-09-01,1,2548,1471,2005-02-01 00:00:00.000000000
480,Pagado,2008-09-01,1,2548,1471,2006-10-01 00:00:00.000000000
40,Pagado,2008-11-01,1,2548,1471,2008-10-01 00:00:00.000000000
20,Pagado,2004-12-01,1,2548,1472,2004-12-01 00:00:00.000000000
40,Pagado,2005-02-01,1,2548,1472,2005-01-01 00:00:00.000000000
40,Pagado,2005-04-01,1,2548,1472,2005-03-01 00:00:00.000000000
80,Pagado,2005-08-01,1,2548,1472,2005-05-01 00:00:00.000000000
200,Pagado,2006-06-01,1,2548,1472,2005-09-01 00:00:00.000000000
140,Pagado,2007-01-01,1,2548,1472,2006-07-01 00:00:00.000000000
100,Pagado,2007-06-01,1,2548,1472,2007-02-01 00:00:00.000000000
120,Pagado,2007-12-01,1,2548,1472,2007-07-01 00:00:00.000000000
100,Pagado,2008-05-01,1,2548,1472,2008-01-01 00:00:00.000000000
140,Pagado,2008-12-01,1,2548,1472,2008-06-01 00:00:00.000000000
240,Pagado,2009-12-01,1,2548,1472,2009-01-01 00:00:00.000000000
240,Pagado,2010-12-01,1,2548,1472,2010-01-01 00:00:00.000000000
240,Pagado,2011-12-01,1,2548,1472,2011-01-01 00:00:00.000000000
240,Pagado,2012-12-01,1,2548,1472,2012-01-01 00:00:00.000000000
240,Pagado,2013-12-01,1,2548,1472,2013-01-01 00:00:00.000000000
240,Pagado,2014-12-01,1,2548,1472,2014-01-01 00:00:00.000000000
460,Pagado,2016-11-01,1,2548,1472,2015-01-01 00:00:00.000000000
260,Pagado,2017-12-01,1,2548,1472,2016-12-01 00:00:00.000000000
240,Pagado,2018-12-01,1,2548,1472,2018-01-01 00:00:00.000000000
100,Pagado,2019-05-01,1,2548,1472,2019-01-01 00:00:00.000000000
380,Pagado,2020-12-01,1,2548,1472,2019-06-01 00:00:00.000000000
200,Pagado,2021-10-01,1,2548,1472,2021-01-01 00:00:00.000000000
40,Pagado,2021-12-01,1,2548,1472,2021-11-01 00:00:00.000000000
240,Pagado,2022-12-01,1,2548,1472,2022-01-01 00:00:00.000000000
240,Pagado,2023-12-01,1,2548,1472,2023-01-01 00:00:00.000000000
360,Pagado,2024-12-01,1,2548,1472,2024-01-01 00:00:00.000000000
360,Pagado,2025-12-01,1,2548,1472,2025-01-01 00:00:00.000000000
40,Pagado,2005-01-01,1,2548,1473,2004-12-01 00:00:00.000000000
40,Pagado,2005-03-01,1,2548,1473,2005-02-01 00:00:00.000000000
40,Pagado,2005-05-01,1,2548,1473,2005-04-01 00:00:00.000000000
80,Pagado,2005-09-01,1,2548,1473,2005-06-01 00:00:00.000000000
20,Pagado,2004-12-01,1,2548,1474,2004-12-01 00:00:00.000000000
400,Pagado,2006-08-01,1,2548,1474,2005-01-01 00:00:00.000000000
100,Pagado,2007-01-01,1,2548,1474,2006-09-01 00:00:00.000000000
220,Pagado,2007-12-01,1,2548,1474,2007-02-01 00:00:00.000000000
220,Pagado,2008-11-01,1,2548,1474,2008-01-01 00:00:00.000000000
20,Pagado,2008-12-01,1,2548,1474,2008-12-01 00:00:00.000000000
600,Pagado,2007-05-01,1,2548,1475,2004-12-01 00:00:00.000000000
100,Pagado,2007-10-01,1,2548,1475,2007-06-01 00:00:00.000000000
20,Pagado,2007-11-01,1,2548,1475,2007-11-01 00:00:00.000000000
220,Pagado,2008-10-01,1,2548,1475,2007-12-01 00:00:00.000000000
260,Pagado,2009-11-01,1,2548,1475,2008-11-01 00:00:00.000000000
240,Pagado,2010-11-01,1,2548,1475,2009-12-01 00:00:00.000000000
240,Pagado,2011-11-01,1,2548,1475,2010-12-01 00:00:00.000000000
240,Pagado,2012-11-01,1,2548,1475,2011-12-01 00:00:00.000000000
200,Pagado,2013-09-01,1,2548,1475,2012-12-01 00:00:00.000000000
60,Pagado,2013-12-01,1,2548,1475,2013-10-01 00:00:00.000000000
240,Pagado,2014-12-01,1,2548,1475,2014-01-01 00:00:00.000000000
220,Pagado,2015-11-01,1,2548,1475,2015-01-01 00:00:00.000000000
240,Pagado,2016-11-01,1,2548,1475,2015-12-01 00:00:00.000000000
240,Pagado,2017-11-01,1,2548,1475,2016-12-01 00:00:00.000000000
260,Pagado,2018-12-01,1,2548,1475,2017-12-01 00:00:00.000000000
240,Pagado,2019-12-01,1,2548,1475,2019-01-01 00:00:00.000000000
240,Pagado,2020-12-01,1,2548,1475,2020-01-01 00:00:00.000000000
80,Pagado,2021-04-01,1,2548,1475,2021-01-01 00:00:00.000000000
160,Pagado,2021-12-01,1,2548,1475,2021-05-01 00:00:00.000000000
240,Pagado,2022-12-01,1,2548,1475,2022-01-01 00:00:00.000000000
240,Pagado,2023-12-01,1,2548,1475,2023-01-01 00:00:00.000000000
240,Pagado,2024-08-01,1,2548,1475,2024-01-01 00:00:00.000000000
120,Pagado,2024-12-01,1,2548,1475,2024-09-01 00:00:00.000000000
360,Pagado,2025-12-01,1,2548,1475,2025-01-01 00:00:00.000000000
260,Pagado,2005-12-01,1,2548,1476,2004-12-01 00:00:00.000000000
700,Pagado,2008-11-01,1,2548,1476,2006-01-01 00:00:00.000000000
40,Pagado,2005-02-01,1,2548,1477,2005-01-01 00:00:00.000000000
80,Pagado,2005-03-01,1,2548,1478,2004-12-01 00:00:00.000000000
120,Pagado,2005-05-01,1,2548,1479,2004-12-01 00:00:00.000000000
60,Pagado,2005-08-01,1,2548,1479,2005-06-01 00:00:00.000000000
60,Pagado,2005-11-01,1,2548,1479,2005-09-01 00:00:00.000000000
60,Pagado,2006-02-01,1,2548,1479,2005-12-01 00:00:00.000000000
60,Pagado,2006-05-01,1,2548,1479,2006-03-01 00:00:00.000000000
60,Pagado,2006-08-01,1,2548,1479,2006-06-01 00:00:00.000000000
60,Pagado,2006-11-01,1,2548,1479,2006-09-01 00:00:00.000000000
60,Pagado,2007-02-01,1,2548,1479,2006-12-01 00:00:00.000000000
60,Pagado,2007-05-01,1,2548,1479,2007-03-01 00:00:00.000000000
60,Pagado,2007-08-01,1,2548,1479,2007-06-01 00:00:00.000000000
80,Pagado,2007-12-01,1,2548,1479,2007-09-01 00:00:00.000000000
20,Pagado,2008-01-01,1,2548,1479,2008-01-01 00:00:00.000000000
40,Pagado,2008-04-01,1,2548,1479,2008-03-01 00:00:00.000000000
20,Pagado,2008-05-01,1,2548,1479,2008-05-01 00:00:00.000000000
20,Pagado,2008-06-01,1,2548,1479,2008-06-01 00:00:00.000000000
40,Pagado,2008-08-01,1,2548,1479,2008-07-01 00:00:00.000000000
60,Pagado,2009-01-01,1,2548,1479,2008-11-01 00:00:00.000000000
20,Pagado,2009-02-01,1,2548,1479,2009-02-01 00:00:00.000000000
20,Pagado,2009-03-01,1,2548,1479,2009-03-01 00:00:00.000000000
20,Pagado,2009-04-01,1,2548,1479,2009-04-01 00:00:00.000000000
20,Pagado,2009-05-01,1,2548,1479,2009-05-01 00:00:00.000000000
20,Pagado,2009-06-01,1,2548,1479,2009-06-01 00:00:00.000000000
20,Pagado,2009-07-01,1,2548,1479,2009-07-01 00:00:00.000000000
20,Pagado,2009-08-01,1,2548,1479,2009-08-01 00:00:00.000000000
20,Pagado,2009-09-01,1,2548,1479,2009-09-01 00:00:00.000000000
20,Pagado,2009-10-01,1,2548,1479,2009-10-01 00:00:00.000000000
20,Pagado,2009-11-01,1,2548,1479,2009-11-01 00:00:00.000000000
20,Pagado,2009-12-01,1,2548,1479,2009-12-01 00:00:00.000000000
20,Pagado,2010-01-01,1,2548,1479,2010-01-01 00:00:00.000000000
20,Pagado,2010-02-01,1,2548,1479,2010-02-01 00:00:00.000000000
20,Pagado,2010-03-01,1,2548,1479,2010-03-01 00:00:00.000000000
20,Pagado,2010-04-01,1,2548,1479,2010-04-01 00:00:00.000000000
20,Pagado,2010-05-01,1,2548,1479,2010-05-01 00:00:00.000000000
20,Pagado,2010-06-01,1,2548,1479,2010-06-01 00:00:00.000000000
20,Pagado,2010-07-01,1,2548,1479,2010-07-01 00:00:00.000000000
20,Pagado,2010-08-01,1,2548,1479,2010-08-01 00:00:00.000000000
20,Pagado,2010-09-01,1,2548,1479,2010-09-01 00:00:00.000000000
20,Pagado,2010-10-01,1,2548,1479,2010-10-01 00:00:00.000000000
20,Pagado,2010-11-01,1,2548,1479,2010-11-01 00:00:00.000000000
20,Pagado,2010-12-01,1,2548,1479,2010-12-01 00:00:00.000000000
20,Pagado,2011-01-01,1,2548,1479,2011-01-01 00:00:00.000000000
200,Pagado,2011-11-01,1,2548,1479,2011-02-01 00:00:00.000000000
20,Pagado,2011-12-01,1,2548,1479,2011-12-01 00:00:00.000000000
40,Pagado,2012-02-01,1,2548,1479,2012-01-01 00:00:00.000000000
40,Pagado,2012-04-01,1,2548,1479,2012-03-01 00:00:00.000000000
40,Pagado,2012-06-01,1,2548,1479,2012-05-01 00:00:00.000000000
120,Pagado,2012-12-01,1,2548,1479,2012-07-01 00:00:00.000000000
240,Pagado,2013-12-01,1,2548,1479,2013-01-01 00:00:00.000000000
100,Pagado,2014-03-01,1,2548,1479,2014-01-01 00:00:00.000000000
240,Pagado,2015-12-01,1,2548,1479,2015-01-01 00:00:00.000000000
540,Pagado,2016-08-01,1,2548,1479,2014-06-01 00:00:00.000000000
240,Pagado,2016-12-01,1,2548,1479,2016-01-01 00:00:00.000000000
260,Pagado,2017-09-01,1,2548,1479,2016-09-01 00:00:00.000000000
300,Pagado,2018-12-01,1,2548,1479,2017-10-01 00:00:00.000000000
300,Pagado,2020-03-01,1,2548,1479,2019-01-01 00:00:00.000000000
300,Pagado,2021-06-01,1,2548,1479,2020-04-01 00:00:00.000000000
120,Pagado,2021-12-01,1,2548,1479,2021-07-01 00:00:00.000000000
240,Pagado,2022-12-01,1,2548,1479,2022-01-01 00:00:00.000000000
240,Pagado,2023-12-01,1,2548,1479,2023-01-01 00:00:00.000000000
360,Pagado,2024-12-01,1,2548,1479,2024-01-01 00:00:00.000000000
240,Pagado,2005-12-01,1,2548,1480,2004-12-01 00:00:00.000000000
160,Pagado,2006-07-01,1,2548,1480,2005-12-01 00:00:00.000000000
200,Pagado,2007-05-01,1,2548,1480,2006-08-01 00:00:00.000000000
60,Pagado,2007-08-01,1,2548,1480,2007-06-01 00:00:00.000000000
100,Pagado,2008-01-01,1,2548,1480,2007-09-01 00:00:00.000000000
200,Pagado,2008-11-01,1,2548,1480,2008-02-01 00:00:00.000000000
500,Pagado,2010-12-01,1,2548,1480,2008-12-01 00:00:00.000000000
500,Pagado,2013-01-01,1,2548,1480,2011-01-01 00:00:00.000000000
480,Pagado,2015-01-01,1,2548,1480,2013-02-01 00:00:00.000000000
700,Pagado,2020-01-01,1,2548,1480,2015-12-01 00:00:00.000000000
100,Pagado,2020-06-01,1,2548,1480,2020-02-01 00:00:00.000000000
100,Pagado,2020-11-01,1,2548,1480,2020-07-01 00:00:00.000000000
100,Pagado,2021-04-01,1,2548,1480,2020-12-01 00:00:00.000000000
100,Pagado,2021-09-01,1,2548,1480,2021-05-01 00:00:00.000000000
100,Pagado,2022-02-01,1,2548,1480,2021-10-01 00:00:00.000000000
100,Pagado,2022-07-01,1,2548,1480,2022-03-01 00:00:00.000000000
100,Pagado,2022-12-01,1,2548,1480,2022-08-01 00:00:00.000000000
60,Pagado,2023-03-01,1,2548,1480,2023-01-01 00:00:00.000000000
180,Pagado,2023-12-01,1,2548,1480,2023-04-01 00:00:00.000000000
150,Pagado,2024-05-01,1,2548,1480,2024-01-01 00:00:00.000000000
90,Pagado,2024-08-01,1,2548,1480,2024-06-01 00:00:00.000000000
60,Pagado,2024-10-01,1,2548,1480,2024-09-01 00:00:00.000000000
210,Pagado,2025-05-01,1,2548,1480,2024-11-01 00:00:00.000000000
140,Pagado,2005-07-01,1,2548,1481,2005-01-01 00:00:00.000000000
160,Pagado,2006-03-01,1,2548,1481,2005-08-01 00:00:00.000000000
300,Pagado,2007-06-01,1,2548,1481,2006-04-01 00:00:00.000000000
120,Pagado,2007-12-01,1,2548,1481,2007-07-01 00:00:00.000000000
140,Pagado,2005-07-01,1,2548,1482,2005-01-01 00:00:00.000000000
160,Pagado,2006-03-01,1,2548,1482,2005-08-01 00:00:00.000000000
140,Pagado,2007-01-01,1,2548,1482,2007-07-01 00:00:00.000000000
300,Pagado,2007-06-01,1,2548,1482,2006-04-01 00:00:00.000000000
280,Pagado,2009-03-01,1,2548,1482,2008-02-01 00:00:00.000000000
40,Pagado,2005-02-01,1,2548,1483,2005-01-01 00:00:00.000000000
100,Pagado,2005-07-01,1,2548,1483,2005-03-01 00:00:00.000000000
100,Pagado,2005-12-01,1,2548,1483,2005-08-01 00:00:00.000000000
90,Pagado,2024-08-01,1,2548,1483,2024-06-01 00:00:00.000000000
30,Pagado,2024-09-01,1,2548,1483,2024-09-01 00:00:00.000000000
30,Pagado,2024-10-31,1,2548,1483,2024-10-01 00:00:00.000000000
90,Pagado,2025-01-01,1,2548,1483,2024-11-01 00:00:00.000000000
90,Pagado,2025-04-01,1,2548,1483,2025-02-01 00:00:00.000000000
240,Pagado,2025-12-01,1,2548,1483,2025-05-01 00:00:00.000000000
300,Pagado,2026-10-01,1,2548,1483,2026-01-01 00:00:00.000000000
800,Pagado,2008-04-01,1,2548,1484,2005-01-01 00:00:00.000000000
160,Pagado,2008-12-01,1,2548,1484,2008-05-01 00:00:00.000000000
240,Pagado,2009-12-01,1,2548,1484,2009-01-01 00:00:00.000000000
240,Pagado,2010-12-01,1,2548,1484,2010-01-01 00:00:00.000000000
240,Pagado,2011-12-01,1,2548,1484,2011-01-01 00:00:00.000000000
240,Pagado,2012-12-01,1,2548,1484,2012-01-01 00:00:00.000000000
240,Pagado,2013-12-01,1,2548,1484,2013-01-01 00:00:00.000000000
240,Pagado,2014-12-01,1,2548,1484,2014-01-01 00:00:00.000000000
240,Pagado,2016-12-01,1,2548,1484,2016-01-01 00:00:00.000000000
480,Pagado,2018-12-01,1,2548,1484,2017-01-01 00:00:00.000000000
240,Pagado,2019-12-01,1,2548,1484,2019-01-01 00:00:00.000000000
240,Pagado,2020-12-01,1,2548,1484,2020-01-01 00:00:00.000000000
240,Pagado,2021-12-01,1,2548,1484,2021-01-01 00:00:00.000000000
240,Pagado,2022-12-01,1,2548,1484,2022-01-01 00:00:00.000000000
240,Pagado,2023-12-01,1,2548,1484,2023-01-01 00:00:00.000000000
360,Pagado,2024-12-01,1,2548,1484,2024-01-01 00:00:00.000000000
60,Pagado,2005-03-01,1,2548,1485,2005-01-01 00:00:00.000000000
120,Pagado,2005-09-01,1,2548,1485,2005-04-01 00:00:00.000000000
60,Pagado,2005-12-01,1,2548,1485,2005-10-01 00:00:00.000000000
120,Pagado,2006-06-01,1,2548,1485,2006-01-01 00:00:00.000000000
120,Pagado,2006-12-01,1,2548,1485,2006-07-01 00:00:00.000000000
1000,Pagado,2011-02-01,1,2548,1485,2007-01-01 00:00:00.000000000
300,Pagado,2012-05-01,1,2548,1485,2011-03-01 00:00:00.000000000
1000,Pagado,2016-07-01,1,2548,1485,2012-06-01 00:00:00.000000000
1000,Pagado,2020-09-01,1,2548,1485,2016-08-01 00:00:00.000000000
500,Pagado,2007-01-01,1,2548,1487,2005-01-01 00:00:00.000000000
220,Pagado,2007-12-01,1,2548,1487,2007-02-01 00:00:00.000000000
240,Pagado,2008-12-01,1,2548,1487,2008-01-01 00:00:00.000000000
400,Pagado,2006-08-01,1,2548,1488,2005-01-01 00:00:00.000000000
500,Pagado,2007-01-01,1,2548,1489,2005-01-01 00:00:00.000000000
500,Pagado,2009-02-01,1,2548,1489,2007-02-01 00:00:00.000000000
200,Pagado,2009-12-01,1,2548,1489,2009-03-01 00:00:00.000000000
100,Pagado,2010-05-01,1,2548,1489,2010-01-01 00:00:00.000000000
200,Pagado,2011-08-01,1,2548,1489,2010-11-01 00:00:00.000000000
400,Pagado,2013-04-01,1,2548,1489,2011-09-01 00:00:00.000000000
500,Pagado,2015-05-01,1,2548,1489,2013-05-01 00:00:00.000000000
200,Pagado,2016-03-01,1,2548,1489,2015-06-01 00:00:00.000000000
200,Pagado,2017-01-01,1,2548,1489,2016-04-01 00:00:00.000000000
200,Pagado,2017-11-01,1,2548,1489,2017-02-01 00:00:00.000000000
100,Pagado,2021-10-10,1,2548,1489,2021-10-06 00:00:00.000000000
20,Pagado,2005-01-01,1,2548,1491,2005-01-01 00:00:00.000000000
20,Pagado,2005-02-01,1,2548,1491,2005-02-01 00:00:00.000000000
20,Pagado,2005-03-01,1,2548,1491,2005-03-01 00:00:00.000000000
20,Pagado,2005-04-01,1,2548,1491,2005-04-01 00:00:00.000000000
100,Pagado,2005-06-01,1,2548,1493,2005-02-01 00:00:00.000000000
300,Pagado,2006-03-01,1,2548,1495,2005-01-01 00:00:00.000000000
420,Pagado,2007-12-01,1,2548,1495,2006-04-01 00:00:00.000000000
100,Pagado,2009-05-01,1,2548,1495,2009-01-01 00:00:00.000000000
20,Pagado,2009-06-01,1,2548,1495,2009-06-01 00:00:00.000000000
80,Pagado,2005-04-01,1,2548,1496,2005-01-01 00:00:00.000000000
80,Pagado,2005-08-01,1,2548,1496,2005-05-01 00:00:00.000000000
40,Pagado,2005-03-01,1,2548,1498,2005-02-01 00:00:00.000000000
420,Pagado,2006-12-01,1,2548,1498,2005-04-01 00:00:00.000000000
100,Pagado,2007-05-01,1,2548,1498,2007-01-01 00:00:00.000000000
300,Pagado,2008-07-01,1,2548,1498,2007-06-01 00:00:00.000000000
400,Pagado,2010-04-01,1,2548,1498,2008-09-01 00:00:00.000000000
60,Pagado,2005-03-01,1,2548,1499,2005-01-01 00:00:00.000000000
20,Pagado,2005-04-01,1,2548,1499,2005-04-01 00:00:00.000000000
20,Pagado,2005-05-01,1,2548,1499,2005-05-01 00:00:00.000000000
200,Pagado,2006-03-01,1,2548,1499,2005-06-01 00:00:00.000000000
100,Pagado,2006-08-01,1,2548,1499,2006-04-01 00:00:00.000000000
120,Pagado,2007-02-01,1,2548,1499,2006-09-01 00:00:00.000000000
100,Pagado,2005-06-01,1,2548,1500,2005-02-01 00:00:00.000000000
20,Pagado,2005-07-01,1,2548,1500,2005-07-01 00:00:00.000000000
60,Pagado,2005-10-01,1,2548,1500,2005-08-01 00:00:00.000000000
20,Pagado,2005-11-01,1,2548,1500,2005-11-01 00:00:00.000000000
1000,Pagado,2010-01-01,1,2548,1500,2005-12-01 00:00:00.000000000
3300,Pagado,2023-10-01,1,2548,1500,2010-02-01 00:00:00.000000000
40,Pagado,2023-12-01,1,2548,1500,2023-10-01 00:00:00.000000000
360,Pagado,2024-12-01,1,2548,1500,2024-01-01 00:00:00.000000000
360,Pagado,2025-12-01,1,2548,1500,2025-01-01 00:00:00.000000000
280,Pagado,2006-03-01,1,2548,1501,2005-02-01 00:00:00.000000000
180,Pagado,2006-12-01,1,2548,1501,2006-04-01 00:00:00.000000000
100,Pagado,2007-05-01,1,2548,1501,2007-01-01 00:00:00.000000000
160,Pagado,2008-01-01,1,2548,1501,2007-06-01 00:00:00.000000000
100,Pagado,2008-06-01,1,2548,1501,2008-02-01 00:00:00.000000000
60,Pagado,2008-09-01,1,2548,1501,2008-07-01 00:00:00.000000000
60,Pagado,2008-12-01,1,2548,1501,2008-10-01 00:00:00.000000000
500,Pagado,2011-01-01,1,2548,1501,2008-10-01 00:00:00.000000000
40,Pagado,2011-03-01,1,2548,1501,2011-02-01 00:00:00.000000000
160,Pagado,2011-11-01,1,2548,1501,2011-04-01 00:00:00.000000000
740,Pagado,2014-12-01,1,2548,1501,2011-12-01 00:00:00.000000000
200,Pagado,2015-10-01,1,2548,1501,2015-01-01 00:00:00.000000000
40,Pagado,2015-12-01,1,2548,1501,2015-11-01 00:00:00.000000000
240,Pagado,2016-12-01,1,2548,1501,2016-01-01 00:00:00.000000000
220,Pagado,2017-11-01,1,2548,1501,2017-01-01 00:00:00.000000000
20,Pagado,2017-12-01,1,2548,1501,2017-12-01 00:00:00.000000000
220,Pagado,2018-10-01,1,2548,1501,2017-12-01 00:00:00.000000000
40,Pagado,2018-12-01,1,2548,1501,2018-11-01 00:00:00.000000000
240,Pagado,2021-12-01,1,2548,1501,2021-01-01 00:00:00.000000000
240,Pagado,2022-12-01,1,2548,1501,2022-01-01 00:00:00.000000000
240,Pagado,2023-12-01,1,2548,1501,2023-01-01 00:00:00.000000000
360,Pagado,2024-12-01,1,2548,1501,2024-01-01 00:00:00.000000000
360,Pagado,2025-12-01,1,2548,1501,2025-01-01 00:00:00.000000000
300,Pagado,2008-02-01,1,2548,1503,2006-12-01 00:00:00.000000000
500,Pagado,2011-03-01,1,2548,1503,2009-03-01 00:00:00.000000000
20,Pagado,2005-02-01,1,2548,1504,2005-02-01 00:00:00.000000000
40,Pagado,2005-04-01,1,2548,1504,2005-03-01 00:00:00.000000000
400,Pagado,2006-12-01,1,2548,1504,2005-05-01 00:00:00.000000000
400,Pagado,2008-08-01,1,2548,1504,2007-01-01 00:00:00.000000000
100,Pagado,2009-01-01,1,2548,1504,2008-09-01 00:00:00.000000000
200,Pagado,2009-11-01,1,2548,1504,2009-02-01 00:00:00.000000000
100,Pagado,2010-04-01,1,2548,1504,2009-12-01 00:00:00.000000000
400,Pagado,2011-12-01,1,2548,1504,2010-05-01 00:00:00.000000000
100,Pagado,2012-05-01,1,2548,1504,2012-01-01 00:00:00.000000000
300,Pagado,2013-08-01,1,2548,1504,2012-06-01 00:00:00.000000000
600,Pagado,2016-02-01,1,2548,1504,2013-09-01 00:00:00.000000000
600,Pagado,2018-08-01,1,2548,1504,2016-03-01 00:00:00.000000000
240,Pagado,2019-08-01,1,2548,1504,2018-09-01 00:00:00.000000000
600,Pagado,2022-02-01,1,2548,1504,2019-09-01 00:00:00.000000000
200,Pagado,2022-12-01,1,2548,1504,2022-03-01 00:00:00.000000000
100,Pagado,2023-05-01,1,2548,1504,2023-01-01 00:00:00.000000000
120,Pagado,2023-11-01,1,2548,1504,2023-06-01 00:00:00.000000000
200,Pagado,2024-06-01,1,2548,1504,2023-12-01 00:00:00.000000000
120,Pagado,2024-10-01,1,2548,1504,2024-07-01 00:00:00.000000000
60,Pagado,2024-12-01,1,2548,1504,2024-11-01 00:00:00.000000000
270,Pagado,2025-09-01,1,2548,1504,2025-01-01 00:00:00.000000000
90,Pagado,2025-12-01,1,2548,1504,2025-10-01 00:00:00.000000000
300,Pagado,2026-10-01,1,2548,1504,2026-01-01 00:00:00.000000000
20,Pagado,2005-02-01,1,2548,1505,2005-02-01 00:00:00.000000000
20,Pagado,2005-03-01,1,2548,1505,2005-03-01 00:00:00.000000000
20,Pagado,2005-04-01,1,2548,1505,2005-04-01 00:00:00.000000000
40,Pagado,2005-06-01,1,2548,1505,2005-05-01 00:00:00.000000000
20,Pagado,2005-07-01,1,2548,1505,2005-07-01 00:00:00.000000000
40,Pagado,2005-09-01,1,2548,1505,2005-08-01 00:00:00.000000000
20,Pagado,2005-10-01,1,2548,1505,2005-10-01 00:00:00.000000000
40,Pagado,2005-12-01,1,2548,1505,2005-11-01 00:00:00.000000000
60,Pagado,2006-03-01,1,2548,1505,2006-01-01 00:00:00.000000000
40,Pagado,2006-05-01,1,2548,1505,2006-04-01 00:00:00.000000000
60,Pagado,2006-08-01,1,2548,1505,2006-06-01 00:00:00.000000000
80,Pagado,2006-12-01,1,2548,1505,2006-09-01 00:00:00.000000000
200,Pagado,2007-10-01,1,2548,1505,2007-01-01 00:00:00.000000000
100,Pagado,2008-03-01,1,2548,1505,2007-11-01 00:00:00.000000000
80,Pagado,2008-07-01,1,2548,1505,2008-04-01 00:00:00.000000000
60,Pagado,2008-10-01,1,2548,1505,2008-08-01 00:00:00.000000000
20,Pagado,2008-11-01,1,2548,1505,2008-11-01 00:00:00.000000000
100,Pagado,2009-04-01,1,2548,1505,2008-12-01 00:00:00.000000000
160,Pagado,2009-12-01,1,2548,1505,2009-05-01 00:00:00.000000000
60,Pagado,2010-03-01,1,2548,1505,2010-01-01 00:00:00.000000000
100,Pagado,2010-08-01,1,2548,1505,2010-04-01 00:00:00.000000000
20,Pagado,2010-09-01,1,2548,1505,2010-09-01 00:00:00.000000000
20,Pagado,2010-10-01,1,2548,1505,2010-10-01 00:00:00.000000000
20,Pagado,2010-11-01,1,2548,1505,2010-11-01 00:00:00.000000000
20,Pagado,2010-12-01,1,2548,1505,2010-12-01 00:00:00.000000000
20,Pagado,2011-01-01,1,2548,1505,2011-01-01 00:00:00.000000000
20,Pagado,2011-02-01,1,2548,1505,2011-02-01 00:00:00.000000000
20,Pagado,2011-03-01,1,2548,1505,2011-03-01 00:00:00.000000000
140,Pagado,2011-10-01,1,2548,1505,2011-04-01 00:00:00.000000000
160,Pagado,2012-06-01,1,2548,1505,2011-11-01 00:00:00.000000000
100,Pagado,2012-11-01,1,2548,1505,2012-07-01 00:00:00.000000000
240,Pagado,2013-11-01,1,2548,1505,2012-12-01 00:00:00.000000000
240,Pagado,2014-11-01,1,2548,1505,2013-12-01 00:00:00.000000000
240,Pagado,2015-11-01,1,2548,1505,2014-12-01 00:00:00.000000000
240,Pagado,2016-11-01,1,2548,1505,2015-12-01 00:00:00.000000000
20,Pagado,2005-03-01,1,2548,1506,2005-03-01 00:00:00.000000000
100,Pagado,2005-08-01,1,2548,1506,2005-04-01 00:00:00.000000000
40,Pagado,2005-10-01,1,2548,1506,2005-09-01 00:00:00.000000000
20,Pagado,2005-11-01,1,2548,1506,2005-11-01 00:00:00.000000000
60,Pagado,2006-02-01,1,2548,1506,2005-12-01 00:00:00.000000000
20,Pagado,2006-03-01,1,2548,1506,2006-03-01 00:00:00.000000000
160,Pagado,2006-10-01,1,2548,1506,2006-03-01 00:00:00.000000000
100,Pagado,2007-03-01,1,2548,1506,2006-11-01 00:00:00.000000000
100,Pagado,2007-08-01,1,2548,1506,2007-04-01 00:00:00.000000000
80,Pagado,2007-12-01,1,2548,1506,2007-09-01 00:00:00.000000000
60,Pagado,2008-03-01,1,2548,1506,2008-01-01 00:00:00.000000000
40,Pagado,2008-05-01,1,2548,1506,2008-04-01 00:00:00.000000000
500,Pagado,2010-06-01,1,2548,1506,2008-06-01 00:00:00.000000000
60,Pagado,2010-09-01,1,2548,1506,2010-07-01 00:00:00.000000000
60,Pagado,2010-12-01,1,2548,1506,2010-10-01 00:00:00.000000000
80,Pagado,2011-04-01,1,2548,1506,2011-01-01 00:00:00.000000000
160,Pagado,2011-12-01,1,2548,1506,2011-05-01 00:00:00.000000000
220,Pagado,2012-11-01,1,2548,1506,2012-01-01 00:00:00.000000000
40,Pagado,2013-01-01,1,2548,1506,2012-12-01 00:00:00.000000000
220,Pagado,2013-12-01,1,2548,1506,2013-02-01 00:00:00.000000000
100,Pagado,2014-05-01,1,2548,1506,2014-01-01 00:00:00.000000000
60,Pagado,2005-04-01,1,2548,1508,2005-02-01 00:00:00.000000000
60,Pagado,2005-04-01,1,2548,1509,2005-02-01 00:00:00.000000000
20,Pagado,2005-05-01,1,2548,1509,2005-05-01 00:00:00.000000000
100,Pagado,2005-10-01,1,2548,1509,2005-06-01 00:00:00.000000000
200,Pagado,2006-08-01,1,2548,1509,2005-11-01 00:00:00.000000000
60,Pagado,2006-11-01,1,2548,1509,2006-09-01 00:00:00.000000000
240,Pagado,2007-11-01,1,2548,1509,2006-12-01 00:00:00.000000000
240,Pagado,2008-11-01,1,2548,1509,2007-12-01 00:00:00.000000000
100,Pagado,2005-07-01,1,2548,1510,2005-03-01 00:00:00.000000000
20,Pagado,2005-02-01,1,2548,1511,2005-02-01 00:00:00.000000000
120,Pagado,2005-08-01,1,2548,1511,2005-03-01 00:00:00.000000000
100,Pagado,2006-01-01,1,2548,1511,2005-09-01 00:00:00.000000000
60,Pagado,2006-04-01,1,2548,1511,2006-02-01 00:00:00.000000000
100,Pagado,2006-09-01,1,2548,1511,2006-05-01 00:00:00.000000000
60,Pagado,2006-12-01,1,2548,1511,2006-10-01 00:00:00.000000000
20,Pagado,2007-01-01,1,2548,1511,2007-01-01 00:00:00.000000000
20,Pagado,2007-02-01,1,2548,1511,2007-02-01 00:00:00.000000000
40,Pagado,2007-04-01,1,2548,1511,2007-03-01 00:00:00.000000000
20,Pagado,2007-05-01,1,2548,1511,2007-05-01 00:00:00.000000000
20,Pagado,2007-06-01,1,2548,1511,2007-06-01 00:00:00.000000000
20,Pagado,2007-08-01,1,2548,1511,2007-08-01 00:00:00.000000000
40,Pagado,2007-10-01,1,2548,1511,2007-09-01 00:00:00.000000000
40,Pagado,2007-12-01,1,2548,1511,2007-11-01 00:00:00.000000000
20,Pagado,2008-01-01,1,2548,1511,2008-01-01 00:00:00.000000000
40,Pagado,2008-03-01,1,2548,1511,2008-02-01 00:00:00.000000000
80,Pagado,2009-03-01,1,2548,1511,2008-12-01 00:00:00.000000000
160,Pagado,2009-11-01,1,2548,1511,2009-04-01 00:00:00.000000000
240,Pagado,2011-11-01,1,2548,1511,2010-12-01 00:00:00.000000000
100,Pagado,2012-04-01,1,2548,1511,2011-12-01 00:00:00.000000000
200,Pagado,2013-02-01,1,2548,1511,2012-05-01 00:00:00.000000000
100,Pagado,2013-07-01,1,2548,1511,2013-03-01 00:00:00.000000000
300,Pagado,2014-10-01,1,2548,1511,2013-08-01 00:00:00.000000000
200,Pagado,2015-08-01,1,2548,1511,2014-11-01 00:00:00.000000000
140,Pagado,2016-03-01,1,2548,1511,2015-09-01 00:00:00.000000000
160,Pagado,2016-11-01,1,2548,1511,2016-04-01 00:00:00.000000000
100,Pagado,2017-04-01,1,2548,1511,2016-12-01 00:00:00.000000000
400,Pagado,2018-12-01,1,2548,1511,2017-05-01 00:00:00.000000000
100,Pagado,2019-05-01,1,2548,1511,2019-01-01 00:00:00.000000000
360,Pagado,2020-11-01,1,2548,1511,2019-06-01 00:00:00.000000000
20,Pagado,2020-12-01,1,2548,1511,2020-12-01 00:00:00.000000000
240,Pagado,2021-12-01,1,2548,1511,2021-01-01 00:00:00.000000000
240,Pagado,2022-12-01,1,2548,1511,2022-01-01 00:00:00.000000000
240,Pagado,2023-12-01,1,2548,1511,2023-01-01 00:00:00.000000000
360,Pagado,2024-12-01,1,2548,1511,2024-01-01 00:00:00.000000000
60,Pagado,2025-11-01,1,2548,1511,2025-10-01 00:00:00.000000000
30,Pagado,2025-12-01,1,2548,1511,2025-12-01 00:00:00.000000000
460,Pagado,2006-12-01,1,2548,1512,2005-02-01 00:00:00.000000000
40,Pagado,2007-02-01,1,2548,1512,2007-01-01 00:00:00.000000000
200,Pagado,2007-12-01,1,2548,1512,2007-03-01 00:00:00.000000000
40,Pagado,2008-02-01,1,2548,1512,2008-01-01 00:00:00.000000000
200,Pagado,2005-11-01,1,2548,1513,2005-02-01 00:00:00.000000000
120,Pagado,2006-05-01,1,2548,1513,2005-12-01 00:00:00.000000000
40,Pagado,2006-07-01,1,2548,1513,2006-06-01 00:00:00.000000000
40,Pagado,2006-09-01,1,2548,1513,2006-08-01 00:00:00.000000000
100,Pagado,2007-03-01,1,2548,1513,2006-10-01 00:00:00.000000000
100,Pagado,2007-07-01,1,2548,1513,2007-03-01 00:00:00.000000000
100,Pagado,2007-12-01,1,2548,1513,2007-08-01 00:00:00.000000000
400,Pagado,2009-08-01,1,2548,1513,2008-01-01 00:00:00.000000000
400,Pagado,2011-04-01,1,2548,1513,2009-09-01 00:00:00.000000000
400,Pagado,2012-12-01,1,2548,1513,2011-05-01 00:00:00.000000000
240,Pagado,2013-12-01,1,2548,1513,2013-01-01 00:00:00.000000000
20,Pagado,2014-01-01,1,2548,1513,2014-01-01 00:00:00.000000000
40,Pagado,2014-03-01,1,2548,1513,2014-02-01 00:00:00.000000000
180,Pagado,2014-12-01,1,2548,1513,2014-04-01 00:00:00.000000000
240,Pagado,2015-12-01,1,2548,1513,2015-01-01 00:00:00.000000000
240,Pagado,2016-12-01,1,2548,1513,2016-01-01 00:00:00.000000000
240,Pagado,2017-12-01,1,2548,1513,2017-01-01 00:00:00.000000000
240,Pagado,2018-12-01,1,2548,1513,2018-01-01 00:00:00.000000000
240,Pagado,2019-12-01,1,2548,1513,2019-01-01 00:00:00.000000000
100,Pagado,2020-05-01,1,2548,1513,2020-01-01 00:00:00.000000000
140,Pagado,2020-12-01,1,2548,1513,2020-06-01 00:00:00.000000000
240,Pagado,2021-12-01,1,2548,1513,2021-01-01 00:00:00.000000000
240,Pagado,2022-12-01,1,2548,1513,2022-01-01 00:00:00.000000000
240,Pagado,2023-12-01,1,2548,1513,2023-01-01 00:00:00.000000000
360,Pagado,2024-12-01,1,2548,1513,2024-01-01 00:00:00.000000000
90,Pagado,2025-12-01,1,2548,1513,2025-10-01 00:00:00.000000000
100,Pagado,2005-07-01,1,2548,1514,2005-03-01 00:00:00.000000000
20,Pagado,2005-03-01,1,2548,1515,2005-03-01 00:00:00.000000000
40,Pagado,2005-05-01,1,2548,1515,2005-04-01 00:00:00.000000000
20,Pagado,2005-06-01,1,2548,1515,2005-06-01 00:00:00.000000000
540,Pagado,2007-09-01,1,2548,1515,2005-07-01 00:00:00.000000000
40,Pagado,2007-11-01,1,2548,1515,2007-10-01 00:00:00.000000000
20,Pagado,2007-12-01,1,2548,1515,2007-12-01 00:00:00.000000000
200,Pagado,2008-10-01,1,2548,1515,2008-01-01 00:00:00.000000000
400,Pagado,2006-10-01,1,2548,1516,2005-03-01 00:00:00.000000000
280,Pagado,2007-12-01,1,2548,1516,2006-11-01 00:00:00.000000000
240,Pagado,2008-12-01,1,2548,1516,2008-01-01 00:00:00.000000000
100,Pagado,2009-05-01,1,2548,1516,2009-01-01 00:00:00.000000000
500,Pagado,2011-06-01,1,2548,1516,2009-06-01 00:00:00.000000000
400,Pagado,2013-02-01,1,2548,1516,2011-07-01 00:00:00.000000000
400,Pagado,2016-11-01,1,2548,1516,2015-04-01 00:00:00.000000000
40,Pagado,2005-04-01,1,2548,1517,2005-03-01 00:00:00.000000000
160,Pagado,2005-12-01,1,2548,1517,2005-05-01 00:00:00.000000000
100,Pagado,2006-03-01,1,2548,1517,2006-01-01 00:00:00.000000000
500,Pagado,2007-04-01,1,2548,1518,2005-04-01 00:00:00.000000000
700,Pagado,2010-03-01,1,2548,1518,2007-05-01 00:00:00.000000000
1000,Pagado,2009-05-01,1,2548,1519,2005-05-01 00:00:00.000000000
220,Pagado,2006-01-01,1,2548,1521,2005-03-01 00:00:00.000000000
200,Pagado,2006-11-01,1,2548,1521,2006-02-01 00:00:00.000000000
240,Pagado,2007-11-01,1,2548,1521,2006-12-01 00:00:00.000000000
200,Pagado,2006-01-01,1,2548,1522,2005-04-01 00:00:00.000000000
120,Pagado,2005-09-01,1,2548,1523,2005-04-01 00:00:00.000000000
700,Pagado,2008-08-01,1,2548,1523,2005-10-01 00:00:00.000000000
200,Pagado,2009-06-01,1,2548,1523,2008-09-01 00:00:00.000000000
500,Pagado,2011-07-01,1,2548,1523,2009-07-01 00:00:00.000000000
500,Pagado,2013-08-01,1,2548,1523,2011-08-01 00:00:00.000000000
100,Pagado,2014-01-01,1,2548,1523,2013-09-01 00:00:00.000000000
400,Pagado,2015-09-01,1,2548,1523,2014-02-01 00:00:00.000000000
240,Pagado,2016-09-01,1,2548,1523,2015-10-01 00:00:00.000000000
200,Pagado,2017-07-01,1,2548,1523,2016-10-01 00:00:00.000000000
40,Pagado,2017-09-01,1,2548,1523,2017-08-01 00:00:00.000000000
200,Pagado,2018-07-01,1,2548,1523,2017-10-01 00:00:00.000000000
260,Pagado,2019-08-01,1,2548,1523,2018-08-01 00:00:00.000000000
500,Pagado,2021-09-01,1,2548,1523,2019-09-01 00:00:00.000000000
20,Pagado,2005-03-01,1,2548,1524,2005-03-01 00:00:00.000000000
2420,Pagado,2015-04-01,1,2548,1524,2005-04-01 00:00:00.000000000
140,Pagado,2015-11-01,1,2548,1524,2015-05-01 00:00:00.000000000
260,Pagado,2016-12-01,1,2548,1524,2015-12-01 00:00:00.000000000
240,Pagado,2017-12-01,1,2548,1524,2017-01-01 00:00:00.000000000
180,Pagado,2018-09-01,1,2548,1524,2018-01-01 00:00:00.000000000
300,Pagado,2019-12-01,1,2548,1524,2018-10-01 00:00:00.000000000
240,Pagado,2020-12-01,1,2548,1524,2020-01-01 00:00:00.000000000
240,Pagado,2021-12-01,1,2548,1524,2021-01-01 00:00:00.000000000
320,Pagado,2023-04-01,1,2548,1524,2022-01-01 00:00:00.000000000
140,Pagado,2005-09-01,1,2548,1525,2005-03-01 00:00:00.000000000
220,Pagado,2006-08-01,1,2548,1525,2005-10-01 00:00:00.000000000
80,Pagado,2006-12-01,1,2548,1525,2006-09-01 00:00:00.000000000
500,Pagado,2009-01-01,1,2548,1525,2007-01-01 00:00:00.000000000
300,Pagado,2010-04-01,1,2548,1525,2009-02-01 00:00:00.000000000
200,Pagado,2011-02-01,1,2548,1525,2010-05-01 00:00:00.000000000
440,Pagado,2012-12-01,1,2548,1525,2011-03-01 00:00:00.000000000
60,Pagado,2013-03-01,1,2548,1525,2013-01-01 00:00:00.000000000
20,Pagado,2013-04-01,1,2548,1525,2013-04-01 00:00:00.000000000
40,Pagado,2013-06-01,1,2548,1525,2013-05-01 00:00:00.000000000
40,Pagado,2013-08-01,1,2548,1525,2013-07-01 00:00:00.000000000
2013,Pagado,2013-10-01,1,2548,1525,2013-09-01 00:00:00.000000000
40,Pagado,2013-12-01,1,2548,1525,2013-11-01 00:00:00.000000000
40,Pagado,2014-02-01,1,2548,1525,2014-01-01 00:00:00.000000000
40,Pagado,2014-04-01,1,2548,1525,2014-03-01 00:00:00.000000000
40,Pagado,2014-06-01,1,2548,1525,2014-05-01 00:00:00.000000000
60,Pagado,2014-09-01,1,2548,1525,2014-07-01 00:00:00.000000000
60,Pagado,2014-12-01,1,2548,1525,2014-10-01 00:00:00.000000000
100,Pagado,2015-05-01,1,2548,1525,2015-01-01 00:00:00.000000000
140,Pagado,2015-12-01,1,2548,1525,2015-06-01 00:00:00.000000000
240,Pagado,2016-12-01,1,2548,1525,2016-01-01 00:00:00.000000000
140,Pagado,2017-07-01,1,2548,1525,2017-01-01 00:00:00.000000000
100,Pagado,2017-12-01,1,2548,1525,2017-08-01 00:00:00.000000000
240,Pagado,2018-12-01,1,2548,1525,2018-01-01 00:00:00.000000000
240,Pagado,2019-12-01,1,2548,1525,2019-01-01 00:00:00.000000000
240,Pagado,2020-12-01,1,2548,1525,2020-01-01 00:00:00.000000000
240,Pagado,2021-12-01,1,2548,1525,2021-01-01 00:00:00.000000000
240,Pagado,2022-12-01,1,2548,1525,2022-01-01 00:00:00.000000000
240,Pagado,2023-12-01,1,2548,1525,2023-01-01 00:00:00.000000000
360,Pagado,2024-12-01,1,2548,1525,2024-01-01 00:00:00.000000000
100,Pagado,2005-07-01,1,2548,1526,2005-03-01 00:00:00.000000000
200,Pagado,2006-05-01,1,2548,1526,2005-08-01 00:00:00.000000000
360,Pagado,2007-09-01,1,2548,1526,2006-06-01 00:00:00.000000000
60,Pagado,2008-02-01,1,2548,1526,2007-12-01 00:00:00.000000000
100,Pagado,2008-07-01,1,2548,1526,2008-03-01 00:00:00.000000000
60,Pagado,2008-10-01,1,2548,1526,2008-08-01 00:00:00.000000000
200,Pagado,2009-08-01,1,2548,1526,2008-11-01 00:00:00.000000000
100,Pagado,2010-01-01,1,2548,1526,2009-09-01 00:00:00.000000000
200,Pagado,2010-11-01,1,2548,1526,2010-02-01 00:00:00.000000000
100,Pagado,2011-04-01,1,2548,1526,2010-12-01 00:00:00.000000000
160,Pagado,2011-12-01,1,2548,1526,2011-05-01 00:00:00.000000000
80,Pagado,2012-04-01,1,2548,1526,2012-01-01 00:00:00.000000000
140,Pagado,2012-11-01,1,2548,1526,2012-05-01 00:00:00.000000000
200,Pagado,2013-09-01,1,2548,1526,2012-12-01 00:00:00.000000000
40,Pagado,2013-11-01,1,2548,1526,2013-10-01 00:00:00.000000000
240,Pagado,2014-11-01,1,2548,1526,2013-12-01 00:00:00.000000000
240,Pagado,2015-11-01,1,2548,1526,2014-12-01 00:00:00.000000000
240,Pagado,2016-11-01,1,2548,1526,2015-12-01 00:00:00.000000000
200,Pagado,2017-09-01,1,2548,1526,2016-12-01 00:00:00.000000000
60,Pagado,2017-12-01,1,2548,1526,2017-10-01 00:00:00.000000000
240,Pagado,2018-12-01,1,2548,1526,2018-01-01 00:00:00.000000000
240,Pagado,2019-12-01,1,2548,1526,2019-01-01 00:00:00.000000000
100,Pagado,2007-04-01,1,2548,1527,2006-12-01 00:00:00.000000000
1000,Pagado,2013-01-01,1,2548,1527,2008-12-01 00:00:00.000000000
520,Pagado,2015-03-01,1,2548,1527,2013-02-01 00:00:00.000000000
260,Pagado,2016-04-01,1,2548,1527,2015-04-01 00:00:00.000000000
260,Pagado,2017-05-01,1,2548,1527,2016-05-01 00:00:00.000000000
600,Pagado,2019-11-01,1,2548,1527,2017-06-01 00:00:00.000000000
200,Pagado,2020-12-01,1,2548,1527,2019-12-01 00:00:00.000000000
180,Pagado,2021-09-01,1,2548,1527,2021-01-01 00:00:00.000000000
60,Pagado,2021-12-01,1,2548,1527,2021-10-01 00:00:00.000000000
240,Pagado,2022-12-01,1,2548,1527,2022-01-01 00:00:00.000000000
240,Pagado,2023-12-01,1,2548,1527,2023-01-01 00:00:00.000000000
90,Pagado,2024-03-01,1,2548,1527,2024-01-01 00:00:00.000000000
120,Pagado,2024-07-01,1,2548,1527,2024-04-01 00:00:00.000000000
150,Pagado,2024-12-01,1,2548,1527,2024-08-01 00:00:00.000000000
360,Pagado,2025-12-01,1,2548,1527,2025-01-01 00:00:00.000000000
100,Pagado,2005-07-01,1,2548,1528,2005-03-01 00:00:00.000000000
120,Pagado,2006-01-01,1,2548,1528,2005-08-01 00:00:00.000000000
100,Pagado,2006-06-01,1,2548,1528,2006-02-01 00:00:00.000000000
100,Pagado,2006-11-01,1,2548,1528,2006-07-01 00:00:00.000000000
100,Pagado,2007-09-01,1,2548,1528,2007-05-01 00:00:00.000000000
60,Pagado,2007-12-01,1,2548,1528,2007-10-01 00:00:00.000000000
80,Pagado,2008-06-01,1,2548,1528,2008-03-01 00:00:00.000000000
20,Pagado,2008-07-01,1,2548,1528,2008-07-01 00:00:00.000000000
20,Pagado,2008-08-01,1,2548,1528,2008-08-01 00:00:00.000000000
80,Pagado,2008-12-01,1,2548,1528,2008-09-01 00:00:00.000000000
220,Pagado,2009-11-01,1,2548,1528,2009-01-01 00:00:00.000000000
500,Pagado,2011-12-01,1,2548,1528,2009-12-01 00:00:00.000000000
240,Pagado,2006-03-01,1,2548,1529,2005-04-01 00:00:00.000000000
100,Pagado,2005-07-01,1,2548,1530,2005-03-01 00:00:00.000000000
300,Pagado,2006-10-01,1,2548,1530,2005-08-01 00:00:00.000000000
500,Pagado,2008-11-01,1,2548,1530,2006-11-01 00:00:00.000000000
500,Pagado,2010-12-01,1,2548,1530,2008-12-01 00:00:00.000000000
400,Pagado,2014-04-01,1,2548,1530,2012-09-01 00:00:00.000000000
40,Pagado,2005-05-01,1,2548,1531,2005-04-01 00:00:00.000000000
60,Pagado,2005-08-01,1,2548,1531,2005-06-01 00:00:00.000000000
300,Pagado,2005-11-01,1,2548,1531,2005-09-01 00:00:00.000000000
60,Pagado,2007-02-01,1,2548,1531,2006-12-01 00:00:00.000000000
20,Pagado,2005-04-01,1,2548,1532,2005-04-01 00:00:00.000000000
160,Pagado,2005-12-01,1,2548,1532,2005-05-01 00:00:00.000000000
100,Pagado,2006-05-01,1,2548,1532,2006-01-01 00:00:00.000000000
140,Pagado,2006-12-01,1,2548,1532,2006-06-01 00:00:00.000000000
840,Pagado,2010-06-01,1,2548,1532,2007-01-01 00:00:00.000000000
200,Pagado,2011-04-01,1,2548,1532,2010-07-01 00:00:00.000000000
100,Pagado,2005-08-01,1,2548,1533,2005-04-01 00:00:00.000000000
40,Pagado,2005-10-01,1,2548,1533,2005-09-01 00:00:00.000000000
40,Pagado,2005-12-01,1,2548,1533,2005-11-01 00:00:00.000000000
80,Pagado,2006-04-01,1,2548,1533,2006-01-01 00:00:00.000000000
200,Pagado,2007-02-01,1,2548,1533,2006-05-01 00:00:00.000000000
100,Pagado,2005-08-01,1,2548,1534,2005-04-01 00:00:00.000000000
240,Pagado,2006-08-01,1,2548,1534,2005-09-01 00:00:00.000000000
100,Pagado,2005-08-01,1,2548,1535,2005-04-01 00:00:00.000000000
40,Pagado,2005-05-01,1,2548,1536,2005-04-01 00:00:00.000000000
20,Pagado,2005-04-01,1,2548,1538,2005-04-01 00:00:00.000000000
1000,Pagado,2009-05-01,1,2548,1538,2005-04-01 00:00:00.000000000
20,Pagado,2005-04-01,1,2548,1539,2005-04-01 00:00:00.000000000
40,Pagado,2005-06-01,1,2548,1539,2005-05-01 00:00:00.000000000
40,Pagado,2005-08-01,1,2548,1539,2005-07-01 00:00:00.000000000
40,Pagado,2005-10-01,1,2548,1539,2005-09-01 00:00:00.000000000
40,Pagado,2005-12-01,1,2548,1539,2005-11-01 00:00:00.000000000
40,Pagado,2006-02-01,1,2548,1539,2006-01-01 00:00:00.000000000
40,Pagado,2006-04-01,1,2548,1539,2006-03-01 00:00:00.000000000
120,Pagado,2006-10-01,1,2548,1539,2006-05-01 00:00:00.000000000
40,Pagado,2006-12-01,1,2548,1539,2006-11-01 00:00:00.000000000
20,Pagado,2007-01-01,1,2548,1539,2007-01-01 00:00:00.000000000
20,Pagado,2007-02-01,1,2548,1539,2007-02-01 00:00:00.000000000
20,Pagado,2007-03-01,1,2548,1539,2007-03-01 00:00:00.000000000
20,Pagado,2007-04-01,1,2548,1539,2007-04-01 00:00:00.000000000
20,Pagado,2007-05-01,1,2548,1539,2007-05-01 00:00:00.000000000
40,Pagado,2007-06-01,1,2548,1539,2007-05-01 00:00:00.000000000
20,Pagado,2007-07-01,1,2548,1539,2007-07-01 00:00:00.000000000
40,Pagado,2007-09-01,1,2548,1539,2007-08-01 00:00:00.000000000
100,Pagado,2008-04-01,1,2548,1539,2007-12-01 00:00:00.000000000
140,Pagado,2008-11-01,1,2548,1539,2008-05-01 00:00:00.000000000
500,Pagado,2010-12-01,1,2548,1539,2008-12-01 00:00:00.000000000
200,Pagado,2011-10-01,1,2548,1539,2011-01-01 00:00:00.000000000
700,Pagado,2008-02-01,1,2548,1540,2005-04-01 00:00:00.000000000
40,Pagado,2008-04-01,1,2548,1540,2008-03-01 00:00:00.000000000
40,Pagado,2008-06-01,1,2548,1540,2008-05-01 00:00:00.000000000
640,Pagado,2011-02-01,1,2548,1540,2008-07-01 00:00:00.000000000
200,Pagado,2011-12-01,1,2548,1540,2011-03-01 00:00:00.000000000
220,Pagado,2012-11-01,1,2548,1540,2012-01-01 00:00:00.000000000
240,Pagado,2013-11-01,1,2548,1540,2013-12-01 00:00:00.000000000
240,Pagado,2014-11-01,1,2548,1540,2013-12-01 00:00:00.000000000
240,Pagado,2015-11-01,1,2548,1540,2014-12-01 00:00:00.000000000
240,Pagado,2016-11-01,1,2548,1540,2015-12-01 00:00:00.000000000
240,Pagado,2017-11-01,1,2548,1540,2016-12-01 00:00:00.000000000
240,Pagado,2018-11-01,1,2548,1540,2017-12-01 00:00:00.000000000
240,Pagado,2019-11-01,1,2548,1540,2018-12-01 00:00:00.000000000
200,Pagado,2020-09-01,1,2548,1540,2019-12-01 00:00:00.000000000
60,Pagado,2020-12-01,1,2548,1540,2020-10-01 00:00:00.000000000
240,Pagado,2021-12-01,1,2548,1540,2021-01-01 00:00:00.000000000
200,Pagado,2022-10-01,1,2548,1540,2022-01-01 00:00:00.000000000
40,Pagado,2022-12-01,1,2548,1540,2022-11-01 00:00:00.000000000
120,Pagado,2023-06-01,1,2548,1540,2023-01-01 00:00:00.000000000
120,Pagado,2023-12-01,1,2548,1540,2023-07-01 00:00:00.000000000
360,Pagado,2024-12-01,1,2548,1540,2024-01-01 00:00:00.000000000
360,Pagado,2025-12-01,1,2548,1540,2025-01-01 00:00:00.000000000
500,Pagado,2007-04-01,1,2548,1541,2005-04-01 00:00:00.000000000
40,Pagado,2005-05-01,1,2548,1542,2005-04-01 00:00:00.000000000
20,Pagado,2005-07-01,1,2548,1542,2005-07-01 00:00:00.000000000
20,Pagado,2005-07-01,1,2548,1542,2005-07-01 00:00:00.000000000
20,Pagado,2005-08-01,1,2548,1542,2005-08-01 00:00:00.000000000
1240,Pagado,2010-06-01,1,2548,1543,2005-05-01 00:00:00.000000000
100,Pagado,2010-11-01,1,2548,1543,2010-07-01 00:00:00.000000000
420,Pagado,2006-12-01,1,2548,1544,2005-04-01 00:00:00.000000000
240,Pagado,2007-12-01,1,2548,1544,2007-01-01 00:00:00.000000000
100,Pagado,2005-09-01,1,2548,1548,2005-05-01 00:00:00.000000000
100,Pagado,2006-02-01,1,2548,1548,2005-10-01 00:00:00.000000000
120,Pagado,2006-08-01,1,2548,1548,2006-03-01 00:00:00.000000000
160,Pagado,2007-04-01,1,2548,1548,2006-09-01 00:00:00.000000000
20,Pagado,2007-05-01,1,2548,1548,2007-05-01 00:00:00.000000000
20,Pagado,2007-06-01,1,2548,1548,2007-06-01 00:00:00.000000000
100,Pagado,2007-11-01,1,2548,1548,2007-07-01 00:00:00.000000000
180,Pagado,2006-01-01,1,2548,1550,2005-05-01 00:00:00.000000000
500,Pagado,2008-02-01,1,2548,1550,2006-02-01 00:00:00.000000000
200,Pagado,2008-12-01,1,2548,1550,2008-03-01 00:00:00.000000000
100,Pagado,2009-05-01,1,2548,1550,2009-01-01 00:00:00.000000000
200,Pagado,2010-03-01,1,2548,1550,2009-06-01 00:00:00.000000000
300,Pagado,2011-06-01,1,2548,1550,2010-04-01 00:00:00.000000000
100,Pagado,2011-11-01,1,2548,1550,2011-07-01 00:00:00.000000000
300,Pagado,2012-02-01,1,2548,1550,2011-12-01 00:00:00.000000000
300,Pagado,2013-05-01,1,2548,1550,2012-03-01 00:00:00.000000000
300,Pagado,2014-08-01,1,2548,1550,2013-06-01 00:00:00.000000000
300,Pagado,2015-11-01,1,2548,1550,2014-09-01 00:00:00.000000000
300,Pagado,2017-02-01,1,2548,1550,2015-12-01 00:00:00.000000000
200,Pagado,2020-07-01,1,2548,1550,2019-10-01 00:00:00.000000000
300,Pagado,2021-10-01,1,2548,1550,2020-08-01 00:00:00.000000000
160,Pagado,2022-06-01,1,2548,1550,2021-11-01 00:00:00.000000000
200,Pagado,2023-04-01,1,2548,1550,2022-07-01 00:00:00.000000000
160,Pagado,2023-12-01,1,2548,1550,2023-05-01 00:00:00.000000000
210,Pagado,2024-07-01,1,2548,1550,2024-01-01 00:00:00.000000000
180,Pagado,2024-12-01,1,2548,1550,2024-07-01 00:00:00.000000000
90,Pagado,2025-12-01,1,2548,1550,2025-10-01 00:00:00.000000000
40,Pagado,2005-06-01,1,2548,1553,2005-05-01 00:00:00.000000000
100,Pagado,2005-11-01,1,2548,1553,2005-07-01 00:00:00.000000000
100,Pagado,2006-04-01,1,2548,1553,2005-12-01 00:00:00.000000000
140,Pagado,2006-11-01,1,2548,1553,2006-05-01 00:00:00.000000000
40,Pagado,2007-01-01,1,2548,1553,2006-12-01 00:00:00.000000000
20,Pagado,2007-02-01,1,2548,1553,2007-02-01 00:00:00.000000000
20,Pagado,2007-03-01,1,2548,1553,2007-03-01 00:00:00.000000000
140,Pagado,2007-10-01,1,2548,1553,2007-04-01 00:00:00.000000000
60,Pagado,2007-11-01,1,2548,1553,2007-11-01 00:00:00.000000000
20,Pagado,2008-02-01,1,2548,1553,2008-02-01 00:00:00.000000000
60,Pagado,2008-05-01,1,2548,1553,2008-03-01 00:00:00.000000000
100,Pagado,2008-10-01,1,2548,1553,2008-06-01 00:00:00.000000000
260,Pagado,2009-11-01,1,2548,1553,2008-11-01 00:00:00.000000000
100,Pagado,2010-04-01,1,2548,1553,2009-12-01 00:00:00.000000000
140,Pagado,2010-11-01,1,2548,1553,2010-05-01 00:00:00.000000000
60,Pagado,2011-02-01,1,2548,1553,2010-12-01 00:00:00.000000000
80,Pagado,2011-06-01,1,2548,1553,2011-03-01 00:00:00.000000000
100,Pagado,2011-11-01,1,2548,1553,2011-07-01 00:00:00.000000000
240,Pagado,2012-11-01,1,2548,1553,2011-12-01 00:00:00.000000000
100,Pagado,2013-04-01,1,2548,1553,2013-12-01 00:00:00.000000000
140,Pagado,2013-11-01,1,2548,1553,2013-05-01 00:00:00.000000000
240,Pagado,2014-12-01,1,2548,1553,2013-12-01 00:00:00.000000000
60,Pagado,2015-02-01,1,2548,1553,2014-12-01 00:00:00.000000000
40,Pagado,2015-04-01,1,2548,1553,2015-03-01 00:00:00.000000000
140,Pagado,2015-11-01,1,2548,1553,2015-05-01 00:00:00.000000000
120,Pagado,2016-05-01,1,2548,1553,2015-12-01 00:00:00.000000000
120,Pagado,2016-11-01,1,2548,1553,2016-06-01 00:00:00.000000000
240,Pagado,2017-11-01,1,2548,1553,2016-12-01 00:00:00.000000000
240,Pagado,2018-11-01,1,2548,1553,2017-12-01 00:00:00.000000000
240,Pagado,2019-11-01,1,2548,1553,2018-12-01 00:00:00.000000000
200,Pagado,2020-04-01,1,2548,1553,2019-07-01 00:00:00.000000000
120,Pagado,2020-10-01,1,2548,1553,2020-05-01 00:00:00.000000000
40,Pagado,2020-12-01,1,2548,1553,2020-11-01 00:00:00.000000000
240,Pagado,2021-12-01,1,2548,1553,2021-01-01 00:00:00.000000000
240,Pagado,2022-12-01,1,2548,1553,2022-01-01 00:00:00.000000000
240,Pagado,2023-12-01,1,2548,1553,2023-01-01 00:00:00.000000000
360,Pagado,2024-12-01,1,2548,1553,2024-01-01 00:00:00.000000000
90,Pagado,2025-12-01,1,2548,1553,2025-10-01 00:00:00.000000000
60,Pagado,2005-07-01,1,2548,1554,2005-05-01 00:00:00.000000000
100,Pagado,2005-12-01,1,2548,1554,2005-08-01 00:00:00.000000000
60,Pagado,2006-03-01,1,2548,1554,2006-01-01 00:00:00.000000000
60,Pagado,2006-04-01,1,2548,1554,2006-02-01 00:00:00.000000000
200,Pagado,2007-01-01,1,2548,1554,2006-04-01 00:00:00.000000000
20,Pagado,2007-05-01,1,2548,1554,2007-05-01 00:00:00.000000000
140,Pagado,2007-11-01,1,2548,1554,2007-03-01 00:00:00.000000000
40,Pagado,2008-02-01,1,2548,1554,2008-01-01 00:00:00.000000000
60,Pagado,2008-03-01,1,2548,1554,2008-01-01 00:00:00.000000000
200,Pagado,2008-12-01,1,2548,1554,2008-03-01 00:00:00.000000000
220,Pagado,2009-11-01,1,2548,1554,2009-01-01 00:00:00.000000000
240,Pagado,2010-11-01,1,2548,1554,2009-12-01 00:00:00.000000000
240,Pagado,2011-11-01,1,2548,1554,2010-12-01 00:00:00.000000000
240,Pagado,2012-11-01,1,2548,1554,2011-12-01 00:00:00.000000000
240,Pagado,2013-11-01,1,2548,1554,2012-11-01 00:00:00.000000000
240,Pagado,2014-11-01,1,2548,1554,2013-12-01 00:00:00.000000000
240,Pagado,2015-11-01,1,2548,1554,2014-12-01 00:00:00.000000000
240,Pagado,2016-11-01,1,2548,1554,2015-12-01 00:00:00.000000000
240,Pagado,2017-11-01,1,2548,1554,2016-12-01 00:00:00.000000000
140,Pagado,2018-06-01,1,2548,1554,2017-12-01 00:00:00.000000000
120,Pagado,2018-12-01,1,2548,1554,2018-07-01 00:00:00.000000000
240,Pagado,2019-12-01,1,2548,1554,2019-01-01 00:00:00.000000000
240,Pagado,2020-12-01,1,2548,1554,2020-01-01 00:00:00.000000000
240,Pagado,2021-12-01,1,2548,1554,2021-01-01 00:00:00.000000000
240,Pagado,2022-12-01,1,2548,1554,2022-01-01 00:00:00.000000000
240,Pagado,2023-12-01,1,2548,1554,2023-01-01 00:00:00.000000000
360,Pagado,2024-12-01,1,2548,1554,2024-01-01 00:00:00.000000000
90,Pagado,2025-12-01,1,2548,1554,2025-10-01 00:00:00.000000000
40,Pagado,2005-06-01,1,2548,1555,2005-05-01 00:00:00.000000000
60,Pagado,2005-09-01,1,2548,1555,2005-07-01 00:00:00.000000000
20,Pagado,2005-10-01,1,2548,1555,2005-10-01 00:00:00.000000000
160,Pagado,2005-12-01,1,2548,1556,2005-05-01 00:00:00.000000000
120,Pagado,2006-04-01,1,2548,1556,2006-11-01 00:00:00.000000000
100,Pagado,2006-05-01,1,2548,1556,2006-01-01 00:00:00.000000000
100,Pagado,2006-10-01,1,2548,1556,2006-06-01 00:00:00.000000000
120,Pagado,2007-10-01,1,2548,1556,2007-10-01 00:00:00.000000000
100,Pagado,2008-10-01,1,2548,1556,2008-06-01 00:00:00.000000000
100,Pagado,2009-03-01,1,2548,1556,2008-11-01 00:00:00.000000000
100,Pagado,2009-08-01,1,2548,1556,2009-04-01 00:00:00.000000000
60,Pagado,2009-11-01,1,2548,1556,2009-09-01 00:00:00.000000000
120,Pagado,2010-05-01,1,2548,1556,2009-12-01 00:00:00.000000000
100,Pagado,2010-10-01,1,2548,1556,2010-06-01 00:00:00.000000000
40,Pagado,2010-12-01,1,2548,1556,2010-11-01 00:00:00.000000000
100,Pagado,2011-05-01,1,2548,1556,2011-01-01 00:00:00.000000000
120,Pagado,2011-11-01,1,2548,1556,2011-06-01 00:00:00.000000000
100,Pagado,2012-04-01,1,2548,1556,2011-12-01 00:00:00.000000000
140,Pagado,2012-11-01,1,2548,1556,2012-05-01 00:00:00.000000000
160,Pagado,2013-07-01,1,2548,1556,2012-12-01 00:00:00.000000000
80,Pagado,2013-11-01,1,2548,1556,2013-08-01 00:00:00.000000000
120,Pagado,2014-05-01,1,2548,1556,2013-12-01 00:00:00.000000000
120,Pagado,2014-11-01,1,2548,1556,2014-06-01 00:00:00.000000000
120,Pagado,2015-11-01,1,2548,1556,2015-06-01 00:00:00.000000000
20,Pagado,2015-12-01,1,2548,1556,2015-12-01 00:00:00.000000000
40,Pagado,2016-02-01,1,2548,1556,2016-01-01 00:00:00.000000000
20,Pagado,2016-03-01,1,2548,1556,2016-03-01 00:00:00.000000000
20,Pagado,2016-04-01,1,2548,1556,2016-04-01 00:00:00.000000000
40,Pagado,2016-06-01,1,2548,1556,2016-05-01 00:00:00.000000000
120,Pagado,2016-12-01,1,2548,1556,2016-07-01 00:00:00.000000000
160,Pagado,2017-08-01,1,2548,1556,2017-01-01 00:00:00.000000000
80,Pagado,2017-12-01,1,2548,1556,2017-09-01 00:00:00.000000000
120,Pagado,2018-06-01,1,2548,1556,2018-01-01 00:00:00.000000000
120,Pagado,2018-12-01,1,2548,1556,2018-07-01 00:00:00.000000000
120,Pagado,2019-06-01,1,2548,1556,2019-01-01 00:00:00.000000000
120,Pagado,2019-12-01,1,2548,1556,2019-07-01 00:00:00.000000000
200,Pagado,2020-10-01,1,2548,1556,2020-01-01 00:00:00.000000000
40,Pagado,2020-12-01,1,2548,1556,2020-11-01 00:00:00.000000000
160,Pagado,2021-06-01,1,2548,1556,2020-11-01 00:00:00.000000000
120,Pagado,2021-12-01,1,2548,1556,2021-07-01 00:00:00.000000000
140,Pagado,2022-07-01,1,2548,1556,2022-01-01 00:00:00.000000000
100,Pagado,2022-12-01,1,2548,1556,2022-08-01 00:00:00.000000000
140,Pagado,2023-07-01,1,2548,1556,2023-01-01 00:00:00.000000000
100,Pagado,2023-12-01,1,2548,1556,2023-08-01 00:00:00.000000000
180,Pagado,2024-06-01,1,2548,1556,2024-01-01 00:00:00.000000000
180,Pagado,2024-12-01,1,2548,1556,2024-07-01 00:00:00.000000000
180,Pagado,2025-06-01,1,2548,1556,2025-01-01 00:00:00.000000000
90,Pagado,2025-09-01,1,2548,1556,2025-07-01 00:00:00.000000000
90,Pagado,2025-12-01,1,2548,1556,2025-10-01 00:00:00.000000000
620,Pagado,2007-12-01,1,2548,1557,2005-06-01 00:00:00.000000000
20,Pagado,2008-01-01,1,2548,1557,2008-01-01 00:00:00.000000000
20,Pagado,2008-02-01,1,2548,1557,2008-02-01 00:00:00.000000000
100,Pagado,2008-07-01,1,2548,1557,2008-03-01 00:00:00.000000000
20,Pagado,2005-05-01,1,2548,1558,2005-05-01 00:00:00.000000000
160,Pagado,2005-12-01,1,2548,1559,2005-05-01 00:00:00.000000000
40,Pagado,2005-06-01,1,2548,1560,2005-05-01 00:00:00.000000000
40,Pagado,2005-08-01,1,2548,1560,2005-07-01 00:00:00.000000000
40,Pagado,2005-10-01,1,2548,1560,2005-09-01 00:00:00.000000000
400,Pagado,2007-06-01,1,2548,1560,2005-11-01 00:00:00.000000000
20,Pagado,2007-07-01,1,2548,1560,2007-07-01 00:00:00.000000000
20,Pagado,2007-08-01,1,2548,1560,2007-08-01 00:00:00.000000000
20,Pagado,2007-09-01,1,2548,1560,2007-09-01 00:00:00.000000000
20,Pagado,2007-10-01,1,2548,1560,2007-10-01 00:00:00.000000000
40,Pagado,2007-12-01,1,2548,1560,2007-11-01 00:00:00.000000000
60,Pagado,2008-03-01,1,2548,1560,2008-01-01 00:00:00.000000000
100,Pagado,2008-08-01,1,2548,1560,2008-04-01 00:00:00.000000000
40,Pagado,2008-10-01,1,2548,1560,2008-09-01 00:00:00.000000000
200,Pagado,2011-09-01,1,2548,1560,2010-12-01 00:00:00.000000000
500,Pagado,2011-11-01,1,2548,1560,2008-11-01 00:00:00.000000000
540,Pagado,2013-12-01,1,2548,1560,2011-10-01 00:00:00.000000000
100,Pagado,2014-05-01,1,2548,1560,2014-01-01 00:00:00.000000000
20,Pagado,2014-06-01,1,2548,1560,2014-06-01 00:00:00.000000000
40,Pagado,2014-08-01,1,2548,1560,2014-07-01 00:00:00.000000000
20,Pagado,2014-09-01,1,2548,1560,2014-09-01 00:00:00.000000000
60,Pagado,2014-12-01,1,2548,1560,2014-10-01 00:00:00.000000000
60,Pagado,2015-03-01,1,2548,1560,2015-01-01 00:00:00.000000000
660,Pagado,2017-12-01,1,2548,1560,2015-04-01 00:00:00.000000000
240,Pagado,2018-12-01,1,2548,1560,2018-01-01 00:00:00.000000000
240,Pagado,2019-12-01,1,2548,1560,2019-01-01 00:00:00.000000000
20,Pagado,2020-01-01,1,2548,1560,2020-01-01 00:00:00.000000000
160,Pagado,2020-09-01,1,2548,1560,2020-01-01 00:00:00.000000000
60,Pagado,2020-12-01,1,2548,1560,2020-10-01 00:00:00.000000000
240,Pagado,2021-12-01,1,2548,1560,2021-01-01 00:00:00.000000000
240,Pagado,2022-12-01,1,2548,1560,2022-01-01 00:00:00.000000000
60,Pagado,2023-03-01,1,2548,1560,2023-01-01 00:00:00.000000000
100,Pagado,2023-08-01,1,2548,1560,2023-04-01 00:00:00.000000000
80,Pagado,2023-12-01,1,2548,1560,2023-09-01 00:00:00.000000000
360,Pagado,2024-12-01,1,2548,1560,2024-01-01 00:00:00.000000000
150,Pagado,2025-05-01,1,2548,1560,2025-01-01 00:00:00.000000000
60,Pagado,2025-12-01,1,2548,1560,2025-11-01 00:00:00.000000000
20,Pagado,2005-06-01,1,2548,1561,2005-06-01 00:00:00.000000000
100,Pagado,2005-11-01,1,2548,1561,2005-07-01 00:00:00.000000000
40,Pagado,2006-01-01,1,2548,1561,2005-12-01 00:00:00.000000000
20,Pagado,2006-02-01,1,2548,1561,2006-02-01 00:00:00.000000000
40,Pagado,2006-04-01,1,2548,1561,2006-03-01 00:00:00.000000000
20,Pagado,2006-05-01,1,2548,1561,2006-05-01 00:00:00.000000000
60,Pagado,2006-08-01,1,2548,1561,2006-06-01 00:00:00.000000000
40,Pagado,2006-10-01,1,2548,1561,2006-09-01 00:00:00.000000000
40,Pagado,2006-12-01,1,2548,1561,2006-11-01 00:00:00.000000000
100,Pagado,2007-05-01,1,2548,1561,2007-01-01 00:00:00.000000000
140,Pagado,2007-12-01,1,2548,1561,2007-06-01 00:00:00.000000000
100,Pagado,2008-05-01,1,2548,1561,2008-01-01 00:00:00.000000000
200,Pagado,2009-03-01,1,2548,1561,2008-06-01 00:00:00.000000000
100,Pagado,2009-08-01,1,2548,1561,2009-04-01 00:00:00.000000000
200,Pagado,2010-06-01,1,2548,1561,2009-09-01 00:00:00.000000000
300,Pagado,2011-09-01,1,2548,1561,2010-07-01 00:00:00.000000000
200,Pagado,2012-07-01,1,2548,1561,2011-10-01 00:00:00.000000000
100,Pagado,2013-05-01,1,2548,1561,2013-01-01 00:00:00.000000000
100,Pagado,2013-10-01,1,2548,1561,2013-06-01 00:00:00.000000000
100,Pagado,2014-03-01,1,2548,1561,2013-11-01 00:00:00.000000000
40,Pagado,2014-05-01,1,2548,1561,2014-04-01 00:00:00.000000000
100,Pagado,2014-10-01,1,2548,1561,2014-06-01 00:00:00.000000000
100,Pagado,2015-03-01,1,2548,1561,2014-11-01 00:00:00.000000000
100,Pagado,2015-08-01,1,2548,1561,2015-04-01 00:00:00.000000000
100,Pagado,2015-12-01,1,2548,1561,2012-08-01 00:00:00.000000000
80,Pagado,2015-12-01,1,2548,1561,2015-09-01 00:00:00.000000000
60,Pagado,2016-03-01,1,2548,1561,2016-01-01 00:00:00.000000000
60,Pagado,2016-06-01,1,2548,1561,2016-04-01 00:00:00.000000000
40,Pagado,2016-08-01,1,2548,1561,2016-07-01 00:00:00.000000000
40,Pagado,2016-10-01,1,2548,1561,2016-09-01 00:00:00.000000000
20,Pagado,2016-11-01,1,2548,1561,2016-11-01 00:00:00.000000000
20,Pagado,2016-12-01,1,2548,1561,2016-12-01 00:00:00.000000000
20,Pagado,2017-01-01,1,2548,1561,2017-01-01 00:00:00.000000000
40,Pagado,2017-03-01,1,2548,1561,2017-02-01 00:00:00.000000000
20,Pagado,2017-04-01,1,2548,1561,2017-04-01 00:00:00.000000000
100,Pagado,2017-09-01,1,2548,1561,2017-05-01 00:00:00.000000000
40,Pagado,2017-11-01,1,2548,1561,2017-10-01 00:00:00.000000000
100,Pagado,2018-05-01,1,2548,1561,2018-01-01 00:00:00.000000000
100,Pagado,2018-10-01,1,2548,1561,2018-06-01 00:00:00.000000000
200,Pagado,2019-08-01,1,2548,1561,2018-11-01 00:00:00.000000000
260,Pagado,2020-09-01,1,2548,1561,2019-09-01 00:00:00.000000000
20,Pagado,2020-10-01,1,2548,1561,2020-10-01 00:00:00.000000000
40,Pagado,2020-12-01,1,2548,1561,2020-11-01 00:00:00.000000000
40,Pagado,2021-02-01,1,2548,1561,2021-01-01 00:00:00.000000000
100,Pagado,2021-07-01,1,2548,1561,2021-03-01 00:00:00.000000000
100,Pagado,2021-12-01,1,2548,1561,2021-05-01 00:00:00.000000000
240,Pagado,2022-12-01,1,2548,1561,2022-01-01 00:00:00.000000000
200,Pagado,2023-10-01,1,2548,1561,2023-01-01 00:00:00.000000000
40,Pagado,2023-12-01,1,2548,1561,2023-11-01 00:00:00.000000000
210,Pagado,2024-07-01,1,2548,1561,2024-01-01 00:00:00.000000000
150,Pagado,2024-12-01,1,2548,1561,2024-08-01 00:00:00.000000000
300,Pagado,2025-10-01,1,2548,1561,2025-01-01 00:00:00.000000000
60,Pagado,2025-12-01,1,2548,1561,2025-11-01 00:00:00.000000000
100,Pagado,2005-10-01,1,2548,1562,2005-06-01 00:00:00.000000000
100,Pagado,2006-03-01,1,2548,1562,2005-11-01 00:00:00.000000000
800,Pagado,2009-07-01,1,2548,1562,2006-04-01 00:00:00.000000000
100,Pagado,2009-12-01,1,2548,1562,2009-08-01 00:00:00.000000000
100,Pagado,2010-05-01,1,2548,1562,2010-01-01 00:00:00.000000000
100,Pagado,2010-10-01,1,2548,1562,2010-06-01 00:00:00.000000000
100,Pagado,2011-03-01,1,2548,1562,2010-11-01 00:00:00.000000000
100,Pagado,2011-08-01,1,2548,1562,2011-04-01 00:00:00.000000000
100,Pagado,2012-01-01,1,2548,1562,2011-09-01 00:00:00.000000000
500,Pagado,2014-02-01,1,2548,1562,2012-02-01 00:00:00.000000000
200,Pagado,2014-12-01,1,2548,1562,2014-03-01 00:00:00.000000000
100,Pagado,2015-05-01,1,2548,1562,2015-01-01 00:00:00.000000000
200,Pagado,2016-03-01,1,2548,1562,2015-06-01 00:00:00.000000000
300,Pagado,2017-06-01,1,2548,1562,2016-04-01 00:00:00.000000000
200,Pagado,2018-04-01,1,2548,1562,2017-07-01 00:00:00.000000000
100,Pagado,2018-09-01,1,2548,1562,2018-05-01 00:00:00.000000000
100,Pagado,2018-09-01,1,2548,1562,2018-05-01 00:00:00.000000000
100,Pagado,2019-02-01,1,2548,1562,2018-10-01 00:00:00.000000000
100,Pagado,2019-07-01,1,2548,1562,2019-03-01 00:00:00.000000000
100,Pagado,2019-12-01,1,2548,1562,2019-08-01 00:00:00.000000000
500,Pagado,2022-01-01,1,2548,1562,2020-01-01 00:00:00.000000000
40,Pagado,2005-07-01,1,2548,1563,2005-06-01 00:00:00.000000000
40,Pagado,2005-09-01,1,2548,1563,2005-08-01 00:00:00.000000000
20,Pagado,2005-10-01,1,2548,1563,2005-10-01 00:00:00.000000000
40,Pagado,2005-12-01,1,2548,1563,2005-11-01 00:00:00.000000000
40,Pagado,2006-02-01,1,2548,1563,2006-01-01 00:00:00.000000000
40,Pagado,2006-04-01,1,2548,1563,2006-03-01 00:00:00.000000000
120,Pagado,2006-10-01,1,2548,1563,2006-05-01 00:00:00.000000000
40,Pagado,2006-12-01,1,2548,1563,2006-11-01 00:00:00.000000000
40,Pagado,2007-02-01,1,2548,1563,2007-01-01 00:00:00.000000000
20,Pagado,2007-03-01,1,2548,1563,2007-03-01 00:00:00.000000000
60,Pagado,2007-06-01,1,2548,1563,2007-04-01 00:00:00.000000000
1000,Pagado,2009-07-01,1,2548,1564,2005-06-01 00:00:00.000000000
200,Pagado,2006-03-01,1,2548,1565,2005-06-01 00:00:00.000000000
300,Pagado,2006-09-01,1,2548,1568,2005-07-01 00:00:00.000000000
400,Pagado,2008-05-01,1,2548,1568,2006-10-01 00:00:00.000000000
400,Pagado,2010-01-01,1,2548,1568,2008-06-01 00:00:00.000000000
100,Pagado,2005-11-01,1,2548,1570,2005-07-01 00:00:00.000000000
60,Pagado,2005-09-01,1,2548,1573,2005-07-01 00:00:00.000000000
60,Pagado,2005-12-01,1,2548,1573,2005-10-01 00:00:00.000000000
60,Pagado,2006-03-01,1,2548,1573,2006-01-01 00:00:00.000000000
60,Pagado,2006-06-01,1,2548,1573,2006-04-01 00:00:00.000000000
120,Pagado,2006-12-01,1,2548,1573,2006-07-01 00:00:00.000000000
140,Pagado,2007-07-01,1,2548,1573,2007-01-01 00:00:00.000000000
100,Pagado,2007-12-01,1,2548,1573,2007-08-01 00:00:00.000000000
20,Pagado,2008-01-01,1,2548,1573,2008-01-01 00:00:00.000000000
100,Pagado,2008-05-01,1,2548,1573,2008-01-01 00:00:00.000000000
360,Pagado,2009-11-05,1,2548,1573,2008-06-01 00:00:00.000000000
260,Pagado,2010-12-01,1,2548,1573,2009-12-01 00:00:00.000000000
80,Pagado,2011-03-01,1,2548,1573,2011-01-01 00:00:00.000000000
60,Pagado,2011-06-01,1,2548,1573,2011-04-01 00:00:00.000000000
120,Pagado,2011-12-01,1,2548,1573,2011-07-01 00:00:00.000000000
240,Pagado,2012-12-01,1,2548,1573,2012-01-01 00:00:00.000000000
400,Pagado,2014-08-01,1,2548,1573,2013-01-01 00:00:00.000000000
100,Pagado,2015-01-01,1,2548,1573,2014-09-01 00:00:00.000000000
220,Pagado,2015-12-01,1,2548,1573,2015-02-01 00:00:00.000000000
40,Pagado,2016-02-01,1,2548,1573,2016-01-01 00:00:00.000000000
20,Pagado,2016-03-01,1,2548,1573,2016-03-01 00:00:00.000000000
20,Pagado,2016-04-01,1,2548,1573,2016-04-01 00:00:00.000000000
100,Pagado,2016-09-01,1,2548,1573,2016-05-01 00:00:00.000000000
540,Pagado,2018-12-01,1,2548,1573,2016-10-01 00:00:00.000000000
40,Pagado,2019-02-01,1,2548,1573,2019-01-01 00:00:00.000000000
180,Pagado,2006-03-01,1,2548,1574,2005-07-01 00:00:00.000000000
40,Pagado,2006-05-01,1,2548,1574,2006-04-01 00:00:00.000000000
340,Pagado,2007-10-01,1,2548,1574,2006-06-01 00:00:00.000000000
100,Pagado,2008-02-01,1,2548,1574,2007-11-01 00:00:00.000000000
60,Pagado,2010-02-01,1,2548,1574,2009-12-01 00:00:00.000000000
500,Pagado,2011-12-01,1,2548,1574,2009-12-01 00:00:00.000000000
400,Pagado,2013-11-01,1,2548,1574,2012-04-01 00:00:00.000000000
400,Pagado,2015-07-01,1,2548,1574,2013-12-01 00:00:00.000000000
400,Pagado,2017-03-01,1,2548,1574,2015-08-01 00:00:00.000000000
400,Pagado,2018-11-01,1,2548,1574,2017-04-01 00:00:00.000000000
500,Pagado,2020-12-01,1,2548,1574,2018-12-01 00:00:00.000000000
60,Pagado,2005-10-01,1,2548,1575,2005-08-01 00:00:00.000000000
40,Pagado,2005-12-01,1,2548,1575,2005-11-01 00:00:00.000000000
160,Pagado,2007-08-01,1,2548,1575,2007-01-01 00:00:00.000000000
520,Pagado,2008-10-01,1,2548,1575,2006-09-01 00:00:00.000000000
20,Pagado,2008-11-01,1,2548,1575,2008-11-01 00:00:00.000000000
100,Pagado,2009-04-01,1,2548,1575,2008-12-01 00:00:00.000000000
240,Pagado,2010-04-01,1,2548,1575,2009-05-01 00:00:00.000000000
240,Pagado,2011-04-01,1,2548,1575,2010-05-01 00:00:00.000000000
260,Pagado,2012-02-01,1,2548,1575,2011-05-01 00:00:00.000000000
500,Pagado,2014-03-01,1,2548,1575,2012-03-01 00:00:00.000000000
500,Pagado,2016-04-01,1,2548,1575,2014-04-01 00:00:00.000000000
500,Pagado,2018-05-01,1,2548,1575,2016-05-01 00:00:00.000000000
700,Pagado,2021-04-01,1,2548,1575,2018-06-01 00:00:00.000000000
90,Pagado,2025-12-01,1,2548,1575,2025-10-01 00:00:00.000000000
100,Pagado,2005-12-01,1,2548,1576,2005-08-01 00:00:00.000000000
300,Pagado,2007-03-01,1,2548,1576,2006-01-01 00:00:00.000000000
180,Pagado,2007-12-01,1,2548,1576,2007-04-01 00:00:00.000000000
420,Pagado,2008-12-01,1,2548,1576,2007-04-01 00:00:00.000000000
220,Pagado,2009-11-01,1,2548,1576,2009-01-01 00:00:00.000000000
20,Pagado,2009-12-01,1,2548,1576,2009-12-01 00:00:00.000000000
240,Pagado,2010-12-01,1,2548,1576,2010-01-01 00:00:00.000000000
240,Pagado,2011-12-01,1,2548,1576,2011-01-01 00:00:00.000000000
240,Pagado,2012-12-01,1,2548,1576,2012-01-01 00:00:00.000000000
240,Pagado,2013-12-01,1,2548,1576,2013-01-01 00:00:00.000000000
240,Pagado,2014-12-01,1,2548,1576,2014-01-01 00:00:00.000000000
240,Pagado,2015-12-01,1,2548,1576,2015-01-01 00:00:00.000000000
240,Pagado,2017-12-01,1,2548,1576,2017-01-01 00:00:00.000000000
240,Pagado,2018-12-01,1,2548,1576,2018-01-01 00:00:00.000000000
240,Pagado,2019-12-01,1,2548,1576,2019-01-01 00:00:00.000000000
240,Pagado,2020-12-01,1,2548,1576,2020-01-01 00:00:00.000000000
240,Pagado,2021-12-01,1,2548,1576,2021-01-01 00:00:00.000000000
240,Pagado,2022-12-01,1,2548,1576,2022-01-01 00:00:00.000000000
240,Pagado,2023-12-01,1,2548,1576,2023-01-01 00:00:00.000000000
360,Pagado,2024-12-01,1,2548,1576,2024-01-01 00:00:00.000000000
360,Pagado,2025-12-01,1,2548,1576,2025-01-01 00:00:00.000000000
100,Pagado,2005-12-01,1,2548,1577,2005-08-01 00:00:00.000000000
100,Pagado,2006-05-01,1,2548,1577,2006-01-01 00:00:00.000000000
40,Pagado,2006-07-01,1,2548,1577,2006-06-01 00:00:00.000000000
100,Pagado,2006-12-01,1,2548,1577,2006-08-01 00:00:00.000000000
20,Pagado,2007-01-01,1,2548,1577,2007-01-01 00:00:00.000000000
20,Pagado,2007-02-01,1,2548,1577,2007-02-01 00:00:00.000000000
20,Pagado,2007-03-01,1,2548,1577,2007-03-01 00:00:00.000000000
60,Pagado,2007-07-01,1,2548,1577,2007-04-01 00:00:00.000000000
120,Pagado,2007-12-01,1,2548,1577,2007-07-01 00:00:00.000000000
20,Pagado,2008-01-01,1,2548,1577,2008-01-01 00:00:00.000000000
40,Pagado,2008-03-01,1,2548,1577,2008-02-01 00:00:00.000000000
80,Pagado,2008-07-01,1,2548,1577,2008-04-01 00:00:00.000000000
100,Pagado,2008-12-01,1,2548,1577,2008-08-01 00:00:00.000000000
200,Pagado,2009-10-01,1,2548,1577,2009-01-01 00:00:00.000000000
20,Pagado,2009-11-01,1,2548,1577,2009-11-01 00:00:00.000000000
240,Pagado,2010-11-01,1,2548,1577,2009-12-01 00:00:00.000000000
240,Pagado,2011-11-01,1,2548,1577,2010-12-01 00:00:00.000000000
240,Pagado,2012-11-01,1,2548,1577,2011-12-01 00:00:00.000000000
240,Pagado,2013-11-01,1,2548,1577,2012-12-01 00:00:00.000000000
240,Pagado,2014-11-01,1,2548,1577,2013-12-01 00:00:00.000000000
240,Pagado,2015-11-01,1,2548,1577,2014-12-01 00:00:00.000000000
240,Pagado,2016-11-01,1,2548,1577,2015-12-01 00:00:00.000000000
240,Pagado,2017-11-01,1,2548,1577,2016-12-01 00:00:00.000000000
240,Pagado,2018-11-01,1,2548,1577,2017-12-01 00:00:00.000000000
240,Pagado,2019-11-01,1,2548,1577,2018-12-01 00:00:00.000000000
120,Pagado,2020-05-01,1,2548,1577,2019-12-01 00:00:00.000000000
100,Pagado,2020-10-01,1,2548,1577,2020-06-01 00:00:00.000000000
60,Pagado,2021-01-01,1,2548,1577,2020-11-01 00:00:00.000000000
240,Pagado,2022-01-01,1,2548,1577,2021-02-01 00:00:00.000000000
220,Pagado,2022-12-01,1,2548,1577,2022-01-01 00:00:00.000000000
240,Pagado,2023-12-01,1,2548,1577,2023-01-01 00:00:00.000000000
120,Pagado,2026-01-01,1,2548,1577,2025-10-01 00:00:00.000000000
100,Pagado,2005-12-01,1,2548,1578,2005-08-01 00:00:00.000000000
240,Pagado,2006-12-01,1,2548,1578,2006-01-01 00:00:00.000000000
240,Pagado,2007-12-01,1,2548,1578,2007-01-01 00:00:00.000000000
200,Pagado,2008-10-01,1,2548,1578,2008-01-01 00:00:00.000000000
100,Pagado,2009-03-01,1,2548,1578,2008-11-01 00:00:00.000000000
160,Pagado,2009-11-01,1,2548,1578,2009-04-01 00:00:00.000000000
120,Pagado,2010-05-01,1,2548,1578,2009-12-01 00:00:00.000000000
140,Pagado,2010-12-01,1,2548,1578,2010-06-01 00:00:00.000000000
60,Pagado,2011-03-01,1,2548,1578,2011-01-01 00:00:00.000000000
100,Pagado,2011-08-01,1,2548,1578,2011-04-01 00:00:00.000000000
40,Pagado,2011-10-01,1,2548,1578,2011-09-01 00:00:00.000000000
500,Pagado,2013-11-01,1,2548,1578,2011-11-01 00:00:00.000000000
200,Pagado,2014-09-01,1,2548,1578,2013-12-01 00:00:00.000000000
240,Pagado,2015-09-01,1,2548,1578,2014-10-01 00:00:00.000000000
210,Pagado,2024-12-01,1,2548,1578,2024-06-01 00:00:00.000000000
210,Pagado,2025-07-01,1,2548,1578,2025-01-01 00:00:00.000000000
90,Pagado,2025-12-01,1,2548,1578,2025-10-01 00:00:00.000000000
500,Pagado,2007-08-01,1,2548,1579,2005-08-01 00:00:00.000000000
600,Pagado,2010-02-01,1,2548,1579,2007-09-01 00:00:00.000000000
600,Pagado,2012-08-01,1,2548,1579,2010-03-01 00:00:00.000000000
600,Pagado,2015-02-01,1,2548,1579,2012-09-01 00:00:00.000000000
600,Pagado,2017-08-01,1,2548,1579,2015-03-01 00:00:00.000000000
300,Pagado,2018-11-01,1,2548,1579,2017-09-01 00:00:00.000000000
300,Pagado,2020-02-01,1,2548,1579,2018-12-01 00:00:00.000000000
100,Pagado,2020-07-01,1,2548,1579,2020-03-01 00:00:00.000000000
320,Pagado,2021-11-01,1,2548,1579,2020-08-01 00:00:00.000000000
2000,Pagado,2013-11-01,1,2548,1580,2005-08-01 00:00:00.000000000
240,Pagado,2014-11-01,1,2548,1580,2013-12-01 00:00:00.000000000
240,Pagado,2015-11-01,1,2548,1580,2014-12-01 00:00:00.000000000
240,Pagado,2016-11-01,1,2548,1580,2015-12-01 00:00:00.000000000
240,Pagado,2017-11-01,1,2548,1580,2016-12-01 00:00:00.000000000
240,Pagado,2018-11-01,1,2548,1580,2017-12-01 00:00:00.000000000
240,Pagado,2019-11-01,1,2548,1580,2018-12-01 00:00:00.000000000
240,Pagado,2020-11-01,1,2548,1580,2019-12-01 00:00:00.000000000
240,Pagado,2021-11-01,1,2548,1580,2020-12-01 00:00:00.000000000
240,Pagado,2022-11-01,1,2548,1580,2021-12-01 00:00:00.000000000
160,Pagado,2023-07-01,1,2548,1580,2022-12-01 00:00:00.000000000
480,Pagado,2007-07-01,1,2548,1582,2005-08-01 00:00:00.000000000
340,Pagado,2006-12-01,1,2548,1584,2005-08-01 00:00:00.000000000
500,Pagado,2009-01-01,1,2548,1584,2007-01-01 00:00:00.000000000
200,Pagado,2009-09-01,1,2548,1586,2008-12-01 00:00:00.000000000
320,Pagado,2006-11-01,1,2548,1587,2005-08-01 00:00:00.000000000
1000,Pagado,2011-01-01,1,2548,1587,2006-12-01 00:00:00.000000000
800,Pagado,2014-05-01,1,2548,1587,2011-02-01 00:00:00.000000000
40,Pagado,2014-10-01,1,2548,1587,2014-09-01 00:00:00.000000000
220,Pagado,2006-06-01,1,2548,1588,2005-08-01 00:00:00.000000000
100,Pagado,2006-11-01,1,2548,1588,2006-07-01 00:00:00.000000000
260,Pagado,2007-12-01,1,2548,1588,2006-12-01 00:00:00.000000000
240,Pagado,2008-12-01,1,2548,1588,2008-01-01 00:00:00.000000000
40,Pagado,2009-02-01,1,2548,1588,2009-01-01 00:00:00.000000000
20,Pagado,2009-03-01,1,2548,1588,2009-03-01 00:00:00.000000000
20,Pagado,2009-04-01,1,2548,1588,2009-04-01 00:00:00.000000000
20,Pagado,2009-05-01,1,2548,1588,2009-05-01 00:00:00.000000000
20,Pagado,2009-06-01,1,2548,1588,2009-06-01 00:00:00.000000000
20,Pagado,2009-07-01,1,2548,1588,2009-07-01 00:00:00.000000000
20,Pagado,2009-08-01,1,2548,1588,2009-08-01 00:00:00.000000000
20,Pagado,2009-09-01,1,2548,1588,2009-09-01 00:00:00.000000000
20,Pagado,2009-10-01,1,2548,1588,2009-10-01 00:00:00.000000000
20,Pagado,2009-11-01,1,2548,1588,2009-11-01 00:00:00.000000000
20,Pagado,2009-12-01,1,2548,1588,2009-12-01 00:00:00.000000000
20,Pagado,2010-01-01,1,2548,1588,2010-01-01 00:00:00.000000000
20,Pagado,2010-02-01,1,2548,1588,2010-02-01 00:00:00.000000000
20,Pagado,2010-03-01,1,2548,1588,2010-03-01 00:00:00.000000000
20,Pagado,2010-04-01,1,2548,1588,2010-04-01 00:00:00.000000000
20,Pagado,2010-05-01,1,2548,1588,2010-05-01 00:00:00.000000000
20,Pagado,2010-06-01,1,2548,1588,2010-06-01 00:00:00.000000000
20,Pagado,2010-07-01,1,2548,1588,2010-07-01 00:00:00.000000000
20,Pagado,2010-08-01,1,2548,1588,2010-08-01 00:00:00.000000000
20,Pagado,2010-09-01,1,2548,1588,2010-09-01 00:00:00.000000000
20,Pagado,2010-11-01,1,2548,1588,2010-11-01 00:00:00.000000000
20,Pagado,2010-12-01,1,2548,1588,2010-12-01 00:00:00.000000000
20,Pagado,2011-01-01,1,2548,1588,2011-01-01 00:00:00.000000000
100,Pagado,2011-06-01,1,2548,1588,2011-02-01 00:00:00.000000000
20,Pagado,2011-10-01,1,2548,1588,2011-10-01 00:00:00.000000000
120,Pagado,2011-12-01,1,2548,1588,2011-07-01 00:00:00.000000000
20,Pagado,2012-01-01,1,2548,1588,2012-01-01 00:00:00.000000000
40,Pagado,2012-03-01,1,2548,1588,2012-02-01 00:00:00.000000000
40,Pagado,2012-05-01,1,2548,1588,2012-04-01 00:00:00.000000000
40,Pagado,2012-07-01,1,2548,1588,2012-06-01 00:00:00.000000000
40,Pagado,2012-09-01,1,2548,1588,2012-08-01 00:00:00.000000000
60,Pagado,2012-12-01,1,2548,1588,2012-10-01 00:00:00.000000000
100,Pagado,2013-05-01,1,2548,1588,2013-01-01 00:00:00.000000000
120,Pagado,2013-11-01,1,2548,1588,2013-06-01 00:00:00.000000000
100,Pagado,2014-04-01,1,2548,1588,2013-12-01 00:00:00.000000000
40,Pagado,2014-06-01,1,2548,1588,2014-05-01 00:00:00.000000000
40,Pagado,2014-08-01,1,2548,1588,2014-07-01 00:00:00.000000000
20,Pagado,2014-09-01,1,2548,1588,2014-09-01 00:00:00.000000000
20,Pagado,2014-10-01,1,2548,1588,2014-10-01 00:00:00.000000000
40,Pagado,2014-12-01,1,2548,1588,2014-11-01 00:00:00.000000000
80,Pagado,2015-04-01,1,2548,1588,2015-01-01 00:00:00.000000000
60,Pagado,2015-12-01,1,2548,1588,2015-10-01 00:00:00.000000000
60,Pagado,2016-03-01,1,2548,1588,2016-01-01 00:00:00.000000000
180,Pagado,2016-12-01,1,2548,1588,2016-04-01 00:00:00.000000000
40,Pagado,2017-02-01,1,2548,1588,2017-01-01 00:00:00.000000000
100,Pagado,2017-07-01,1,2548,1588,2017-03-01 00:00:00.000000000
100,Pagado,2017-12-01,1,2548,1588,2017-08-01 00:00:00.000000000
100,Pagado,2018-05-01,1,2548,1588,2018-01-01 00:00:00.000000000
60,Pagado,2018-08-01,1,2548,1588,2018-06-01 00:00:00.000000000
80,Pagado,2018-12-01,1,2548,1588,2018-09-01 00:00:00.000000000
80,Pagado,2019-04-01,1,2548,1588,2019-01-01 00:00:00.000000000
160,Pagado,2019-12-01,1,2548,1588,2019-05-01 00:00:00.000000000
200,Pagado,2020-10-01,1,2548,1588,2020-01-01 00:00:00.000000000
40,Pagado,2020-12-01,1,2548,1588,2020-11-01 00:00:00.000000000
100,Pagado,2021-05-01,1,2548,1588,2021-01-01 00:00:00.000000000
140,Pagado,2021-12-01,1,2548,1588,2021-06-01 00:00:00.000000000
100,Pagado,2022-05-01,1,2548,1588,2022-01-01 00:00:00.000000000
140,Pagado,2022-12-01,1,2548,1588,2022-06-01 00:00:00.000000000
100,Pagado,2023-05-01,1,2548,1588,2023-01-01 00:00:00.000000000
140,Pagado,2023-12-01,1,2548,1588,2023-06-01 00:00:00.000000000
90,Pagado,2024-03-01,1,2548,1588,2024-01-01 00:00:00.000000000
90,Pagado,2024-06-01,1,2548,1588,2024-04-01 00:00:00.000000000
120,Pagado,2024-10-01,1,2548,1588,2024-07-01 00:00:00.000000000
60,Pagado,2024-12-01,1,2548,1588,2024-11-01 00:00:00.000000000
150,Pagado,2025-05-01,1,2548,1588,2025-01-01 00:00:00.000000000
150,Pagado,2025-10-01,1,2548,1588,2025-06-01 00:00:00.000000000
60,Pagado,2025-12-01,1,2548,1588,2025-11-01 00:00:00.000000000
100,Pagado,2005-12-01,1,2548,1591,2005-08-01 00:00:00.000000000
40,Pagado,2005-10-01,1,2548,1592,2005-09-01 00:00:00.000000000
300,Pagado,2006-11-01,1,2548,1592,2005-09-01 00:00:00.000000000
200,Pagado,2006-05-01,1,2548,1595,2005-08-01 00:00:00.000000000
500,Pagado,2008-06-01,1,2548,1595,2006-06-01 00:00:00.000000000
140,Pagado,2009-01-01,1,2548,1595,2008-07-01 00:00:00.000000000
40,Pagado,2005-10-01,1,2548,1596,2005-09-01 00:00:00.000000000
40,Pagado,2005-12-01,1,2548,1596,2005-11-01 00:00:00.000000000
40,Pagado,2006-02-01,1,2548,1596,2006-01-01 00:00:00.000000000
40,Pagado,2006-04-01,1,2548,1596,2006-03-01 00:00:00.000000000
160,Pagado,2006-12-01,1,2548,1596,2006-05-01 00:00:00.000000000
100,Pagado,2009-03-01,1,2548,1596,2008-11-01 00:00:00.000000000
560,Pagado,2011-07-01,1,2548,1596,2005-04-01 00:00:00.000000000
100,Pagado,2011-12-01,1,2548,1596,2011-08-01 00:00:00.000000000
100,Pagado,2012-05-01,1,2548,1596,2012-01-01 00:00:00.000000000
100,Pagado,2012-10-01,1,2548,1596,2012-06-01 00:00:00.000000000
100,Pagado,2013-03-01,1,2548,1596,2012-11-01 00:00:00.000000000
100,Pagado,2013-08-01,1,2548,1596,2013-04-01 00:00:00.000000000
100,Pagado,2014-01-01,1,2548,1596,2013-09-01 00:00:00.000000000
100,Pagado,2014-06-01,1,2548,1596,2014-02-01 00:00:00.000000000
40,Pagado,2014-08-01,1,2548,1596,2014-07-01 00:00:00.000000000
80,Pagado,2014-12-01,1,2548,1596,2014-09-01 00:00:00.000000000
20,Pagado,2015-01-01,1,2548,1596,2015-01-01 00:00:00.000000000
20,Pagado,2015-02-01,1,2548,1596,2015-02-01 00:00:00.000000000
40,Pagado,2015-04-01,1,2548,1596,2015-03-01 00:00:00.000000000
20,Pagado,2015-05-01,1,2548,1596,2015-05-01 00:00:00.000000000
60,Pagado,2015-08-01,1,2548,1596,2015-06-01 00:00:00.000000000
80,Pagado,2015-12-01,1,2548,1596,2015-09-01 00:00:00.000000000
60,Pagado,2016-03-01,1,2548,1596,2016-01-01 00:00:00.000000000
120,Pagado,2016-09-01,1,2548,1596,2016-04-01 00:00:00.000000000
60,Pagado,2016-12-01,1,2548,1596,2016-10-01 00:00:00.000000000
220,Pagado,2017-11-01,1,2548,1596,2017-01-01 00:00:00.000000000
20,Pagado,2017-12-01,1,2548,1596,2017-12-01 00:00:00.000000000
60,Pagado,2018-03-01,1,2548,1596,2018-01-01 00:00:00.000000000
20,Pagado,2018-04-01,1,2548,1596,2018-04-01 00:00:00.000000000
60,Pagado,2018-06-01,1,2548,1596,2018-04-01 00:00:00.000000000
120,Pagado,2018-12-01,1,2548,1596,2018-07-01 00:00:00.000000000
240,Pagado,2019-12-01,1,2548,1596,2019-01-01 00:00:00.000000000
100,Pagado,2020-05-01,1,2548,1596,2020-01-01 00:00:00.000000000
80,Pagado,2020-09-01,1,2548,1596,2020-06-01 00:00:00.000000000
60,Pagado,2020-12-01,1,2548,1596,2020-10-01 00:00:00.000000000
100,Pagado,2021-05-01,1,2548,1596,2021-01-01 00:00:00.000000000
140,Pagado,2021-12-01,1,2548,1596,2021-06-01 00:00:00.000000000
120,Pagado,2022-06-01,1,2548,1596,2022-01-01 00:00:00.000000000
120,Pagado,2022-12-01,1,2548,1596,2022-07-01 00:00:00.000000000
100,Pagado,2023-05-01,1,2548,1596,2023-01-01 00:00:00.000000000
140,Pagado,2023-12-01,1,2548,1596,2023-06-01 00:00:00.000000000
360,Pagado,2024-12-01,1,2548,1596,2024-01-01 00:00:00.000000000
300,Pagado,2025-10-01,1,2548,1596,2025-01-01 00:00:00.000000000
60,Pagado,2025-12-01,1,2548,1596,2025-11-01 00:00:00.000000000
60,Pagado,2003-12-01,1,2548,1597,2007-10-01 00:00:00.000000000
100,Pagado,2006-01-01,1,2548,1597,2005-09-01 00:00:00.000000000
100,Pagado,2006-06-01,1,2548,1597,2006-02-01 00:00:00.000000000
100,Pagado,2006-11-01,1,2548,1597,2006-07-01 00:00:00.000000000
60,Pagado,2007-02-01,1,2548,1597,2006-12-01 00:00:00.000000000
140,Pagado,2007-09-01,1,2548,1597,2007-03-01 00:00:00.000000000
80,Pagado,2008-11-01,1,2548,1597,2008-08-01 00:00:00.000000000
80,Pagado,2009-03-01,1,2548,1597,2008-12-01 00:00:00.000000000
160,Pagado,2009-11-01,1,2548,1597,2009-04-01 00:00:00.000000000
60,Pagado,2010-02-01,1,2548,1597,2009-12-01 00:00:00.000000000
60,Pagado,2010-05-01,1,2548,1597,2010-03-01 00:00:00.000000000
120,Pagado,2010-11-01,1,2548,1597,2010-06-01 00:00:00.000000000
60,Pagado,2011-02-01,1,2548,1597,2010-12-01 00:00:00.000000000
100,Pagado,2011-07-01,1,2548,1597,2011-03-01 00:00:00.000000000
80,Pagado,2011-11-01,1,2548,1597,2011-08-01 00:00:00.000000000
20,Pagado,2011-12-01,1,2548,1597,2011-12-01 00:00:00.000000000
20,Pagado,2012-01-01,1,2548,1597,2012-01-01 00:00:00.000000000
40,Pagado,2012-03-01,1,2548,1597,2012-02-01 00:00:00.000000000
40,Pagado,2012-05-01,1,2548,1597,2012-04-01 00:00:00.000000000
120,Pagado,2012-11-01,1,2548,1597,2012-06-01 00:00:00.000000000
20,Pagado,2012-12-01,1,2548,1597,2012-12-01 00:00:00.000000000
60,Pagado,2013-03-01,1,2548,1597,2013-01-01 00:00:00.000000000
60,Pagado,2013-06-01,1,2548,1597,2013-04-01 00:00:00.000000000
100,Pagado,2013-11-01,1,2548,1597,2013-07-01 00:00:00.000000000
40,Pagado,2014-01-01,1,2548,1597,2013-12-01 00:00:00.000000000
20,Pagado,2014-02-01,1,2548,1597,2014-02-01 00:00:00.000000000
20,Pagado,2014-03-01,1,2548,1597,2014-03-01 00:00:00.000000000
100,Pagado,2014-08-01,1,2548,1597,2014-04-01 00:00:00.000000000
20,Pagado,2014-11-01,1,2548,1597,2014-11-01 00:00:00.000000000
40,Pagado,2015-01-01,1,2548,1597,2014-12-01 00:00:00.000000000
160,Pagado,2015-11-01,1,2548,1597,2015-04-01 00:00:00.000000000
60,Pagado,2016-02-01,1,2548,1597,2015-12-01 00:00:00.000000000
100,Pagado,2016-07-01,1,2548,1597,2016-03-01 00:00:00.000000000
80,Pagado,2016-11-01,1,2548,1597,2016-08-01 00:00:00.000000000
40,Pagado,2017-01-01,1,2548,1597,2016-12-01 00:00:00.000000000
40,Pagado,2017-03-01,1,2548,1597,2017-02-01 00:00:00.000000000
100,Pagado,2017-08-01,1,2548,1597,2017-04-01 00:00:00.000000000
60,Pagado,2017-11-01,1,2548,1597,2017-09-01 00:00:00.000000000
60,Pagado,2018-02-01,1,2548,1597,2017-12-01 00:00:00.000000000
200,Pagado,2018-12-01,1,2548,1597,2018-03-01 00:00:00.000000000
100,Pagado,2019-05-01,1,2548,1597,2019-01-01 00:00:00.000000000
60,Pagado,2019-08-01,1,2548,1597,2019-06-01 00:00:00.000000000
60,Pagado,2019-11-01,1,2548,1597,2019-09-01 00:00:00.000000000
20,Pagado,2019-12-01,1,2548,1597,2019-12-01 00:00:00.000000000
60,Pagado,2020-03-01,1,2548,1597,2020-01-01 00:00:00.000000000
140,Pagado,2020-10-01,1,2548,1597,2020-04-01 00:00:00.000000000
40,Pagado,2020-12-01,1,2548,1597,2020-11-01 00:00:00.000000000
40,Pagado,2021-02-01,1,2548,1597,2021-01-01 00:00:00.000000000
20,Pagado,2021-03-01,1,2548,1597,2021-03-01 00:00:00.000000000
120,Pagado,2021-09-01,1,2548,1597,2021-04-01 00:00:00.000000000
60,Pagado,2021-12-01,1,2548,1597,2021-10-01 00:00:00.000000000
20,Pagado,2022-01-01,1,2548,1597,2022-01-01 00:00:00.000000000
20,Pagado,2022-02-01,1,2548,1597,2022-02-01 00:00:00.000000000
20,Pagado,2022-03-01,1,2548,1597,2022-03-01 00:00:00.000000000
20,Pagado,2022-04-01,1,2548,1597,2022-04-01 00:00:00.000000000
20,Pagado,2022-05-01,1,2548,1597,2022-05-01 00:00:00.000000000
20,Pagado,2022-06-01,1,2548,1597,2022-06-01 00:00:00.000000000
20,Pagado,2022-07-01,1,2548,1597,2022-07-01 00:00:00.000000000
20,Pagado,2022-08-01,1,2548,1597,2022-08-01 00:00:00.000000000
20,Pagado,2022-09-01,1,2548,1597,2022-09-01 00:00:00.000000000
20,Pagado,2022-10-01,1,2548,1597,2022-10-01 00:00:00.000000000
40,Pagado,2022-12-01,1,2548,1597,2022-11-01 00:00:00.000000000
20,Pagado,2023-01-01,1,2548,1597,2023-01-01 00:00:00.000000000
20,Pagado,2023-02-01,1,2548,1597,2023-02-01 00:00:00.000000000
20,Pagado,2023-03-01,1,2548,1597,2023-03-01 00:00:00.000000000
20,Pagado,2023-04-01,1,2548,1597,2023-04-01 00:00:00.000000000
40,Pagado,2023-06-01,1,2548,1597,2023-05-01 00:00:00.000000000
60,Pagado,2023-09-01,1,2548,1597,2023-07-01 00:00:00.000000000
60,Pagado,2023-12-01,1,2548,1597,2023-10-01 00:00:00.000000000
30,Pagado,2024-01-01,1,2548,1597,2024-01-01 00:00:00.000000000
60,Pagado,2024-03-01,1,2548,1597,2024-02-01 00:00:00.000000000
120,Pagado,2024-07-01,1,2548,1597,2024-04-01 00:00:00.000000000
150,Pagado,2024-12-01,1,2548,1597,2024-08-01 00:00:00.000000000
30,Pagado,2025-01-01,1,2548,1597,2025-01-01 00:00:00.000000000
30,Pagado,2025-02-01,1,2548,1597,2025-02-01 00:00:00.000000000
90,Pagado,2025-05-01,1,2548,1597,2025-03-01 00:00:00.000000000
120,Pagado,2025-09-01,1,2548,1597,2025-06-01 00:00:00.000000000
60,Pagado,2025-11-01,1,2548,1597,2025-10-01 00:00:00.000000000
30,Pagado,2025-12-01,1,2548,1597,2025-12-01 00:00:00.000000000
30,Pagado,2026-01-01,1,2548,1597,2026-01-01 00:00:00.000000000
100,Pagado,2006-01-01,1,2548,1598,2005-09-01 00:00:00.000000000
240,Pagado,2007-01-01,1,2548,1598,2007-02-01 00:00:00.000000000
120,Pagado,2007-07-01,1,2548,1598,2007-02-01 00:00:00.000000000
60,Pagado,2007-10-01,1,2548,1598,2007-08-01 00:00:00.000000000
300,Pagado,2009-01-01,1,2548,1598,2007-11-01 00:00:00.000000000
400,Pagado,2010-09-01,1,2548,1598,2009-02-01 00:00:00.000000000
500,Pagado,2012-10-01,1,2548,1598,2010-10-01 00:00:00.000000000
100,Pagado,2013-03-01,1,2548,1598,2012-11-01 00:00:00.000000000
280,Pagado,2014-05-01,1,2548,1598,2013-04-01 00:00:00.000000000
100,Pagado,2014-10-01,1,2548,1598,2014-06-01 00:00:00.000000000
100,Pagado,2015-03-01,1,2548,1598,2014-11-01 00:00:00.000000000
100,Pagado,2015-08-01,1,2548,1598,2015-04-01 00:00:00.000000000
100,Pagado,2016-01-01,1,2548,1598,2015-09-01 00:00:00.000000000
40,Pagado,2005-10-01,1,2548,1599,2005-09-01 00:00:00.000000000
1000,Pagado,2009-12-01,1,2548,1599,2005-11-01 00:00:00.000000000
200,Pagado,2010-10-01,1,2548,1599,2010-01-01 00:00:00.000000000
100,Pagado,2011-03-01,1,2548,1599,2010-11-01 00:00:00.000000000
100,Pagado,2011-08-01,1,2548,1599,2011-04-01 00:00:00.000000000
100,Pagado,2012-01-01,1,2548,1599,2011-09-01 00:00:00.000000000
40,Pagado,2005-10-01,1,2548,1600,2005-09-01 00:00:00.000000000
320,Pagado,2007-02-01,1,2548,1600,2005-11-01 00:00:00.000000000
140,Pagado,2007-09-01,1,2548,1600,2007-03-01 00:00:00.000000000
200,Pagado,2008-07-01,1,2548,1600,2007-10-01 00:00:00.000000000
20,Pagado,2008-08-01,1,2548,1600,2008-08-01 00:00:00.000000000
200,Pagado,2009-06-01,1,2548,1600,2008-09-01 00:00:00.000000000
80,Pagado,2005-12-01,1,2548,1602,2005-09-01 00:00:00.000000000
100,Pagado,2006-05-01,1,2548,1602,2006-01-01 00:00:00.000000000
140,Pagado,2006-12-01,1,2548,1602,2006-06-01 00:00:00.000000000
60,Pagado,2007-03-01,1,2548,1602,2007-01-01 00:00:00.000000000
300,Pagado,2006-11-01,1,2548,1603,2005-09-01 00:00:00.000000000
260,Pagado,2007-12-01,1,2548,1603,2006-12-01 00:00:00.000000000
200,Pagado,2008-10-01,1,2548,1603,2008-01-01 00:00:00.000000000
120,Pagado,2010-10-01,1,2548,1603,2010-05-01 00:00:00.000000000
360,Pagado,2010-12-01,1,2548,1603,2008-11-01 00:00:00.000000000
240,Pagado,2011-10-01,1,2548,1603,2010-11-01 00:00:00.000000000
200,Pagado,2012-08-01,1,2548,1603,2011-11-01 00:00:00.000000000
160,Pagado,2013-04-01,1,2548,1603,2012-09-01 00:00:00.000000000
200,Pagado,2006-07-01,1,2548,1605,2005-10-01 00:00:00.000000000
260,Pagado,2007-08-01,1,2548,1605,2006-08-01 00:00:00.000000000
100,Pagado,2006-01-01,1,2548,1606,2005-09-01 00:00:00.000000000
200,Pagado,2006-11-01,1,2548,1606,2006-02-01 00:00:00.000000000
40,Pagado,2005-10-01,1,2548,1607,2005-09-01 00:00:00.000000000
320,Pagado,2006-12-01,1,2548,1608,1905-06-27 00:00:00.000000000
60,Pagado,2005-11-01,1,2548,1609,2005-09-01 00:00:00.000000000
500,Pagado,2007-12-01,1,2548,1609,2005-12-01 00:00:00.000000000
240,Pagado,2008-12-01,1,2548,1609,2008-01-01 00:00:00.000000000
40,Pagado,2005-10-01,1,2548,1610,2005-09-01 00:00:00.000000000
40,Pagado,2005-12-01,1,2548,1610,2005-11-01 00:00:00.000000000
220,Pagado,2006-11-01,1,2548,1610,2006-01-01 00:00:00.000000000
60,Pagado,2007-02-01,1,2548,1610,2006-12-01 00:00:00.000000000
60,Pagado,2007-05-01,1,2548,1610,2007-03-01 00:00:00.000000000
140,Pagado,2007-12-01,1,2548,1610,2007-06-01 00:00:00.000000000
100,Pagado,2008-05-01,1,2548,1610,2008-01-01 00:00:00.000000000
80,Pagado,2008-09-01,1,2548,1610,2008-06-01 00:00:00.000000000
20,Pagado,2008-10-01,1,2548,1610,2008-10-01 00:00:00.000000000
240,Pagado,2009-11-01,1,2548,1610,2008-12-01 00:00:00.000000000
240,Pagado,2010-11-01,1,2548,1610,2009-12-01 00:00:00.000000000
120,Pagado,2006-02-01,1,2548,1611,2005-09-01 00:00:00.000000000
200,Pagado,2006-12-01,1,2548,1611,2006-03-01 00:00:00.000000000
240,Pagado,2007-12-01,1,2548,1611,2007-01-01 00:00:00.000000000
20,Pagado,2008-01-01,1,2548,1611,2008-01-01 00:00:00.000000000
120,Pagado,2008-06-01,1,2548,1611,2008-01-01 00:00:00.000000000
120,Pagado,2008-12-01,1,2548,1611,2008-07-01 00:00:00.000000000
220,Pagado,2009-12-01,1,2548,1611,2009-02-01 00:00:00.000000000
240,Pagado,2010-12-01,1,2548,1611,2010-01-01 00:00:00.000000000
100,Pagado,2006-01-01,1,2548,1612,2005-09-01 00:00:00.000000000
20,Pagado,2006-02-01,1,2548,1612,2006-02-01 00:00:00.000000000
20,Pagado,2006-04-01,1,2548,1612,2006-04-01 00:00:00.000000000
500,Pagado,2007-10-01,1,2548,1613,2005-10-01 00:00:00.000000000
240,Pagado,2008-10-01,1,2548,1613,2007-11-01 00:00:00.000000000
20,Pagado,2009-11-01,1,2548,1613,2009-11-01 00:00:00.000000000
260,Pagado,2010-12-01,1,2548,1613,2009-12-01 00:00:00.000000000
240,Pagado,2011-12-01,1,2548,1613,2011-01-01 00:00:00.000000000
240,Pagado,2012-12-01,1,2548,1613,2012-01-01 00:00:00.000000000
240,Pagado,2013-12-01,1,2548,1613,2013-01-01 00:00:00.000000000
240,Pagado,2014-12-01,1,2548,1613,2014-01-01 00:00:00.000000000
240,Pagado,2016-12-01,1,2548,1613,2016-01-01 00:00:00.000000000
241,Pagado,2017-12-01,1,2548,1613,2017-01-01 00:00:00.000000000
240,Pagado,2018-12-01,1,2548,1613,2018-01-01 00:00:00.000000000
480,Pagado,2020-12-01,1,2548,1613,2019-01-01 00:00:00.000000000
240,Pagado,2021-12-01,1,2548,1613,2021-01-01 00:00:00.000000000
240,Pagado,2022-12-01,1,2548,1613,2022-01-01 00:00:00.000000000
240,Pagado,2023-12-01,1,2548,1613,2023-01-01 00:00:00.000000000
360,Pagado,2024-12-01,1,2548,1613,2024-01-01 00:00:00.000000000
90,Pagado,2025-12-01,1,2548,1613,2025-10-01 00:00:00.000000000
80,Pagado,2005-12-01,1,2548,1614,2005-09-01 00:00:00.000000000
240,Pagado,2006-12-01,1,2548,1614,2006-01-01 00:00:00.000000000
40,Pagado,2007-03-01,1,2548,1614,2007-02-01 00:00:00.000000000
240,Pagado,2009-11-01,1,2548,1614,2008-12-01 00:00:00.000000000
40,Pagado,2010-01-01,1,2548,1614,2009-12-01 00:00:00.000000000
80,Pagado,2010-05-01,1,2548,1614,2010-02-01 00:00:00.000000000
120,Pagado,2010-11-01,1,2548,1614,2010-06-01 00:00:00.000000000
240,Pagado,2011-11-01,1,2548,1614,2010-12-01 00:00:00.000000000
240,Pagado,2012-11-01,1,2548,1614,2011-12-01 00:00:00.000000000
240,Pagado,2013-11-01,1,2548,1614,2013-12-01 00:00:00.000000000
240,Pagado,2014-11-01,1,2548,1614,2013-12-01 00:00:00.000000000
260,Pagado,2015-12-01,1,2548,1614,2014-12-01 00:00:00.000000000
140,Pagado,2016-07-01,1,2548,1614,2016-01-01 00:00:00.000000000
100,Pagado,2016-12-01,1,2548,1614,2016-08-01 00:00:00.000000000
240,Pagado,2017-12-01,1,2548,1614,2017-01-01 00:00:00.000000000
140,Pagado,2018-07-01,1,2548,1614,2018-01-01 00:00:00.000000000
100,Pagado,2018-12-01,1,2548,1614,2018-08-01 00:00:00.000000000
240,Pagado,2019-12-01,1,2548,1614,2019-01-01 00:00:00.000000000
240,Pagado,2020-12-01,1,2548,1614,2020-01-01 00:00:00.000000000
200,Pagado,2021-10-01,1,2548,1614,2021-01-01 00:00:00.000000000
40,Pagado,2021-12-01,1,2548,1614,2021-11-01 00:00:00.000000000
240,Pagado,2022-12-01,1,2548,1614,2022-01-01 00:00:00.000000000
240,Pagado,2023-12-01,1,2548,1614,2023-01-01 00:00:00.000000000
360,Pagado,2024-12-01,1,2548,1614,2024-01-01 00:00:00.000000000
360,Pagado,2025-12-01,1,2548,1614,2025-01-01 00:00:00.000000000
200,Pagado,2006-07-01,1,2548,1615,2005-10-01 00:00:00.000000000
240,Pagado,2007-07-01,1,2548,1615,2006-08-01 00:00:00.000000000
140,Pagado,2008-02-01,1,2548,1615,2007-08-01 00:00:00.000000000
200,Pagado,2008-12-01,1,2548,1615,2008-03-01 00:00:00.000000000
100,Pagado,2009-05-01,1,2548,1615,2009-01-01 00:00:00.000000000
100,Pagado,2009-10-01,1,2548,1615,2009-06-01 00:00:00.000000000
300,Pagado,2011-01-01,1,2548,1615,2009-11-01 00:00:00.000000000
500,Pagado,2011-06-01,1,2548,1615,2009-06-01 00:00:00.000000000
500,Pagado,2013-02-01,1,2548,1615,2011-02-01 00:00:00.000000000
240,Pagado,2014-02-01,1,2548,1615,2013-03-01 00:00:00.000000000
200,Pagado,2014-12-01,1,2548,1615,2014-03-01 00:00:00.000000000
100,Pagado,2015-05-01,1,2548,1615,2015-01-01 00:00:00.000000000
160,Pagado,2016-01-01,1,2548,1615,2015-06-01 00:00:00.000000000
300,Pagado,2017-04-01,1,2548,1615,2016-02-01 00:00:00.000000000
200,Pagado,2018-01-01,1,2548,1615,2017-04-01 00:00:00.000000000
200,Pagado,2020-07-01,1,2548,1615,2019-10-01 00:00:00.000000000
300,Pagado,2021-10-01,1,2548,1615,2020-08-01 00:00:00.000000000
100,Pagado,2022-03-01,1,2548,1615,2021-11-01 00:00:00.000000000
140,Pagado,2022-10-01,1,2548,1615,2022-04-01 00:00:00.000000000
100,Pagado,2023-03-01,1,2548,1615,2022-11-01 00:00:00.000000000
180,Pagado,2023-12-01,1,2548,1615,2023-04-01 00:00:00.000000000
300,Pagado,2024-10-01,1,2548,1615,2024-01-01 00:00:00.000000000
210,Pagado,2025-05-01,1,2548,1615,2024-11-01 00:00:00.000000000
90,Pagado,2025-12-01,1,2548,1615,2025-10-01 00:00:00.000000000
500,Pagado,2007-10-01,1,2548,1616,2005-10-01 00:00:00.000000000
1000,Pagado,2011-12-01,1,2548,1616,2007-11-01 00:00:00.000000000
240,Pagado,2013-12-01,1,2548,1616,2013-01-01 00:00:00.000000000
240,Pagado,2014-12-01,1,2548,1616,2014-01-01 00:00:00.000000000
240,Pagado,2015-12-01,1,2548,1616,2015-01-01 00:00:00.000000000
240,Pagado,2016-12-01,1,2548,1616,2016-01-01 00:00:00.000000000
240,Pagado,2017-12-01,1,2548,1616,2017-01-01 00:00:00.000000000
480,Pagado,2019-12-01,1,2548,1616,2018-01-01 00:00:00.000000000
540,Pagado,2007-12-01,1,2548,1617,2005-10-01 00:00:00.000000000
20,Pagado,2008-01-01,1,2548,1617,2008-01-01 00:00:00.000000000
20,Pagado,2008-02-01,1,2548,1617,2008-02-01 00:00:00.000000000
360,Pagado,2009-08-01,1,2548,1617,2008-03-01 00:00:00.000000000
140,Pagado,2006-04-01,1,2548,1618,2005-10-01 00:00:00.000000000
240,Pagado,2007-04-01,1,2548,1618,2006-05-01 00:00:00.000000000
200,Pagado,2006-07-01,1,2548,1619,2005-10-01 00:00:00.000000000
400,Pagado,2007-05-01,1,2548,1621,2005-10-01 00:00:00.000000000
700,Pagado,2010-04-01,1,2548,1621,2007-06-01 00:00:00.000000000
300,Pagado,2011-07-01,1,2548,1621,2010-05-01 00:00:00.000000000
100,Pagado,2022-12-01,1,2548,1621,2022-08-01 00:00:00.000000000
600,Pagado,2024-12-01,1,2548,1621,2023-01-01 00:00:00.000000000
90,Pagado,2025-03-01,1,2548,1621,2025-01-01 00:00:00.000000000
500,Pagado,2007-10-01,1,2548,1622,2005-10-01 00:00:00.000000000
400,Pagado,2009-06-01,1,2548,1622,2007-11-01 00:00:00.000000000
400,Pagado,2011-02-01,1,2548,1622,2009-07-01 00:00:00.000000000
400,Pagado,2012-10-01,1,2548,1622,2011-03-01 00:00:00.000000000
500,Pagado,2016-12-01,1,2548,1622,2014-12-01 00:00:00.000000000
200,Pagado,2021-05-01,1,2548,1622,2020-08-01 00:00:00.000000000
200,Pagado,2022-03-01,1,2548,1622,2021-06-01 00:00:00.000000000
60,Pagado,2005-12-01,1,2548,1624,2005-10-01 00:00:00.000000000
100,Pagado,2006-02-01,1,2548,1625,2005-10-01 00:00:00.000000000
40,Pagado,2006-04-01,1,2548,1625,2006-03-01 00:00:00.000000000
20,Pagado,2006-05-01,1,2548,1625,2006-05-01 00:00:00.000000000
600,Pagado,2008-11-01,1,2548,1625,2006-06-01 00:00:00.000000000
300,Pagado,2010-02-01,1,2548,1625,2008-12-01 00:00:00.000000000
200,Pagado,2010-12-01,1,2548,1625,2010-03-01 00:00:00.000000000
740,Pagado,2014-01-01,1,2548,1625,2011-01-01 00:00:00.000000000
220,Pagado,2014-12-01,1,2548,1625,2014-02-01 00:00:00.000000000
40,Pagado,2005-11-01,1,2548,1626,2005-10-01 00:00:00.000000000
1000,Pagado,2009-12-01,1,2548,1627,2005-11-01 00:00:00.000000000
200,Pagado,2006-07-01,1,2548,1628,2005-10-01 00:00:00.000000000
60,Pagado,2005-12-01,1,2548,1630,2005-10-01 00:00:00.000000000
100,Pagado,2006-05-01,1,2548,1630,2006-01-01 00:00:00.000000000
100,Pagado,2006-10-01,1,2548,1630,2006-06-01 00:00:00.000000000
40,Pagado,2006-12-01,1,2548,1630,2006-11-01 00:00:00.000000000
100,Pagado,2007-05-01,1,2548,1630,2007-01-01 00:00:00.000000000
140,Pagado,2007-12-01,1,2548,1630,2007-06-01 00:00:00.000000000
100,Pagado,2008-05-01,1,2548,1630,2008-01-01 00:00:00.000000000
100,Pagado,2008-10-01,1,2548,1630,2008-06-01 00:00:00.000000000
40,Pagado,2008-12-01,1,2548,1630,2008-11-01 00:00:00.000000000
100,Pagado,2009-05-01,1,2548,1630,2009-01-01 00:00:00.000000000
200,Pagado,2010-03-01,1,2548,1630,2009-06-01 00:00:00.000000000
240,Pagado,2011-03-01,1,2548,1630,2010-04-01 00:00:00.000000000
60,Pagado,2011-06-01,1,2548,1630,2011-04-01 00:00:00.000000000
20,Pagado,2011-07-01,1,2548,1630,2011-07-01 00:00:00.000000000
40,Pagado,2011-09-01,1,2548,1630,2011-08-01 00:00:00.000000000
60,Pagado,2011-12-01,1,2548,1630,2011-10-01 00:00:00.000000000
20,Pagado,2012-01-01,1,2548,1630,2012-01-01 00:00:00.000000000
60,Pagado,2012-04-01,1,2548,1630,2012-02-01 00:00:00.000000000
120,Pagado,2012-10-01,1,2548,1630,2012-05-01 00:00:00.000000000
40,Pagado,2012-12-01,1,2548,1630,2011-11-01 00:00:00.000000000
20,Pagado,2013-01-01,1,2548,1630,2013-01-01 00:00:00.000000000
20,Pagado,2013-02-01,1,2548,1630,2013-02-01 00:00:00.000000000
20,Pagado,2013-03-01,1,2548,1630,2013-03-01 00:00:00.000000000
20,Pagado,2013-04-01,1,2548,1630,2013-04-01 00:00:00.000000000
20,Pagado,2013-05-01,1,2548,1630,2013-05-01 00:00:00.000000000
160,Pagado,2013-10-01,1,2548,1630,2013-06-01 00:00:00.000000000
20,Pagado,2013-11-01,1,2548,1630,2013-11-01 00:00:00.000000000
100,Pagado,2014-04-01,1,2548,1630,2013-12-01 00:00:00.000000000
140,Pagado,2014-11-01,1,2548,1630,2014-05-01 00:00:00.000000000
20,Pagado,2014-12-01,1,2548,1630,2014-12-01 00:00:00.000000000
80,Pagado,2015-04-01,1,2548,1630,2015-01-01 00:00:00.000000000
160,Pagado,2015-12-01,1,2548,1630,2015-03-01 00:00:00.000000000
60,Pagado,2016-03-01,1,2548,1630,2016-01-01 00:00:00.000000000
60,Pagado,2016-03-01,1,2548,1630,2016-01-01 00:00:00.000000000
60,Pagado,2016-06-01,1,2548,1630,2016-04-01 00:00:00.000000000
100,Pagado,2016-11-01,1,2548,1630,2016-07-01 00:00:00.000000000
300,Pagado,2018-02-01,1,2548,1630,2016-12-01 00:00:00.000000000
400,Pagado,2019-10-01,1,2548,1630,2018-03-01 00:00:00.000000000
100,Pagado,2020-03-01,1,2548,1630,2019-11-01 00:00:00.000000000
160,Pagado,2020-11-01,1,2548,1630,2020-04-01 00:00:00.000000000
500,Pagado,2022-12-01,1,2548,1630,2020-12-01 00:00:00.000000000
240,Pagado,2023-12-01,1,2548,1630,2023-01-01 00:00:00.000000000
360,Pagado,2024-12-01,1,2548,1630,2024-01-01 00:00:00.000000000
60,Pagado,2005-12-01,1,2548,1631,2005-10-01 00:00:00.000000000
120,Pagado,2007-06-01,1,2548,1631,2007-01-01 00:00:00.000000000
120,Pagado,2007-12-01,1,2548,1631,2007-07-01 00:00:00.000000000
40,Pagado,2008-02-01,1,2548,1631,2008-01-01 00:00:00.000000000
20,Pagado,2008-03-01,1,2548,1631,2008-03-01 00:00:00.000000000
40,Pagado,2008-07-01,1,2548,1631,2008-06-01 00:00:00.000000000
40,Pagado,2008-09-01,1,2548,1631,2008-08-01 00:00:00.000000000
60,Pagado,2008-12-01,1,2548,1631,2008-10-01 00:00:00.000000000
480,Pagado,2010-12-01,1,2548,1631,2009-01-01 00:00:00.000000000
1500,Pagado,2017-03-01,1,2548,1631,2011-01-01 00:00:00.000000000
40,Pagado,2020-12-01,1,2548,1631,2020-11-01 00:00:00.000000000
200,Pagado,2021-10-01,1,2548,1631,2021-01-01 00:00:00.000000000
40,Pagado,2021-12-01,1,2548,1631,2021-11-01 00:00:00.000000000
100,Pagado,2022-05-01,1,2548,1631,2022-01-01 00:00:00.000000000
140,Pagado,2022-12-01,1,2548,1631,2022-06-01 00:00:00.000000000
220,Pagado,2023-11-01,1,2548,1631,2023-01-01 00:00:00.000000000
40,Pagado,2024-01-01,1,2548,1631,2023-12-01 00:00:00.000000000
60,Pagado,2024-03-01,1,2548,1631,2024-02-01 00:00:00.000000000
210,Pagado,2024-10-01,1,2548,1631,2024-04-01 00:00:00.000000000
90,Pagado,2025-01-01,1,2548,1631,2024-11-01 00:00:00.000000000
120,Pagado,2025-05-01,1,2548,1631,2025-02-01 00:00:00.000000000
90,Pagado,2025-12-01,1,2548,1631,2025-10-01 00:00:00.000000000
300,Pagado,2026-10-01,1,2548,1631,2026-01-01 00:00:00.000000000
60,Pagado,2005-12-01,1,2548,1632,2005-10-01 00:00:00.000000000
240,Pagado,2006-12-01,1,2548,1632,2006-01-01 00:00:00.000000000
20,Pagado,2007-01-01,1,2548,1632,2007-01-01 00:00:00.000000000
60,Pagado,2007-10-01,1,2548,1632,2007-08-01 00:00:00.000000000
120,Pagado,2008-05-01,1,2548,1632,2007-12-01 00:00:00.000000000
500,Pagado,2010-12-01,1,2548,1632,2008-11-01 00:00:00.000000000
20,Pagado,2010-12-01,1,2548,1632,2010-12-01 00:00:00.000000000
240,Pagado,2011-12-01,1,2548,1632,2011-01-01 00:00:00.000000000
240,Pagado,2012-12-01,1,2548,1632,2012-01-01 00:00:00.000000000
240,Pagado,2013-12-01,1,2548,1632,2013-01-01 00:00:00.000000000
240,Pagado,2014-12-01,1,2548,1632,2014-01-01 00:00:00.000000000
240,Pagado,2015-12-01,1,2548,1632,2015-01-01 00:00:00.000000000
240,Pagado,2016-12-01,1,2548,1632,2016-01-01 00:00:00.000000000
240,Pagado,2017-12-01,1,2548,1632,2017-01-01 00:00:00.000000000
240,Pagado,2018-12-01,1,2548,1632,2018-01-01 00:00:00.000000000
240,Pagado,2019-12-01,1,2548,1632,2019-01-01 00:00:00.000000000
200,Pagado,2020-10-01,1,2548,1632,2020-01-01 00:00:00.000000000
40,Pagado,2020-12-01,1,2548,1632,2020-11-01 00:00:00.000000000
240,Pagado,2021-12-01,1,2548,1632,2021-01-01 00:00:00.000000000
240,Pagado,2022-12-01,1,2548,1632,2022-01-01 00:00:00.000000000
240,Pagado,2023-12-01,1,2548,1632,2023-01-01 00:00:00.000000000
360,Pagado,2024-12-01,1,2548,1632,2024-01-01 00:00:00.000000000
90,Pagado,2025-12-01,1,2548,1632,2025-10-01 00:00:00.000000000
300,Pagado,2006-12-01,1,2548,1633,2006-10-01 00:00:00.000000000
520,Pagado,2007-12-01,1,2548,1634,2005-11-01 00:00:00.000000000
300,Pagado,2009-03-01,1,2548,1634,2008-01-01 00:00:00.000000000
280,Pagado,2006-12-01,1,2548,1636,2005-11-01 00:00:00.000000000
200,Pagado,2007-10-01,1,2548,1636,2007-01-01 00:00:00.000000000
140,Pagado,2008-10-01,1,2548,1636,2008-04-01 00:00:00.000000000
200,Pagado,2009-08-01,1,2548,1636,2008-11-01 00:00:00.000000000
40,Pagado,2005-12-01,1,2548,1639,2005-11-01 00:00:00.000000000
100,Pagado,2006-05-01,1,2548,1639,2006-01-01 00:00:00.000000000
100,Pagado,2006-10-01,1,2548,1639,2006-06-01 00:00:00.000000000
500,Pagado,2008-11-01,1,2548,1639,2006-11-01 00:00:00.000000000
240,Pagado,2010-11-01,1,2548,1639,2009-12-01 00:00:00.000000000
500,Pagado,2007-12-01,1,2548,1643,2005-12-01 00:00:00.000000000
300,Pagado,2009-03-01,1,2548,1643,2008-01-01 00:00:00.000000000
200,Pagado,2010-01-01,1,2548,1643,2009-04-01 00:00:00.000000000
200,Pagado,2010-11-01,1,2548,1643,2010-02-01 00:00:00.000000000
100,Pagado,2011-04-01,1,2548,1643,2010-12-01 00:00:00.000000000
500,Pagado,2013-05-01,1,2548,1643,2011-06-01 00:00:00.000000000
100,Pagado,2006-03-01,1,2548,1644,2005-11-01 00:00:00.000000000
140,Pagado,2006-10-01,1,2548,1644,2006-04-01 00:00:00.000000000
100,Pagado,2007-03-01,1,2548,1644,2006-11-01 00:00:00.000000000
500,Pagado,2009-04-01,1,2548,1644,2007-04-01 00:00:00.000000000
260,Pagado,2006-11-01,1,2548,1645,2005-11-01 00:00:00.000000000
260,Pagado,2007-12-01,1,2548,1645,2006-12-01 00:00:00.000000000
40,Pagado,2008-02-01,1,2548,1645,2008-01-01 00:00:00.000000000
200,Pagado,2008-12-01,1,2548,1645,2008-03-01 00:00:00.000000000
240,Pagado,2009-12-01,1,2548,1645,2009-01-01 00:00:00.000000000
240,Pagado,2010-12-01,1,2548,1645,2010-01-01 00:00:00.000000000
240,Pagado,2011-12-01,1,2548,1645,2011-01-01 00:00:00.000000000
240,Pagado,2012-12-01,1,2548,1645,2012-01-01 00:00:00.000000000
240,Pagado,2013-12-01,1,2548,1645,2013-01-01 00:00:00.000000000
240,Pagado,2014-12-01,1,2548,1645,2014-01-01 00:00:00.000000000
240,Pagado,2015-12-01,1,2548,1645,2015-01-01 00:00:00.000000000
240,Pagado,2016-12-01,1,2548,1645,2016-01-01 00:00:00.000000000
240,Pagado,2017-12-01,1,2548,1645,2017-01-01 00:00:00.000000000
240,Pagado,2018-12-01,1,2548,1645,2018-01-01 00:00:00.000000000
240,Pagado,2019-12-01,1,2548,1645,2019-01-01 00:00:00.000000000
240,Pagado,2020-12-01,1,2548,1645,2020-01-01 00:00:00.000000000
240,Pagado,2021-12-01,1,2548,1645,2021-01-01 00:00:00.000000000
240,Pagado,2022-12-01,1,2548,1645,2022-01-01 00:00:00.000000000
240,Pagado,2023-12-01,1,2548,1645,2023-01-01 00:00:00.000000000
360,Pagado,2024-12-01,1,2548,1645,2024-01-01 00:00:00.000000000
900,Pagado,2009-08-01,1,2548,1646,2005-12-01 00:00:00.000000000
200,Pagado,2010-06-01,1,2548,1646,2009-09-01 00:00:00.000000000
240,Pagado,2011-06-01,1,2548,1646,2010-07-01 00:00:00.000000000
440,Pagado,2013-04-01,1,2548,1646,2011-07-01 00:00:00.000000000
300,Pagado,2014-07-01,1,2548,1646,2013-05-01 00:00:00.000000000
200,Pagado,2015-05-01,1,2548,1646,2014-08-01 00:00:00.000000000
400,Pagado,2017-01-01,1,2548,1646,2015-06-01 00:00:00.000000000
220,Pagado,2017-12-01,1,2548,1646,2017-02-01 00:00:00.000000000
240,Pagado,2018-12-01,1,2548,1646,2018-01-01 00:00:00.000000000
240,Pagado,2019-12-01,1,2548,1646,2019-01-01 00:00:00.000000000
200,Pagado,2020-10-01,1,2548,1646,2020-01-01 00:00:00.000000000
40,Pagado,2020-12-01,1,2548,1646,2020-11-01 00:00:00.000000000
240,Pagado,2021-12-01,1,2548,1646,2021-01-01 00:00:00.000000000
240,Pagado,2022-12-01,1,2548,1646,2022-01-01 00:00:00.000000000
240,Pagado,2023-12-01,1,2548,1646,2023-01-01 00:00:00.000000000
360,Pagado,2024-12-01,1,2548,1646,2024-01-01 00:00:00.000000000
90,Pagado,2025-12-01,1,2548,1646,2025-10-01 00:00:00.000000000
680,Pagado,2008-09-01,1,2548,1647,2005-12-01 00:00:00.000000000
4870,Pagado,2025-09-01,1,2548,1649,2006-05-01 00:00:00.000000000
90,Pagado,2025-12-01,1,2548,1649,2025-10-01 00:00:00.000000000
140,Pagado,2006-05-01,1,2548,1650,2005-11-01 00:00:00.000000000
80,Pagado,2006-12-01,1,2548,1650,2006-09-01 00:00:00.000000000
240,Pagado,2007-12-01,1,2548,1650,2007-01-01 00:00:00.000000000
240,Pagado,2008-12-01,1,2548,1650,2008-01-01 00:00:00.000000000
40,Pagado,2009-02-01,1,2548,1650,2009-01-01 00:00:00.000000000
3260,Pagado,2022-09-01,1,2548,1650,2009-02-01 00:00:00.000000000
60,Pagado,2022-12-01,1,2548,1650,2022-10-01 00:00:00.000000000
240,Pagado,2023-12-01,1,2548,1650,2023-01-01 00:00:00.000000000
360,Pagado,2024-12-01,1,2548,1650,2024-01-01 00:00:00.000000000
270,Pagado,2025-09-01,1,2548,1650,2025-01-01 00:00:00.000000000
90,Pagado,2025-12-01,1,2548,1650,2025-10-01 00:00:00.000000000
100,Pagado,2006-04-01,1,2548,1651,2005-12-01 00:00:00.000000000
100,Pagado,2006-04-01,1,2548,1653,2005-12-01 00:00:00.000000000
100,Pagado,2006-09-01,1,2548,1653,2006-05-01 00:00:00.000000000
300,Pagado,2007-12-01,1,2548,1653,2006-10-01 00:00:00.000000000
20,Pagado,2008-01-01,1,2548,1653,2008-01-01 00:00:00.000000000
500,Pagado,2010-02-01,1,2548,1653,2008-02-01 00:00:00.000000000
200,Pagado,2010-12-01,1,2548,1653,2020-03-01 00:00:00.000000000
240,Pagado,2006-11-01,1,2548,1654,2006-12-01 00:00:00.000000000
260,Pagado,2007-12-01,1,2548,1654,2006-12-01 00:00:00.000000000
220,Pagado,2008-11-01,1,2548,1654,2008-01-01 00:00:00.000000000
20,Pagado,2008-12-01,1,2548,1654,2008-12-01 00:00:00.000000000
20,Pagado,2009-01-01,1,2548,1654,2009-01-01 00:00:00.000000000
20,Pagado,2009-02-01,1,2548,1654,2009-02-01 00:00:00.000000000
20,Pagado,2009-03-01,1,2548,1654,2009-03-01 00:00:00.000000000
20,Pagado,2009-04-01,1,2548,1654,2009-04-01 00:00:00.000000000
1040,Pagado,2013-08-01,1,2548,1654,2009-05-01 00:00:00.000000000
80,Pagado,2013-12-01,1,2548,1654,2013-09-01 00:00:00.000000000
240,Pagado,2014-12-01,1,2548,1654,2014-01-01 00:00:00.000000000
240,Pagado,2015-12-01,1,2548,1654,2015-01-01 00:00:00.000000000
480,Pagado,2017-12-01,1,2548,1654,2016-01-01 00:00:00.000000000
240,Pagado,2018-12-01,1,2548,1654,2018-01-01 00:00:00.000000000
240,Pagado,2019-12-01,1,2548,1654,2019-01-01 00:00:00.000000000
240,Pagado,2020-12-01,1,2548,1654,2020-01-01 00:00:00.000000000
240,Pagado,2021-12-01,1,2548,1654,2021-01-01 00:00:00.000000000
240,Pagado,2022-12-01,1,2548,1654,2022-01-01 00:00:00.000000000
240,Pagado,2023-12-01,1,2548,1654,2023-01-01 00:00:00.000000000
360,Pagado,2024-12-01,1,2548,1654,2024-01-01 00:00:00.000000000
360,Pagado,2025-12-01,1,2548,1654,2025-01-01 00:00:00.000000000
100,Pagado,2006-04-01,1,2548,1657,2005-12-01 00:00:00.000000000
100,Pagado,2006-09-01,1,2548,1657,2006-05-01 00:00:00.000000000
300,Pagado,2007-12-01,1,2548,1657,2006-10-01 00:00:00.000000000
20,Pagado,2008-01-01,1,2548,1657,2008-01-01 00:00:00.000000000
20,Pagado,2008-02-01,1,2548,1657,2008-02-01 00:00:00.000000000
100,Pagado,2008-07-01,1,2548,1657,2008-03-01 00:00:00.000000000
80,Pagado,2006-03-01,1,2548,1658,2005-12-01 00:00:00.000000000
400,Pagado,2007-11-01,1,2548,1658,2006-04-01 00:00:00.000000000
420,Pagado,2007-12-01,1,2548,1658,2006-04-01 00:00:00.000000000
480,Pagado,2009-11-01,1,2548,1658,2007-12-01 00:00:00.000000000
300,Pagado,2007-02-01,1,2548,1659,2005-12-01 00:00:00.000000000
500,Pagado,2009-03-01,1,2548,1659,2007-03-01 00:00:00.000000000
700,Pagado,2012-02-01,1,2548,1659,2009-04-01 00:00:00.000000000
480,Pagado,2014-02-01,1,2548,1659,2012-03-01 00:00:00.000000000
1900,Pagado,2015-10-01,1,2548,1660,2005-12-01 00:00:00.000000000
1160,Pagado,2018-08-01,1,2548,1660,2013-11-01 00:00:00.000000000
40,Pagado,2006-01-01,1,2548,1662,2005-12-01 00:00:00.000000000
180,Pagado,2006-10-01,1,2548,1662,2006-02-01 00:00:00.000000000
40,Pagado,2006-12-01,1,2548,1662,2006-11-01 00:00:00.000000000
240,Pagado,2007-12-01,1,2548,1662,2007-01-01 00:00:00.000000000
160,Pagado,2008-08-01,1,2548,1662,2008-01-01 00:00:00.000000000
20,Pagado,2008-09-01,1,2548,1662,2008-09-01 00:00:00.000000000
60,Pagado,2008-12-01,1,2548,1662,2008-10-01 00:00:00.000000000
340,Pagado,2010-05-01,1,2548,1662,2009-01-01 00:00:00.000000000
100,Pagado,2010-10-01,1,2548,1662,2010-06-01 00:00:00.000000000
40,Pagado,2010-12-01,1,2548,1662,2010-11-01 00:00:00.000000000
240,Pagado,2011-12-01,1,2548,1662,2011-01-01 00:00:00.000000000
240,Pagado,2012-12-01,1,2548,1662,2012-01-01 00:00:00.000000000
240,Pagado,2013-12-01,1,2548,1662,2013-01-01 00:00:00.000000000
240,Pagado,2014-12-01,1,2548,1662,2014-01-01 00:00:00.000000000
240,Pagado,2015-12-01,1,2548,1662,2015-01-01 00:00:00.000000000
240,Pagado,2016-12-01,1,2548,1662,2016-01-01 00:00:00.000000000
240,Pagado,2017-12-01,1,2548,1662,2017-01-01 00:00:00.000000000
240,Pagado,2018-12-01,1,2548,1662,2018-01-01 00:00:00.000000000
240,Pagado,2019-12-01,1,2548,1662,2019-01-01 00:00:00.000000000
240,Pagado,2020-12-01,1,2548,1662,2020-01-01 00:00:00.000000000
240,Pagado,2021-12-01,1,2548,1662,2021-01-01 00:00:00.000000000
240,Pagado,2022-12-01,1,2548,1662,2022-01-01 00:00:00.000000000
240,Pagado,2023-12-01,1,2548,1662,2023-01-01 00:00:00.000000000
360,Pagado,2024-12-01,1,2548,1662,2024-01-01 00:00:00.000000000
100,Pagado,2006-05-01,1,2548,1664,2006-01-01 00:00:00.000000000
400,Pagado,2008-01-01,1,2548,1664,2006-06-01 00:00:00.000000000
100,Pagado,2008-06-01,1,2548,1664,2008-02-01 00:00:00.000000000
20,Pagado,2006-01-01,1,2548,1665,2006-01-01 00:00:00.000000000
140,Pagado,2006-07-01,1,2548,1667,2006-01-01 00:00:00.000000000
60,Pagado,2006-10-01,1,2548,1667,2006-08-01 00:00:00.000000000
240,Pagado,2006-12-01,1,2548,1668,2006-01-01 00:00:00.000000000
120,Pagado,2006-06-01,1,2548,1669,2006-01-01 00:00:00.000000000
120,Pagado,2006-12-01,1,2548,1669,2006-07-01 00:00:00.000000000
60,Pagado,2007-03-01,1,2548,1669,2007-01-01 00:00:00.000000000
160,Pagado,2006-08-01,1,2548,1671,2006-01-01 00:00:00.000000000
40,Pagado,2006-10-01,1,2548,1671,2006-09-01 00:00:00.000000000
40,Pagado,2006-12-01,1,2548,1671,2006-11-01 00:00:00.000000000
40,Pagado,2007-02-01,1,2548,1671,2007-01-01 00:00:00.000000000
40,Pagado,2007-04-01,1,2548,1671,2007-03-01 00:00:00.000000000
20,Pagado,2007-05-01,1,2548,1671,2007-05-01 00:00:00.000000000
100,Pagado,2007-10-01,1,2548,1671,2007-06-01 00:00:00.000000000
500,Pagado,2009-11-01,1,2548,1671,2007-11-01 00:00:00.000000000
100,Pagado,2010-04-01,1,2548,1671,2009-12-01 00:00:00.000000000
2000,Pagado,2018-08-01,1,2548,1671,2010-05-01 00:00:00.000000000
1000,Pagado,2022-10-01,1,2548,1671,2018-09-01 00:00:00.000000000
200,Pagado,2023-08-01,1,2548,1671,2022-11-01 00:00:00.000000000
80,Pagado,2023-12-01,1,2548,1671,2023-09-01 00:00:00.000000000
500,Pagado,2008-01-01,1,2548,1672,2006-01-01 00:00:00.000000000
240,Pagado,2006-12-01,1,2548,1674,2006-01-01 00:00:00.000000000
480,Pagado,2008-12-01,1,2548,1674,2007-01-01 00:00:00.000000000
400,Pagado,2009-11-01,1,2548,1674,2008-04-01 00:00:00.000000000
600,Pagado,2011-06-01,1,2548,1674,2009-01-01 00:00:00.000000000
1000,Pagado,2015-08-01,1,2548,1674,2011-07-01 00:00:00.000000000
500,Pagado,2008-02-01,1,2548,1676,2006-02-01 00:00:00.000000000
500,Pagado,2008-02-01,1,2548,1677,2006-02-01 00:00:00.000000000
500,Pagado,2010-03-01,1,2548,1677,2008-03-01 00:00:00.000000000
400,Pagado,2007-09-01,1,2548,1678,2006-02-01 00:00:00.000000000
1000,Pagado,2011-11-01,1,2548,1678,2007-10-01 00:00:00.000000000
500,Pagado,2013-12-01,1,2548,1678,2011-12-01 00:00:00.000000000
1000,Pagado,2018-02-01,1,2548,1678,2014-01-01 00:00:00.000000000
20,Pagado,2006-02-01,1,2548,1681,2006-02-01 00:00:00.000000000
20,Pagado,2006-03-01,1,2548,1681,2006-03-01 00:00:00.000000000
100,Pagado,2006-08-01,1,2548,1681,2006-04-01 00:00:00.000000000
100,Pagado,2007-01-01,1,2548,1681,2006-09-01 00:00:00.000000000
180,Pagado,2006-10-01,1,2548,1682,2006-02-01 00:00:00.000000000
80,Pagado,2007-02-01,1,2548,1682,2006-11-01 00:00:00.000000000
200,Pagado,2007-12-01,1,2548,1682,2007-03-01 00:00:00.000000000
40,Pagado,2008-02-01,1,2548,1682,2008-01-01 00:00:00.000000000
180,Pagado,2008-11-01,1,2548,1682,2008-05-01 00:00:00.000000000
20,Pagado,2008-12-01,1,2548,1682,2008-12-01 00:00:00.000000000
100,Pagado,2009-04-01,1,2548,1682,2008-12-01 00:00:00.000000000
60,Pagado,2009-12-01,1,2548,1682,2009-05-01 00:00:00.000000000
240,Pagado,2010-12-01,1,2548,1682,2010-01-01 00:00:00.000000000
240,Pagado,2011-12-01,1,2548,1682,2011-01-01 00:00:00.000000000
240,Pagado,2012-12-01,1,2548,1682,2012-01-01 00:00:00.000000000
240,Pagado,2013-12-01,1,2548,1682,2013-01-01 00:00:00.000000000
200,Pagado,2014-10-01,1,2548,1682,2014-01-01 00:00:00.000000000
40,Pagado,2014-12-01,1,2548,1682,2014-11-01 00:00:00.000000000
240,Pagado,2015-12-01,1,2548,1682,2015-01-01 00:00:00.000000000
240,Pagado,2016-12-01,1,2548,1682,2016-01-01 00:00:00.000000000
240,Pagado,2017-12-01,1,2548,1682,2017-01-01 00:00:00.000000000
240,Pagado,2018-12-01,1,2548,1682,2018-01-01 00:00:00.000000000
240,Pagado,2019-12-01,1,2548,1682,2019-01-01 00:00:00.000000000
240,Pagado,2020-12-01,1,2548,1682,2020-01-01 00:00:00.000000000
240,Pagado,2021-12-01,1,2548,1682,2021-01-01 00:00:00.000000000
240,Pagado,2022-12-01,1,2548,1682,2022-01-01 00:00:00.000000000
240,Pagado,2023-12-01,1,2548,1682,2023-01-01 00:00:00.000000000
360,Pagado,2024-12-01,1,2548,1682,2024-01-01 00:00:00.000000000
360,Pagado,2025-12-01,1,2548,1682,2025-01-01 00:00:00.000000000
120,Pagado,2006-07-01,1,2548,1683,2006-02-01 00:00:00.000000000
20,Pagado,2001-12-01,1,2548,1686,2001-12-01 00:00:00.000000000
220,Pagado,2006-12-01,1,2548,1686,2006-02-01 00:00:00.000000000
140,Pagado,2007-07-01,1,2548,1686,2007-01-01 00:00:00.000000000
80,Pagado,2007-11-01,1,2548,1686,2007-08-01 00:00:00.000000000
220,Pagado,2008-11-01,1,2548,1686,2008-01-01 00:00:00.000000000
200,Pagado,2006-12-01,1,2548,1687,2006-03-01 00:00:00.000000000
200,Pagado,2007-10-01,1,2548,1687,2007-01-01 00:00:00.000000000
200,Pagado,2008-08-01,1,2548,1687,2007-11-01 00:00:00.000000000
700,Pagado,2009-01-01,1,2548,1688,2006-03-01 00:00:00.000000000
1500,Pagado,2015-04-01,1,2548,1688,2009-02-01 00:00:00.000000000
240,Pagado,2016-04-01,1,2548,1688,2015-05-01 00:00:00.000000000
200,Pagado,2017-03-01,1,2548,1688,2016-06-01 00:00:00.000000000
280,Pagado,2018-06-01,1,2548,1688,2017-04-01 00:00:00.000000000
240,Pagado,2022-06-01,1,2548,1688,2021-07-01 00:00:00.000000000
120,Pagado,2022-12-01,1,2548,1688,2022-07-01 00:00:00.000000000
240,Pagado,2023-12-01,1,2548,1688,2023-01-01 00:00:00.000000000
360,Pagado,2024-12-01,1,2548,1688,2024-01-01 00:00:00.000000000
360,Pagado,2025-12-01,1,2548,1688,2025-01-01 00:00:00.000000000
200,Pagado,2006-12-01,1,2548,1692,2006-03-01 00:00:00.000000000
20,Pagado,2007-01-01,1,2548,1692,2007-01-01 00:00:00.000000000
100,Pagado,2007-06-01,1,2548,1692,2007-02-01 00:00:00.000000000
100,Pagado,2007-11-01,1,2548,1692,2007-07-01 00:00:00.000000000
20,Pagado,2007-12-01,1,2548,1692,2007-12-01 00:00:00.000000000
100,Pagado,2008-05-01,1,2548,1692,2008-01-01 00:00:00.000000000
20,Pagado,2008-06-01,1,2548,1692,2008-06-01 00:00:00.000000000
100,Pagado,2010-11-01,1,2548,1692,2010-07-01 00:00:00.000000000
240,Pagado,2011-11-01,1,2548,1692,2010-12-01 00:00:00.000000000
240,Pagado,2012-11-01,1,2548,1692,2011-12-01 00:00:00.000000000
240,Pagado,2013-11-01,1,2548,1692,2012-12-01 00:00:00.000000000
240,Pagado,2014-11-01,1,2548,1692,2013-12-01 00:00:00.000000000
440,Pagado,2016-09-01,1,2548,1692,2014-12-01 00:00:00.000000000
500,Pagado,2018-10-01,1,2548,1692,2016-10-01 00:00:00.000000000
300,Pagado,2020-01-01,1,2548,1692,2018-11-01 00:00:00.000000000
300,Pagado,2021-04-01,1,2548,1692,2020-02-01 00:00:00.000000000
300,Pagado,2022-07-01,1,2548,1692,2021-05-01 00:00:00.000000000
100,Pagado,2022-12-01,1,2548,1692,2022-08-01 00:00:00.000000000
240,Pagado,2023-12-01,1,2548,1692,2023-01-01 00:00:00.000000000
150,Pagado,2024-05-01,1,2548,1692,2024-01-01 00:00:00.000000000
210,Pagado,2024-12-01,1,2548,1692,2024-06-01 00:00:00.000000000
210,Pagado,2025-07-01,1,2548,1692,2025-01-01 00:00:00.000000000
150,Pagado,2025-12-01,1,2548,1692,2025-08-01 00:00:00.000000000
220,Pagado,2007-01-01,1,2548,1693,2006-03-01 00:00:00.000000000
400,Pagado,2008-09-01,1,2548,1693,2007-02-01 00:00:00.000000000
440,Pagado,2007-12-01,1,2548,1694,2006-03-01 00:00:00.000000000
200,Pagado,2008-10-01,1,2548,1694,2008-01-01 00:00:00.000000000
1000,Pagado,2010-04-01,1,2548,1695,2006-03-01 00:00:00.000000000
100,Pagado,2010-09-01,1,2548,1695,2010-05-01 00:00:00.000000000
140,Pagado,2006-10-01,1,2548,1696,2006-03-01 00:00:00.000000000
40,Pagado,2006-11-01,1,2548,1696,2006-10-01 00:00:00.000000000
200,Pagado,2007-09-01,1,2548,1696,2006-12-01 00:00:00.000000000
180,Pagado,2008-06-01,1,2548,1696,2007-10-01 00:00:00.000000000
80,Pagado,2008-10-01,1,2548,1696,2008-07-01 00:00:00.000000000
260,Pagado,2009-11-01,1,2548,1696,2008-11-01 00:00:00.000000000
260,Pagado,2010-12-01,1,2548,1696,2009-12-01 00:00:00.000000000
200,Pagado,2011-10-01,1,2548,1696,2011-01-01 00:00:00.000000000
20,Pagado,2011-11-01,1,2548,1696,2011-11-01 00:00:00.000000000
260,Pagado,2012-12-01,1,2548,1696,2011-12-01 00:00:00.000000000
240,Pagado,2013-12-01,1,2548,1696,2013-01-01 00:00:00.000000000
240,Pagado,2014-12-01,1,2548,1696,2014-01-01 00:00:00.000000000
240,Pagado,2015-12-01,1,2548,1696,2015-01-01 00:00:00.000000000
220,Pagado,2016-11-01,1,2548,1696,2016-01-01 00:00:00.000000000
240,Pagado,2017-11-01,1,2548,1696,2016-12-01 00:00:00.000000000
140,Pagado,2018-06-01,1,2548,1696,2017-12-01 00:00:00.000000000
120,Pagado,2018-12-01,1,2548,1696,2018-06-01 00:00:00.000000000
240,Pagado,2019-12-01,1,2548,1696,2019-01-01 00:00:00.000000000
240,Pagado,2020-12-01,1,2548,1696,2020-01-01 00:00:00.000000000
200,Pagado,2021-10-01,1,2548,1696,2021-01-01 00:00:00.000000000
40,Pagado,2021-12-01,1,2548,1696,2021-11-01 00:00:00.000000000
240,Pagado,2022-12-01,1,2548,1696,2022-01-01 00:00:00.000000000
240,Pagado,2023-12-01,1,2548,1696,2023-01-01 00:00:00.000000000
360,Pagado,2024-12-01,1,2548,1696,2024-01-01 00:00:00.000000000
360,Pagado,2025-12-01,1,2548,1696,2025-01-01 00:00:00.000000000
200,Pagado,2007-01-01,1,2548,1698,2006-04-01 00:00:00.000000000
1000,Pagado,2011-03-01,1,2548,1698,2007-02-01 00:00:00.000000000
240,Pagado,2012-03-01,1,2548,1698,2011-04-01 00:00:00.000000000
240,Pagado,2013-03-01,1,2548,1698,2012-04-01 00:00:00.000000000
240,Pagado,2014-03-01,1,2548,1698,2013-04-01 00:00:00.000000000
240,Pagado,2015-03-01,1,2548,1698,2014-04-01 00:00:00.000000000
240,Pagado,2017-03-01,1,2548,1698,2016-04-01 00:00:00.000000000
240,Pagado,2018-03-01,1,2548,1698,2017-04-01 00:00:00.000000000
140,Pagado,2021-10-01,1,2548,1698,2021-04-01 00:00:00.000000000
100,Pagado,2022-03-01,1,2548,1698,2021-11-01 00:00:00.000000000
180,Pagado,2022-12-01,1,2548,1698,2022-04-01 00:00:00.000000000
240,Pagado,2023-12-01,1,2548,1698,2023-01-01 00:00:00.000000000
360,Pagado,2024-12-01,1,2548,1698,2024-01-01 00:00:00.000000000
360,Pagado,2025-12-01,1,2548,1698,2025-01-01 00:00:00.000000000
200,Pagado,2006-12-01,1,2548,1699,2006-03-01 00:00:00.000000000
20,Pagado,2007-01-01,1,2548,1699,2007-01-01 00:00:00.000000000
40,Pagado,2007-03-01,1,2548,1699,2007-02-01 00:00:00.000000000
300,Pagado,2008-06-01,1,2548,1699,2007-04-01 00:00:00.000000000
60,Pagado,2006-05-01,1,2548,1700,2006-03-01 00:00:00.000000000
140,Pagado,2006-12-01,1,2548,1700,2006-06-01 00:00:00.000000000
40,Pagado,2007-02-01,1,2548,1700,2007-01-01 00:00:00.000000000
160,Pagado,2007-10-01,1,2548,1700,2007-03-01 00:00:00.000000000
40,Pagado,2007-12-01,1,2548,1700,2007-11-01 00:00:00.000000000
200,Pagado,2008-10-01,1,2548,1700,2008-01-01 00:00:00.000000000
260,Pagado,2009-11-01,1,2548,1700,2008-11-01 00:00:00.000000000
20,Pagado,2010-12-01,1,2548,1700,2010-12-01 00:00:00.000000000
240,Pagado,2011-12-01,1,2548,1700,2011-01-01 00:00:00.000000000
240,Pagado,2012-12-01,1,2548,1700,2012-01-01 00:00:00.000000000
240,Pagado,2013-12-01,1,2548,1700,2013-01-01 00:00:00.000000000
240,Pagado,2014-12-01,1,2548,1700,2014-01-01 00:00:00.000000000
240,Pagado,2015-12-01,1,2548,1700,2015-01-01 00:00:00.000000000
240,Pagado,2016-12-01,1,2548,1700,2016-01-01 00:00:00.000000000
240,Pagado,2017-12-01,1,2548,1700,2017-01-01 00:00:00.000000000
240,Pagado,2018-12-01,1,2548,1700,2018-01-01 00:00:00.000000000
240,Pagado,2019-12-01,1,2548,1700,2019-01-01 00:00:00.000000000
240,Pagado,2020-12-01,1,2548,1700,2020-01-01 00:00:00.000000000
200,Pagado,2021-10-01,1,2548,1700,2021-01-01 00:00:00.000000000
40,Pagado,2021-12-01,1,2548,1700,2021-11-01 00:00:00.000000000
240,Pagado,2022-12-01,1,2548,1700,2022-01-01 00:00:00.000000000
240,Pagado,2023-12-01,1,2548,1700,2023-01-01 00:00:00.000000000
360,Pagado,2024-12-01,1,2548,1700,2024-01-01 00:00:00.000000000
360,Pagado,2025-12-01,1,2548,1700,2025-01-01 00:00:00.000000000
80,Pagado,2006-12-01,1,2548,1702,2006-09-01 00:00:00.000000000
200,Pagado,2007-10-01,1,2548,1702,2007-01-01 00:00:00.000000000
200,Pagado,2009-09-01,1,2548,1702,2010-12-01 00:00:00.000000000
200,Pagado,2010-07-01,1,2548,1702,2009-10-01 00:00:00.000000000
20,Pagado,2010-08-01,1,2548,1702,2010-08-01 00:00:00.000000000
20,Pagado,2010-09-01,1,2548,1702,2010-09-01 00:00:00.000000000
280,Pagado,2011-11-01,1,2548,1702,2010-10-01 00:00:00.000000000
20,Pagado,2011-12-01,1,2548,1702,2011-12-01 00:00:00.000000000
220,Pagado,2012-11-01,1,2548,1702,2012-01-01 00:00:00.000000000
100,Pagado,2013-04-01,1,2548,1702,2012-12-01 00:00:00.000000000
140,Pagado,2013-11-01,1,2548,1702,2013-05-01 00:00:00.000000000
240,Pagado,2014-11-01,1,2548,1702,2013-12-01 00:00:00.000000000
240,Pagado,2015-11-01,1,2548,1702,2014-12-01 00:00:00.000000000
100,Pagado,2016-04-01,1,2548,1702,2015-12-01 00:00:00.000000000
160,Pagado,2016-12-01,1,2548,1702,2016-05-01 00:00:00.000000000
200,Pagado,2017-10-01,1,2548,1702,2017-01-01 00:00:00.000000000
200,Pagado,2018-08-01,1,2548,1702,2017-11-01 00:00:00.000000000
100,Pagado,2019-01-01,1,2548,1702,2018-09-01 00:00:00.000000000
460,Pagado,2020-12-01,1,2548,1702,2019-02-01 00:00:00.000000000
240,Pagado,2021-12-01,1,2548,1702,2021-01-01 00:00:00.000000000
240,Pagado,2022-12-01,1,2548,1702,2022-01-01 00:00:00.000000000
240,Pagado,2023-12-01,1,2548,1702,2023-01-01 00:00:00.000000000
360,Pagado,2024-12-01,1,2548,1702,2024-01-01 00:00:00.000000000
360,Pagado,2025-12-01,1,2548,1702,2025-01-01 00:00:00.000000000
400,Pagado,2007-12-01,1,2548,1703,2006-05-01 00:00:00.000000000
400,Pagado,2007-12-01,1,2548,1708,2006-05-01 00:00:00.000000000
100,Pagado,2008-05-01,1,2548,1708,2008-01-01 00:00:00.000000000
1000,Pagado,2012-07-01,1,2548,1708,2008-06-01 00:00:00.000000000
240,Pagado,2013-07-01,1,2548,1708,2012-08-01 00:00:00.000000000
240,Pagado,2014-07-01,1,2548,1708,2013-08-01 00:00:00.000000000
240,Pagado,2015-07-01,1,2548,1708,2014-08-01 00:00:00.000000000
240,Pagado,2016-07-01,1,2548,1708,2015-08-01 00:00:00.000000000
160,Pagado,2006-12-01,1,2548,1709,2006-05-01 00:00:00.000000000
40,Pagado,2007-02-01,1,2548,1709,2007-01-01 00:00:00.000000000
40,Pagado,2007-04-01,1,2548,1709,2007-03-01 00:00:00.000000000
280,Pagado,2008-06-01,1,2548,1709,2007-05-01 00:00:00.000000000
80,Pagado,2008-10-01,1,2548,1709,2008-07-01 00:00:00.000000000
20,Pagado,2008-11-01,1,2548,1709,2008-11-01 00:00:00.000000000
500,Pagado,2010-12-01,1,2548,1709,2008-12-01 00:00:00.000000000
140,Pagado,2006-11-01,1,2548,1711,2006-05-01 00:00:00.000000000
20,Pagado,2006-12-01,1,2548,1711,2006-12-01 00:00:00.000000000
100,Pagado,2007-05-01,1,2548,1711,2007-01-01 00:00:00.000000000
340,Pagado,2008-10-01,1,2548,1711,2007-06-01 00:00:00.000000000
400,Pagado,2010-06-01,1,2548,1711,2008-11-01 00:00:00.000000000
360,Pagado,2011-12-01,1,2548,1711,2010-07-01 00:00:00.000000000
240,Pagado,2012-12-01,1,2548,1711,2012-01-01 00:00:00.000000000
240,Pagado,2013-12-01,1,2548,1711,2013-01-01 00:00:00.000000000
240,Pagado,2014-12-01,1,2548,1711,2014-01-01 00:00:00.000000000
80,Pagado,2015-04-01,1,2548,1711,2015-01-01 00:00:00.000000000
160,Pagado,2015-12-01,1,2548,1711,2015-05-01 00:00:00.000000000
220,Pagado,2016-11-01,1,2548,1711,2016-01-01 00:00:00.000000000
480,Pagado,2018-11-01,1,2548,1711,2016-12-01 00:00:00.000000000
160,Pagado,2019-07-01,1,2548,1711,2018-12-01 00:00:00.000000000
100,Pagado,2019-12-01,1,2548,1711,2019-08-01 00:00:00.000000000
240,Pagado,2020-12-01,1,2548,1711,2020-01-01 00:00:00.000000000
200,Pagado,2021-10-01,1,2548,1711,2021-01-01 00:00:00.000000000
40,Pagado,2021-12-01,1,2548,1711,2021-11-01 00:00:00.000000000
240,Pagado,2022-12-01,1,2548,1711,2022-01-01 00:00:00.000000000
240,Pagado,2023-12-01,1,2548,1711,2023-01-01 00:00:00.000000000
360,Pagado,2024-12-01,1,2548,1711,2024-01-01 00:00:00.000000000
360,Pagado,2025-12-01,1,2548,1711,2025-01-01 00:00:00.000000000
400,Pagado,2007-12-01,1,2548,1712,2006-05-01 00:00:00.000000000
40,Pagado,2006-06-01,1,2548,1713,2006-05-01 00:00:00.000000000
20,Pagado,2006-09-01,1,2548,1713,2006-09-01 00:00:00.000000000
20,Pagado,2006-10-01,1,2548,1713,2006-10-01 00:00:00.000000000
40,Pagado,2006-12-01,1,2548,1713,2006-11-01 00:00:00.000000000
20,Pagado,2007-02-01,1,2548,1713,2007-02-01 00:00:00.000000000
20,Pagado,2007-03-01,1,2548,1713,2007-03-01 00:00:00.000000000
20,Pagado,2007-04-01,1,2548,1713,2007-04-01 00:00:00.000000000
20,Pagado,2007-05-01,1,2548,1713,2007-05-01 00:00:00.000000000
20,Pagado,2007-06-01,1,2548,1713,2007-06-01 00:00:00.000000000
20,Pagado,2007-07-01,1,2548,1713,2007-07-01 00:00:00.000000000
20,Pagado,2007-08-01,1,2548,1713,2007-08-01 00:00:00.000000000
20,Pagado,2007-09-01,1,2548,1713,2007-09-01 00:00:00.000000000
20,Pagado,2007-10-01,1,2548,1713,2007-10-01 00:00:00.000000000
20,Pagado,2007-11-01,1,2548,1713,2007-11-01 00:00:00.000000000
20,Pagado,2007-12-01,1,2548,1713,2007-12-01 00:00:00.000000000
20,Pagado,2008-01-01,1,2548,1713,2008-01-01 00:00:00.000000000
20,Pagado,2008-02-01,1,2548,1713,2008-02-01 00:00:00.000000000
20,Pagado,2008-03-01,1,2548,1713,2008-03-01 00:00:00.000000000
20,Pagado,2008-04-01,1,2548,1713,2008-04-01 00:00:00.000000000
300,Pagado,2009-07-01,1,2548,1713,2008-05-01 00:00:00.000000000
20,Pagado,2009-08-01,1,2548,1713,2009-08-01 00:00:00.000000000
20,Pagado,2009-09-01,1,2548,1713,2009-09-01 00:00:00.000000000
20,Pagado,2009-10-01,1,2548,1713,2009-10-01 00:00:00.000000000
20,Pagado,2009-11-01,1,2548,1713,2009-11-01 00:00:00.000000000
160,Pagado,2010-07-01,1,2548,1713,2009-12-01 00:00:00.000000000
200,Pagado,2011-05-01,1,2548,1713,2010-08-01 00:00:00.000000000
300,Pagado,2012-09-01,1,2548,1713,2011-07-01 00:00:00.000000000
400,Pagado,2014-05-01,1,2548,1713,2012-10-01 00:00:00.000000000
20,Pagado,2014-06-01,1,2548,1713,2014-06-01 00:00:00.000000000
100,Pagado,2014-10-01,1,2548,1713,2014-06-01 00:00:00.000000000
100,Pagado,2015-04-01,1,2548,1713,2016-12-01 00:00:00.000000000
500,Pagado,2016-11-01,1,2548,1713,2014-11-01 00:00:00.000000000
140,Pagado,2017-11-01,1,2548,1713,2017-05-01 00:00:00.000000000
160,Pagado,2018-07-01,1,2548,1713,2017-12-01 00:00:00.000000000
320,Pagado,2019-11-01,1,2548,1713,2018-08-01 00:00:00.000000000
260,Pagado,2020-12-01,1,2548,1713,2019-12-01 00:00:00.000000000
240,Pagado,2021-12-01,1,2548,1713,2021-01-01 00:00:00.000000000
240,Pagado,2022-12-01,1,2548,1713,2022-01-01 00:00:00.000000000
160,Pagado,2023-08-01,1,2548,1713,2023-01-01 00:00:00.000000000
80,Pagado,2023-12-01,1,2548,1713,2023-09-01 00:00:00.000000000
360,Pagado,2024-12-01,1,2548,1713,2024-01-01 00:00:00.000000000
360,Pagado,2025-12-01,1,2548,1713,2025-01-01 00:00:00.000000000
20,Pagado,2006-05-01,1,2548,1714,2006-05-01 00:00:00.000000000
160,Pagado,2006-12-01,1,2548,1715,2006-05-01 00:00:00.000000000
200,Pagado,2007-10-01,1,2548,1715,2007-01-01 00:00:00.000000000
240,Pagado,2008-10-01,1,2548,1715,2007-11-01 00:00:00.000000000
200,Pagado,2009-08-01,1,2548,1715,2008-11-01 00:00:00.000000000
80,Pagado,2009-12-01,1,2548,1715,2009-09-01 00:00:00.000000000
220,Pagado,2010-11-01,1,2548,1715,2010-01-01 00:00:00.000000000
240,Pagado,2011-11-01,1,2548,1715,2010-12-01 00:00:00.000000000
200,Pagado,2012-09-01,1,2548,1715,2011-12-01 00:00:00.000000000
40,Pagado,2012-11-01,1,2548,1715,2012-10-01 00:00:00.000000000
120,Pagado,2013-05-01,1,2548,1715,2012-12-01 00:00:00.000000000
140,Pagado,2013-12-01,1,2548,1715,2013-06-01 00:00:00.000000000
240,Pagado,2014-12-01,1,2548,1715,2014-01-01 00:00:00.000000000
240,Pagado,2016-12-01,1,2548,1715,2016-01-01 00:00:00.000000000
240,Pagado,2017-12-01,1,2548,1715,2017-01-01 00:00:00.000000000
60,Pagado,2018-03-01,1,2548,1715,2018-01-01 00:00:00.000000000
60,Pagado,2018-06-01,1,2548,1715,2018-04-01 00:00:00.000000000
60,Pagado,2018-09-01,1,2548,1715,2018-07-01 00:00:00.000000000
60,Pagado,2018-12-01,1,2548,1715,2018-10-01 00:00:00.000000000
240,Pagado,2020-12-01,1,2548,1715,2020-01-01 00:00:00.000000000
240,Pagado,2021-12-01,1,2548,1715,2021-01-01 00:00:00.000000000
240,Pagado,2021-12-12,1,2548,1715,2019-01-01 00:00:00.000000000
240,Pagado,2022-12-01,1,2548,1715,2022-01-01 00:00:00.000000000
240,Pagado,2023-12-01,1,2548,1715,2023-01-01 00:00:00.000000000
360,Pagado,2024-12-01,1,2548,1715,2024-01-01 00:00:00.000000000
360,Pagado,2025-12-01,1,2548,1715,2025-01-01 00:00:00.000000000
20,Pagado,2006-11-01,1,2548,1716,2006-11-01 00:00:00.000000000
160,Pagado,2006-12-01,1,2548,1716,2006-05-01 00:00:00.000000000
100,Pagado,2007-05-01,1,2548,1716,2007-01-01 00:00:00.000000000
140,Pagado,2007-12-01,1,2548,1716,2007-06-01 00:00:00.000000000
220,Pagado,2008-11-01,1,2548,1716,2008-01-01 00:00:00.000000000
500,Pagado,2010-12-01,1,2548,1716,2008-12-01 00:00:00.000000000
240,Pagado,2011-12-01,1,2548,1716,2011-01-01 00:00:00.000000000
240,Pagado,2012-12-01,1,2548,1716,2012-01-01 00:00:00.000000000
240,Pagado,2013-12-01,1,2548,1716,2013-01-01 00:00:00.000000000
240,Pagado,2014-12-01,1,2548,1716,2014-01-01 00:00:00.000000000
240,Pagado,2015-12-01,1,2548,1716,2015-01-01 00:00:00.000000000
720,Pagado,2018-12-01,1,2548,1716,2016-01-01 00:00:00.000000000
300,Pagado,2007-08-01,1,2548,1717,2006-06-01 00:00:00.000000000
100,Pagado,2006-10-01,1,2548,1718,2006-06-01 00:00:00.000000000
620,Pagado,2009-05-01,1,2548,1718,2006-11-01 00:00:00.000000000
240,Pagado,2010-05-01,1,2548,1718,2009-06-01 00:00:00.000000000
40,Pagado,2006-07-01,1,2548,1719,2006-06-01 00:00:00.000000000
140,Pagado,2006-12-01,1,2548,1722,2006-06-01 00:00:00.000000000
200,Pagado,2007-10-01,1,2548,1722,2007-01-01 00:00:00.000000000
100,Pagado,2006-10-01,1,2548,1723,2006-06-01 00:00:00.000000000
20,Pagado,2006-11-01,1,2548,1723,2006-11-01 00:00:00.000000000
380,Pagado,2008-06-01,1,2548,1723,2006-12-01 00:00:00.000000000
600,Pagado,2008-12-01,1,2548,1724,2006-07-01 00:00:00.000000000
100,Pagado,2006-10-01,1,2548,1725,2006-06-01 00:00:00.000000000
100,Pagado,2007-03-01,1,2548,1725,2006-11-01 00:00:00.000000000
200,Pagado,2008-01-01,1,2548,1725,2007-04-01 00:00:00.000000000
20,Pagado,2006-06-01,1,2548,1726,2006-06-01 00:00:00.000000000
100,Pagado,2006-11-01,1,2548,1726,2006-07-01 00:00:00.000000000
100,Pagado,2007-04-01,1,2548,1726,2006-12-01 00:00:00.000000000
100,Pagado,2007-09-01,1,2548,1726,2007-05-01 00:00:00.000000000
80,Pagado,2008-01-01,1,2548,1726,2007-10-01 00:00:00.000000000
100,Pagado,2008-06-01,1,2548,1726,2008-02-01 00:00:00.000000000
80,Pagado,2008-10-01,1,2548,1726,2008-07-01 00:00:00.000000000
80,Pagado,2009-02-01,1,2548,1726,2008-11-01 00:00:00.000000000
400,Pagado,2010-10-01,1,2548,1726,2009-03-01 00:00:00.000000000
2360,Pagado,2020-08-01,1,2548,1726,2010-11-01 00:00:00.000000000
600,Pagado,2008-12-01,1,2548,1727,2006-07-01 00:00:00.000000000
300,Pagado,2007-10-01,1,2548,1730,2006-08-01 00:00:00.000000000
240,Pagado,2008-10-01,1,2548,1730,2007-11-01 00:00:00.000000000
400,Pagado,2010-06-01,1,2548,1730,2008-11-01 00:00:00.000000000
1000,Pagado,2014-08-01,1,2548,1730,2010-07-01 00:00:00.000000000
240,Pagado,2015-08-01,1,2548,1730,2014-09-01 00:00:00.000000000
240,Pagado,2016-08-01,1,2548,1730,2015-09-01 00:00:00.000000000
480,Pagado,2018-08-01,1,2548,1730,2016-09-01 00:00:00.000000000
440,Pagado,2022-12-01,1,2548,1730,2021-03-01 00:00:00.000000000
240,Pagado,2023-12-01,1,2548,1730,2023-01-01 00:00:00.000000000
360,Pagado,2024-12-01,1,2548,1730,2024-01-01 00:00:00.000000000
360,Pagado,2025-12-01,1,2548,1730,2025-01-01 00:00:00.000000000
200,Pagado,2007-05-01,1,2548,1732,2006-08-01 00:00:00.000000000
350,Pagado,2008-10-01,1,2548,1732,2007-06-01 00:00:00.000000000
40,Pagado,2006-09-01,1,2548,1735,2006-08-01 00:00:00.000000000
100,Pagado,2007-02-01,1,2548,1735,2006-10-01 00:00:00.000000000
140,Pagado,2007-09-01,1,2548,1735,2007-03-01 00:00:00.000000000
40,Pagado,2007-11-01,1,2548,1735,2007-10-01 00:00:00.000000000
900,Pagado,2011-08-01,1,2548,1735,2007-12-01 00:00:00.000000000
300,Pagado,2012-11-01,1,2548,1735,2011-09-01 00:00:00.000000000
400,Pagado,2014-07-01,1,2548,1735,2012-12-01 00:00:00.000000000
200,Pagado,2015-05-01,1,2548,1735,2014-08-01 00:00:00.000000000
100,Pagado,2015-10-01,1,2548,1735,2015-06-01 00:00:00.000000000
500,Pagado,2017-11-01,1,2548,1735,2015-11-01 00:00:00.000000000
240,Pagado,2018-11-01,1,2548,1735,2017-12-01 00:00:00.000000000
260,Pagado,2019-12-01,1,2548,1735,2018-12-01 00:00:00.000000000
20,Pagado,2020-01-01,1,2548,1735,2020-01-01 00:00:00.000000000
220,Pagado,2020-12-01,1,2548,1735,2020-02-01 00:00:00.000000000
200,Pagado,2021-10-01,1,2548,1735,2021-01-01 00:00:00.000000000
40,Pagado,2021-12-01,1,2548,1735,2021-11-01 00:00:00.000000000
240,Pagado,2022-12-01,1,2548,1735,2022-01-01 00:00:00.000000000
240,Pagado,2023-12-01,1,2548,1735,2023-01-01 00:00:00.000000000
360,Pagado,2024-12-01,1,2548,1735,2024-01-01 00:00:00.000000000
360,Pagado,2025-12-01,1,2548,1735,2025-01-01 00:00:00.000000000
100,Pagado,2006-12-01,1,2548,1736,2006-08-01 00:00:00.000000000
20,Pagado,2007-01-01,1,2548,1736,2007-01-01 00:00:00.000000000
260,Pagado,2008-01-01,1,2548,1736,2007-01-01 00:00:00.000000000
160,Pagado,2007-03-01,1,2548,1737,2006-08-01 00:00:00.000000000
40,Pagado,2006-09-01,1,2548,1738,2006-08-01 00:00:00.000000000
40,Pagado,2006-11-01,1,2548,1738,2006-12-01 00:00:00.000000000
260,Pagado,2007-12-01,1,2548,1738,2006-12-01 00:00:00.000000000
240,Pagado,2008-12-01,1,2548,1738,2008-01-01 00:00:00.000000000
220,Pagado,2009-11-01,1,2548,1738,2009-01-01 00:00:00.000000000
260,Pagado,2010-12-01,1,2548,1738,2009-12-01 00:00:00.000000000
240,Pagado,2011-12-01,1,2548,1738,2011-01-01 00:00:00.000000000
300,Pagado,2013-03-01,1,2548,1738,2012-01-01 00:00:00.000000000
500,Pagado,2015-04-01,1,2548,1738,2013-04-01 00:00:00.000000000
20,Pagado,2008-05-01,1,2548,1739,2008-05-01 00:00:00.000000000
20,Pagado,2008-07-01,1,2548,1739,2008-07-01 00:00:00.000000000
20,Pagado,2008-07-01,1,2548,1739,2008-06-01 00:00:00.000000000
20,Pagado,2008-08-01,1,2548,1739,2008-08-01 00:00:00.000000000
20,Pagado,2008-09-01,1,2548,1739,2008-09-01 00:00:00.000000000
60,Pagado,2008-12-01,1,2548,1739,2008-10-01 00:00:00.000000000
40,Pagado,2006-10-01,1,2548,1742,2006-09-01 00:00:00.000000000
20,Pagado,2006-11-01,1,2548,1742,2006-11-01 00:00:00.000000000
80,Pagado,2007-03-01,1,2548,1742,2006-12-01 00:00:00.000000000
100,Pagado,2007-08-01,1,2548,1742,2007-04-01 00:00:00.000000000
80,Pagado,2007-12-01,1,2548,1742,2007-09-01 00:00:00.000000000
20,Pagado,2008-01-01,1,2548,1742,2008-01-01 00:00:00.000000000
180,Pagado,2008-10-01,1,2548,1742,2008-02-01 00:00:00.000000000
200,Pagado,2009-08-01,1,2548,1742,2008-11-01 00:00:00.000000000
200,Pagado,2011-04-01,1,2548,1742,2010-07-01 00:00:00.000000000
200,Pagado,2011-06-01,1,2548,1742,2009-09-01 00:00:00.000000000
80,Pagado,2006-12-01,1,2548,1743,2006-09-01 00:00:00.000000000
80,Pagado,2007-04-01,1,2548,1743,2007-01-01 00:00:00.000000000
60,Pagado,2007-07-01,1,2548,1743,2007-03-01 00:00:00.000000000
100,Pagado,2007-12-01,1,2548,1743,2007-08-01 00:00:00.000000000
60,Pagado,2008-06-01,1,2548,1743,2008-04-01 00:00:00.000000000
20,Pagado,2008-07-01,1,2548,1743,2008-07-01 00:00:00.000000000
20,Pagado,2008-08-01,1,2548,1743,2008-08-01 00:00:00.000000000
40,Pagado,2008-10-01,1,2548,1743,2008-09-01 00:00:00.000000000
20,Pagado,2008-11-01,1,2548,1743,2008-11-01 00:00:00.000000000
360,Pagado,2010-05-01,1,2548,1743,2008-12-01 00:00:00.000000000
60,Pagado,2010-08-01,1,2548,1743,2010-06-01 00:00:00.000000000
100,Pagado,2011-01-01,1,2548,1743,2010-09-01 00:00:00.000000000
200,Pagado,2011-11-01,1,2548,1743,2011-02-01 00:00:00.000000000
300,Pagado,2013-02-01,1,2548,1743,2011-12-01 00:00:00.000000000
200,Pagado,2013-12-01,1,2548,1743,2013-03-01 00:00:00.000000000
200,Pagado,2007-06-01,1,2548,1744,2006-09-01 00:00:00.000000000
100,Pagado,2007-11-01,1,2548,1744,2007-07-01 00:00:00.000000000
40,Pagado,2008-01-01,1,2548,1744,2007-12-01 00:00:00.000000000
40,Pagado,2008-03-01,1,2548,1744,2008-02-01 00:00:00.000000000
60,Pagado,2008-06-01,1,2548,1744,2008-04-01 00:00:00.000000000
40,Pagado,2006-10-01,1,2548,1746,2006-09-01 00:00:00.000000000
200,Pagado,2007-06-01,1,2548,1747,2006-09-01 00:00:00.000000000
60,Pagado,2006-10-01,1,2548,1748,2006-08-01 00:00:00.000000000
60,Pagado,2007-02-01,1,2548,1748,2006-12-01 00:00:00.000000000
40,Pagado,2007-04-01,1,2548,1748,2007-03-01 00:00:00.000000000
40,Pagado,2007-06-01,1,2548,1748,2007-05-01 00:00:00.000000000
100,Pagado,2007-11-01,1,2548,1748,2007-07-01 00:00:00.000000000
600,Pagado,2010-05-01,1,2548,1748,2007-12-01 00:00:00.000000000
100,Pagado,2010-06-01,1,2548,1748,2010-06-01 00:00:00.000000000
500,Pagado,2012-11-01,1,2548,1748,2010-11-01 00:00:00.000000000
400,Pagado,2014-07-01,1,2548,1748,2012-12-01 00:00:00.000000000
200,Pagado,2007-06-01,1,2548,1749,2006-09-01 00:00:00.000000000
500,Pagado,2009-07-01,1,2548,1749,2007-07-01 00:00:00.000000000
1560,Pagado,2013-03-01,1,2548,1750,2006-10-01 00:00:00.000000000
40,Pagado,2006-10-01,1,2548,1751,2006-09-01 00:00:00.000000000
100,Pagado,2007-03-01,1,2548,1751,2006-11-01 00:00:00.000000000
80,Pagado,2007-07-01,1,2548,1751,2007-04-01 00:00:00.000000000
20,Pagado,2007-08-01,1,2548,1751,2007-08-01 00:00:00.000000000
360,Pagado,2009-02-01,1,2548,1751,2007-09-01 00:00:00.000000000
680,Pagado,2011-12-01,1,2548,1751,2009-03-01 00:00:00.000000000
240,Pagado,2012-12-01,1,2548,1751,2012-01-01 00:00:00.000000000
100,Pagado,2007-01-01,1,2548,1752,2006-09-01 00:00:00.000000000
220,Pagado,2007-12-01,1,2548,1752,2007-02-01 00:00:00.000000000
1080,Pagado,2012-06-01,1,2548,1752,2008-01-01 00:00:00.000000000
60,Pagado,2006-11-01,1,2548,1753,2006-09-01 00:00:00.000000000
160,Pagado,2007-04-01,1,2548,1754,2006-09-01 00:00:00.000000000
160,Pagado,2007-12-01,1,2548,1754,2007-05-01 00:00:00.000000000
240,Pagado,2009-12-01,1,2548,1754,2009-01-01 00:00:00.000000000
100,Pagado,2010-05-01,1,2548,1754,2010-01-01 00:00:00.000000000
140,Pagado,2010-12-01,1,2548,1754,2010-06-01 00:00:00.000000000
260,Pagado,2012-01-01,1,2548,1754,2011-01-01 00:00:00.000000000
100,Pagado,2012-06-01,1,2548,1754,2012-02-01 00:00:00.000000000
80,Pagado,2012-10-01,1,2548,1754,2012-07-01 00:00:00.000000000
20,Pagado,2012-11-01,1,2548,1754,2012-11-01 00:00:00.000000000
20,Pagado,2012-12-01,1,2548,1754,2012-12-01 00:00:00.000000000
140,Pagado,2013-07-01,1,2548,1754,2013-01-01 00:00:00.000000000
40,Pagado,2013-09-01,1,2548,1754,2013-08-01 00:00:00.000000000
60,Pagado,2013-12-01,1,2548,1754,2013-10-01 00:00:00.000000000
100,Pagado,2014-05-01,1,2548,1754,2014-01-01 00:00:00.000000000
140,Pagado,2014-12-01,1,2548,1754,2014-06-01 00:00:00.000000000
100,Pagado,2015-05-01,1,2548,1754,2015-01-01 00:00:00.000000000
140,Pagado,2015-12-01,1,2548,1754,2015-06-01 00:00:00.000000000
200,Pagado,2016-10-01,1,2548,1754,2016-01-01 00:00:00.000000000
20,Pagado,2016-11-01,1,2548,1754,2016-11-01 00:00:00.000000000
500,Pagado,2018-12-01,1,2548,1754,2016-12-01 00:00:00.000000000
240,Pagado,2019-12-01,1,2548,1754,2019-01-01 00:00:00.000000000
480,Pagado,2021-12-01,1,2548,1754,2020-01-01 00:00:00.000000000
240,Pagado,2022-12-01,1,2548,1754,2022-01-01 00:00:00.000000000
240,Pagado,2023-12-01,1,2548,1754,2023-01-01 00:00:00.000000000
360,Pagado,2024-12-01,1,2548,1754,2024-01-01 00:00:00.000000000
360,Pagado,2025-12-01,1,2548,1754,2025-01-01 00:00:00.000000000
80,Pagado,2006-12-01,1,2548,1755,2006-09-01 00:00:00.000000000
200,Pagado,2007-10-01,1,2548,1755,2007-01-01 00:00:00.000000000
220,Pagado,2008-09-01,1,2548,1755,2007-11-01 00:00:00.000000000
20,Pagado,2008-10-01,1,2548,1755,2008-10-01 00:00:00.000000000
460,Pagado,2011-11-01,1,2548,1755,2010-01-01 00:00:00.000000000
240,Pagado,2007-10-01,1,2548,1759,2006-11-01 00:00:00.000000000
280,Pagado,2008-12-01,1,2548,1759,2007-11-01 00:00:00.000000000
340,Pagado,2010-05-01,1,2548,1759,2009-01-01 00:00:00.000000000
300,Pagado,2011-08-01,1,2548,1759,2010-06-01 00:00:00.000000000
500,Pagado,2013-09-01,1,2548,1759,2011-09-01 00:00:00.000000000
2460,Pagado,2023-11-01,1,2548,1759,2013-09-01 00:00:00.000000000
20,Pagado,2023-12-01,1,2548,1759,2023-12-01 00:00:00.000000000
360,Pagado,2024-12-01,1,2548,1759,2024-01-01 00:00:00.000000000
360,Pagado,2025-12-01,1,2548,1759,2025-01-01 00:00:00.000000000
40,Pagado,2006-11-01,1,2548,1760,2006-10-01 00:00:00.000000000
40,Pagado,2007-01-01,1,2548,1760,2006-12-01 00:00:00.000000000
60,Pagado,2008-07-01,1,2548,1760,2008-05-01 00:00:00.000000000
400,Pagado,2010-03-01,1,2548,1760,2008-08-01 00:00:00.000000000
300,Pagado,2011-06-01,1,2548,1760,2010-04-01 00:00:00.000000000
240,Pagado,2012-06-01,1,2548,1760,2011-07-01 00:00:00.000000000
360,Pagado,2013-12-01,1,2548,1760,2012-07-01 00:00:00.000000000
240,Pagado,2014-12-01,1,2548,1760,2014-01-01 00:00:00.000000000
240,Pagado,2015-12-01,1,2548,1760,2015-01-01 00:00:00.000000000
240,Pagado,2016-12-01,1,2548,1760,2016-01-01 00:00:00.000000000
240,Pagado,2017-12-01,1,2548,1760,2017-01-01 00:00:00.000000000
240,Pagado,2018-12-01,1,2548,1760,2018-01-01 00:00:00.000000000
240,Pagado,2019-12-01,1,2548,1760,2019-01-01 00:00:00.000000000
240,Pagado,2020-12-01,1,2548,1760,2020-01-01 00:00:00.000000000
240,Pagado,2021-12-01,1,2548,1760,2021-01-01 00:00:00.000000000
240,Pagado,2022-12-01,1,2548,1760,2022-01-01 00:00:00.000000000
240,Pagado,2023-12-01,1,2548,1760,2023-01-01 00:00:00.000000000
360,Pagado,2024-12-01,1,2548,1760,2024-01-01 00:00:00.000000000
360,Pagado,2025-12-01,1,2548,1760,2025-01-01 00:00:00.000000000
200,Pagado,2007-08-01,1,2548,1761,2006-11-01 00:00:00.000000000
80,Pagado,2007-12-01,1,2548,1761,2007-09-01 00:00:00.000000000
180,Pagado,2008-09-01,1,2548,1761,2008-01-01 00:00:00.000000000
20,Pagado,2008-10-01,1,2548,1761,2008-10-01 00:00:00.000000000
40,Pagado,2008-12-01,1,2548,1761,2008-11-01 00:00:00.000000000
80,Pagado,2009-04-01,1,2548,1761,2009-01-01 00:00:00.000000000
640,Pagado,2011-12-01,1,2548,1761,2009-05-01 00:00:00.000000000
240,Pagado,2012-12-01,1,2548,1761,2012-01-01 00:00:00.000000000
220,Pagado,2013-11-01,1,2548,1761,2013-01-01 00:00:00.000000000
240,Pagado,2014-11-01,1,2548,1761,2013-12-01 00:00:00.000000000
200,Pagado,2016-12-01,1,2548,1761,2014-12-01 00:00:00.000000000
240,Pagado,2017-12-01,1,2548,1761,2017-01-01 00:00:00.000000000
240,Pagado,2018-12-01,1,2548,1761,2018-01-01 00:00:00.000000000
100,Pagado,2019-05-01,1,2548,1761,2019-01-01 00:00:00.000000000
800,Pagado,2022-09-01,1,2548,1761,2019-06-01 00:00:00.000000000
60,Pagado,2022-12-01,1,2548,1761,2022-10-01 00:00:00.000000000
240,Pagado,2023-12-01,1,2548,1761,2023-01-01 00:00:00.000000000
720,Pagado,2025-12-01,1,2548,1761,2024-01-01 00:00:00.000000000
500,Pagado,2008-10-01,1,2548,1763,2006-10-01 00:00:00.000000000
60,Pagado,2006-12-01,1,2548,1764,2006-10-01 00:00:00.000000000
100,Pagado,2007-05-01,1,2548,1764,2007-01-01 00:00:00.000000000
80,Pagado,2007-09-01,1,2548,1764,2007-06-01 00:00:00.000000000
60,Pagado,2007-12-01,1,2548,1764,2007-10-01 00:00:00.000000000
80,Pagado,2008-04-01,1,2548,1764,2008-01-01 00:00:00.000000000
100,Pagado,2008-09-01,1,2548,1764,2008-05-01 00:00:00.000000000
60,Pagado,2008-12-01,1,2548,1764,2008-10-01 00:00:00.000000000
100,Pagado,2009-05-01,1,2548,1764,2009-01-01 00:00:00.000000000
100,Pagado,2009-10-01,1,2548,1764,2009-06-01 00:00:00.000000000
140,Pagado,2010-05-01,1,2548,1764,2009-11-01 00:00:00.000000000
140,Pagado,2010-12-01,1,2548,1764,2010-06-01 00:00:00.000000000
240,Pagado,2011-12-01,1,2548,1764,2011-01-01 00:00:00.000000000
480,Pagado,2013-12-01,1,2548,1764,2012-01-01 00:00:00.000000000
240,Pagado,2014-12-01,1,2548,1764,2014-01-01 00:00:00.000000000
240,Pagado,2015-12-01,1,2548,1764,2015-01-01 00:00:00.000000000
240,Pagado,2016-12-01,1,2548,1764,2016-01-01 00:00:00.000000000
440,Pagado,2018-10-01,1,2548,1764,2017-01-01 00:00:00.000000000
300,Pagado,2020-01-01,1,2548,1764,2018-11-01 00:00:00.000000000
220,Pagado,2020-12-01,1,2548,1764,2020-02-01 00:00:00.000000000
200,Pagado,2021-10-01,1,2548,1764,2021-01-01 00:00:00.000000000
40,Pagado,2021-12-01,1,2548,1764,2021-11-01 00:00:00.000000000
160,Pagado,2022-08-01,1,2548,1764,2022-01-01 00:00:00.000000000
80,Pagado,2022-12-01,1,2548,1764,2022-09-01 00:00:00.000000000
120,Pagado,2023-06-01,1,2548,1764,2023-01-01 00:00:00.000000000
120,Pagado,2023-12-01,1,2548,1764,2023-07-01 00:00:00.000000000
360,Pagado,2024-12-01,1,2548,1764,2024-01-01 00:00:00.000000000
180,Pagado,2025-06-01,1,2548,1764,2025-01-01 00:00:00.000000000
180,Pagado,2025-12-01,1,2548,1764,2025-07-01 00:00:00.000000000
40,Pagado,2006-12-01,1,2548,1768,2006-11-01 00:00:00.000000000
280,Pagado,2007-12-01,1,2548,1769,2006-11-01 00:00:00.000000000
500,Pagado,2010-01-01,1,2548,1769,2008-01-01 00:00:00.000000000
200,Pagado,2010-11-01,1,2548,1769,2010-02-01 00:00:00.000000000
260,Pagado,2011-12-01,1,2548,1769,2010-12-01 00:00:00.000000000
240,Pagado,2012-12-01,1,2548,1769,2012-01-01 00:00:00.000000000
480,Pagado,2014-12-01,1,2548,1769,2013-01-01 00:00:00.000000000
240,Pagado,2015-12-01,1,2548,1769,2015-01-01 00:00:00.000000000
600,Pagado,2018-06-01,1,2548,1769,2016-01-01 00:00:00.000000000
960,Pagado,2018-12-01,1,2548,1769,2015-01-01 00:00:00.000000000
700,Pagado,2021-05-01,1,2548,1769,2018-07-01 00:00:00.000000000
320,Pagado,2022-09-01,1,2548,1769,2021-06-01 00:00:00.000000000
60,Pagado,2022-12-01,1,2548,1769,2022-10-01 00:00:00.000000000
240,Pagado,2023-12-01,1,2548,1769,2023-01-01 00:00:00.000000000
360,Pagado,2024-12-01,1,2548,1769,2024-01-01 00:00:00.000000000
360,Pagado,2025-12-01,1,2548,1769,2025-01-01 00:00:00.000000000
60,Pagado,2007-01-01,1,2548,1770,2006-11-01 00:00:00.000000000
300,Pagado,2008-01-01,1,2548,1771,2006-11-01 00:00:00.000000000
500,Pagado,2010-02-01,1,2548,1771,2008-02-01 00:00:00.000000000
120,Pagado,2007-04-01,1,2548,1772,2006-11-01 00:00:00.000000000
20,Pagado,2007-05-01,1,2548,1772,2007-05-01 00:00:00.000000000
40,Pagado,2007-07-01,1,2548,1772,2007-06-01 00:00:00.000000000
20,Pagado,2007-08-01,1,2548,1772,2007-08-01 00:00:00.000000000
40,Pagado,2007-10-01,1,2548,1772,2007-09-01 00:00:00.000000000
20,Pagado,2007-11-01,1,2548,1772,2007-11-01 00:00:00.000000000
80,Pagado,2008-03-01,1,2548,1772,2007-12-01 00:00:00.000000000
120,Pagado,2008-09-01,1,2548,1772,2008-04-01 00:00:00.000000000
20,Pagado,2008-10-01,1,2548,1772,2008-10-01 00:00:00.000000000
260,Pagado,2009-11-01,1,2548,1772,2008-11-01 00:00:00.000000000
240,Pagado,2010-11-01,1,2548,1772,2009-12-01 00:00:00.000000000
260,Pagado,2011-12-01,1,2548,1772,2010-12-01 00:00:00.000000000
220,Pagado,2012-11-01,1,2548,1772,2012-01-01 00:00:00.000000000
240,Pagado,2013-11-01,1,2548,1772,2012-12-01 00:00:00.000000000
240,Pagado,2014-11-01,1,2548,1772,2013-12-01 00:00:00.000000000
260,Pagado,2015-12-01,1,2548,1772,2014-12-01 00:00:00.000000000
220,Pagado,2016-11-01,1,2548,1772,2016-01-01 00:00:00.000000000
100,Pagado,2017-04-01,1,2548,1772,2016-12-01 00:00:00.000000000
100,Pagado,2017-09-01,1,2548,1772,2017-05-01 00:00:00.000000000
60,Pagado,2017-12-01,1,2548,1772,2017-10-01 00:00:00.000000000
240,Pagado,2018-12-01,1,2548,1772,2018-01-01 00:00:00.000000000
260,Pagado,2020-01-01,1,2548,1772,2019-01-01 00:00:00.000000000
220,Pagado,2020-12-01,1,2548,1772,2020-02-01 00:00:00.000000000
200,Pagado,2021-10-01,1,2548,1772,2021-01-01 00:00:00.000000000
40,Pagado,2021-12-01,1,2548,1772,2021-11-01 00:00:00.000000000
240,Pagado,2022-12-01,1,2548,1772,2022-01-01 00:00:00.000000000
240,Pagado,2023-12-01,1,2548,1772,2023-01-01 00:00:00.000000000
360,Pagado,2024-12-01,1,2548,1772,2024-01-01 00:00:00.000000000
360,Pagado,2025-12-01,1,2548,1772,2025-01-01 00:00:00.000000000
260,Pagado,2007-12-01,1,2548,1774,2006-12-01 00:00:00.000000000
100,Pagado,2008-05-01,1,2548,1774,2008-01-01 00:00:00.000000000
200,Pagado,2009-03-01,1,2548,1774,2008-06-01 00:00:00.000000000
300,Pagado,2010-06-01,1,2548,1774,2009-04-01 00:00:00.000000000
360,Pagado,2011-12-01,1,2548,1774,2010-07-01 00:00:00.000000000
160,Pagado,2012-08-01,1,2548,1774,2012-01-01 00:00:00.000000000
60,Pagado,2012-11-01,1,2548,1774,2012-09-01 00:00:00.000000000
100,Pagado,2013-04-01,1,2548,1774,2012-12-01 00:00:00.000000000
100,Pagado,2013-09-01,1,2548,1774,2013-05-01 00:00:00.000000000
60,Pagado,2013-12-01,1,2548,1774,2013-10-01 00:00:00.000000000
40,Pagado,2007-11-01,1,2548,1775,2006-11-01 00:00:00.000000000
240,Pagado,2007-12-01,1,2548,1775,2007-01-01 00:00:00.000000000
40,Pagado,2007-02-01,1,2548,1778,2007-01-01 00:00:00.000000000
160,Pagado,2007-09-01,1,2548,1779,2007-02-01 00:00:00.000000000
300,Pagado,2008-12-01,1,2548,1779,2007-10-01 00:00:00.000000000
100,Pagado,2009-05-01,1,2548,1779,2009-01-01 00:00:00.000000000
60,Pagado,2007-03-01,1,2548,1782,2007-01-01 00:00:00.000000000
40,Pagado,2007-03-01,1,2548,1784,2007-02-01 00:00:00.000000000
40,Pagado,2008-02-01,1,2548,1784,2008-01-01 00:00:00.000000000
40,Pagado,2008-05-01,1,2548,1784,2008-04-01 00:00:00.000000000
80,Pagado,2008-09-01,1,2548,1784,2008-06-01 00:00:00.000000000
60,Pagado,2008-12-01,1,2548,1784,2008-10-01 00:00:00.000000000
220,Pagado,2009-11-01,1,2548,1784,2009-01-01 00:00:00.000000000
260,Pagado,2010-12-01,1,2548,1784,2009-12-01 00:00:00.000000000
240,Pagado,2011-12-01,1,2548,1784,2011-01-01 00:00:00.000000000
240,Pagado,2012-12-01,1,2548,1784,2012-01-01 00:00:00.000000000
40,Pagado,2013-02-01,1,2548,1784,2013-01-01 00:00:00.000000000
200,Pagado,2013-12-01,1,2548,1784,2013-03-01 00:00:00.000000000
240,Pagado,2014-12-01,1,2548,1784,2014-01-01 00:00:00.000000000
100,Pagado,2015-05-01,1,2548,1784,2015-01-01 00:00:00.000000000
220,Pagado,2007-12-01,1,2548,1785,2007-02-01 00:00:00.000000000
40,Pagado,2008-02-01,1,2548,1785,2008-01-01 00:00:00.000000000
20,Pagado,2012-03-01,1,2548,1785,2012-03-01 00:00:00.000000000
160,Pagado,2012-11-01,1,2548,1785,2012-04-01 00:00:00.000000000
240,Pagado,2013-11-01,1,2548,1785,2012-12-01 00:00:00.000000000
80,Pagado,2014-03-01,1,2548,1785,2013-12-01 00:00:00.000000000
60,Pagado,2014-06-01,1,2548,1785,2014-04-01 00:00:00.000000000
20,Pagado,2014-07-01,1,2548,1785,2014-07-01 00:00:00.000000000
100,Pagado,2014-12-01,1,2548,1785,2014-08-01 00:00:00.000000000
320,Pagado,2008-05-01,1,2548,1786,2007-02-01 00:00:00.000000000
200,Pagado,2009-03-01,1,2548,1786,2008-06-01 00:00:00.000000000
200,Pagado,2010-01-01,1,2548,1786,2009-04-01 00:00:00.000000000
220,Pagado,2007-12-01,1,2548,1787,2007-02-01 00:00:00.000000000
180,Pagado,2007-12-01,1,2548,1787,2007-04-01 00:00:00.000000000
220,Pagado,2008-11-01,1,2548,1787,2008-01-01 00:00:00.000000000
500,Pagado,2010-12-01,1,2548,1787,2008-12-01 00:00:00.000000000
120,Pagado,2011-06-01,1,2548,1787,2011-01-01 00:00:00.000000000
20,Pagado,2011-07-01,1,2548,1787,2011-07-01 00:00:00.000000000
40,Pagado,2011-09-01,1,2548,1787,2011-08-01 00:00:00.000000000
40,Pagado,2011-11-01,1,2548,1787,2011-10-01 00:00:00.000000000
60,Pagado,2012-02-01,1,2548,1787,2011-12-01 00:00:00.000000000
20,Pagado,2012-03-01,1,2548,1787,2012-03-01 00:00:00.000000000
180,Pagado,2012-12-01,1,2548,1787,2012-04-01 00:00:00.000000000
240,Pagado,2014-12-01,1,2548,1787,2014-01-01 00:00:00.000000000
200,Pagado,2007-12-01,1,2548,1788,2007-03-01 00:00:00.000000000
20,Pagado,2008-01-01,1,2548,1788,2008-01-01 00:00:00.000000000
60,Pagado,2008-04-01,1,2548,1788,2008-02-01 00:00:00.000000000
40,Pagado,2008-06-01,1,2548,1788,2008-05-01 00:00:00.000000000
40,Pagado,2008-08-01,1,2548,1788,2008-07-01 00:00:00.000000000
80,Pagado,2008-12-01,1,2548,1788,2008-09-01 00:00:00.000000000
20,Pagado,2009-01-01,1,2548,1788,2009-01-01 00:00:00.000000000
140,Pagado,2007-09-01,1,2548,1789,2007-03-01 00:00:00.000000000
20,Pagado,2007-10-01,1,2548,1789,2007-10-01 00:00:00.000000000
600,Pagado,2011-04-01,1,2548,1791,2008-11-01 00:00:00.000000000
20,Pagado,2007-03-01,1,2548,1793,2007-03-01 00:00:00.000000000
40,Pagado,2007-05-01,1,2548,1793,2007-04-01 00:00:00.000000000
20,Pagado,2007-06-01,1,2548,1793,2007-06-01 00:00:00.000000000
20,Pagado,2007-07-01,1,2548,1793,2007-07-01 00:00:00.000000000
40,Pagado,2007-09-01,1,2548,1793,2007-08-01 00:00:00.000000000
40,Pagado,2007-11-01,1,2548,1793,2007-10-01 00:00:00.000000000
60,Pagado,2008-02-01,1,2548,1793,2007-12-01 00:00:00.000000000
120,Pagado,2008-08-01,1,2548,1793,2008-03-01 00:00:00.000000000
60,Pagado,2007-05-01,1,2548,1797,2007-03-01 00:00:00.000000000
60,Pagado,2007-08-01,1,2548,1797,2007-06-01 00:00:00.000000000
60,Pagado,2007-11-01,1,2548,1797,2007-09-01 00:00:00.000000000
20,Pagado,2007-12-01,1,2548,1797,2007-12-01 00:00:00.000000000
120,Pagado,2008-10-01,1,2548,1797,2008-05-01 00:00:00.000000000
20,Pagado,2008-11-01,1,2548,1797,2008-11-01 00:00:00.000000000
180,Pagado,2007-12-01,1,2548,1798,2007-04-01 00:00:00.000000000
220,Pagado,2008-11-01,1,2548,1798,2008-01-01 00:00:00.000000000
140,Pagado,2009-06-01,1,2548,1798,2008-12-01 00:00:00.000000000
340,Pagado,2010-11-01,1,2548,1798,2009-07-01 00:00:00.000000000
20,Pagado,2010-12-01,1,2548,1798,2010-12-01 00:00:00.000000000
420,Pagado,2012-09-01,1,2548,1798,2011-01-01 00:00:00.000000000
380,Pagado,2008-10-01,1,2548,1799,2007-04-01 00:00:00.000000000
40,Pagado,2008-12-01,1,2548,1799,2008-11-01 00:00:00.000000000
240,Pagado,2009-12-01,1,2548,1799,2009-01-01 00:00:00.000000000
240,Pagado,2010-12-01,1,2548,1799,2010-01-01 00:00:00.000000000
240,Pagado,2011-12-01,1,2548,1799,2011-01-01 00:00:00.000000000
480,Pagado,2013-12-01,1,2548,1799,2012-01-01 00:00:00.000000000
240,Pagado,2014-12-01,1,2548,1799,2014-01-01 00:00:00.000000000
240,Pagado,2015-12-01,1,2548,1799,2015-01-01 00:00:00.000000000
240,Pagado,2015-12-01,1,2548,1799,2015-01-01 00:00:00.000000000
240,Pagado,2017-12-01,1,2548,1799,2017-01-01 00:00:00.000000000
240,Pagado,2018-12-01,1,2548,1799,2018-01-01 00:00:00.000000000
480,Pagado,2020-12-01,1,2548,1799,2019-01-01 00:00:00.000000000
220,Pagado,2021-12-01,1,2548,1799,2021-02-01 00:00:00.000000000
240,Pagado,2022-12-01,1,2548,1799,2022-01-01 00:00:00.000000000
240,Pagado,2023-12-01,1,2548,1799,2023-01-01 00:00:00.000000000
360,Pagado,2024-12-01,1,2548,1799,2024-01-01 00:00:00.000000000
360,Pagado,2025-12-01,1,2548,1799,2025-01-01 00:00:00.000000000
120,Pagado,2007-09-01,1,2548,1800,2007-04-01 00:00:00.000000000
100,Pagado,2007-08-01,1,2548,1801,2007-04-01 00:00:00.000000000
60,Pagado,2007-05-01,1,2548,1802,2007-03-01 00:00:00.000000000
40,Pagado,2007-07-01,1,2548,1802,2007-06-01 00:00:00.000000000
60,Pagado,2007-10-01,1,2548,1802,2007-08-01 00:00:00.000000000
20,Pagado,2007-11-01,1,2548,1802,2007-11-01 00:00:00.000000000
80,Pagado,2008-03-01,1,2548,1802,2007-12-01 00:00:00.000000000
120,Pagado,2008-09-01,1,2548,1802,2008-04-01 00:00:00.000000000
20,Pagado,2008-10-01,1,2548,1802,2008-10-01 00:00:00.000000000
260,Pagado,2009-11-01,1,2548,1802,2008-11-01 00:00:00.000000000
240,Pagado,2010-11-01,1,2548,1802,2009-12-01 00:00:00.000000000
220,Pagado,2011-10-01,1,2548,1802,2010-12-01 00:00:00.000000000
20,Pagado,2011-11-01,1,2548,1802,2011-11-01 00:00:00.000000000
240,Pagado,2012-11-01,1,2548,1802,2011-12-01 00:00:00.000000000
260,Pagado,2013-12-01,1,2548,1802,2012-12-01 00:00:00.000000000
240,Pagado,2014-12-01,1,2548,1802,2014-01-01 00:00:00.000000000
480,Pagado,2016-12-01,1,2548,1802,2015-01-01 00:00:00.000000000
240,Pagado,2017-12-01,1,2548,1802,2017-01-01 00:00:00.000000000
240,Pagado,2018-12-01,1,2548,1802,2018-01-01 00:00:00.000000000
200,Pagado,2019-10-01,1,2548,1802,2019-01-01 00:00:00.000000000
700,Pagado,2022-09-01,1,2548,1802,2019-11-01 00:00:00.000000000
60,Pagado,2022-12-01,1,2548,1802,2022-10-01 00:00:00.000000000
240,Pagado,2023-12-01,1,2548,1802,2023-01-01 00:00:00.000000000
360,Pagado,2024-12-01,1,2548,1802,2024-01-01 00:00:00.000000000
360,Pagado,2025-12-01,1,2548,1802,2025-01-01 00:00:00.000000000
80,Pagado,2007-07-01,1,2548,1803,2007-04-01 00:00:00.000000000
140,Pagado,2007-10-01,1,2548,1805,2007-04-01 00:00:00.000000000
100,Pagado,2008-03-01,1,2548,1805,2007-11-01 00:00:00.000000000
80,Pagado,2007-07-01,1,2548,1806,2007-04-01 00:00:00.000000000
100,Pagado,2007-12-01,1,2548,1806,2007-08-01 00:00:00.000000000
240,Pagado,2008-12-01,1,2548,1806,2008-01-01 00:00:00.000000000
240,Pagado,2009-12-01,1,2548,1806,2009-01-01 00:00:00.000000000
480,Pagado,2011-12-01,1,2548,1806,2010-01-01 00:00:00.000000000
240,Pagado,2012-12-01,1,2548,1806,2012-01-01 00:00:00.000000000
240,Pagado,2013-12-01,1,2548,1806,2013-01-01 00:00:00.000000000
240,Pagado,2014-12-01,1,2548,1806,2014-01-01 00:00:00.000000000
240,Pagado,2015-12-01,1,2548,1806,2015-01-01 00:00:00.000000000
240,Pagado,2016-12-01,1,2548,1806,2016-01-01 00:00:00.000000000
240,Pagado,2017-12-01,1,2548,1806,2017-01-01 00:00:00.000000000
240,Pagado,2018-12-01,1,2548,1806,2018-01-01 00:00:00.000000000
240,Pagado,2019-12-01,1,2548,1806,2019-01-01 00:00:00.000000000
240,Pagado,2020-12-01,1,2548,1806,2020-01-01 00:00:00.000000000
240,Pagado,2021-12-01,1,2548,1806,2021-01-01 00:00:00.000000000
240,Pagado,2022-12-01,1,2548,1806,2022-01-01 00:00:00.000000000
240,Pagado,2023-12-01,1,2548,1806,2023-01-01 00:00:00.000000000
360,Pagado,2024-12-01,1,2548,1806,2024-01-01 00:00:00.000000000
360,Pagado,2025-12-01,1,2548,1806,2025-01-01 00:00:00.000000000
100,Pagado,2007-08-01,1,2548,1807,2007-04-01 00:00:00.000000000
80,Pagado,2007-12-01,1,2548,1807,2007-09-01 00:00:00.000000000
140,Pagado,2008-07-01,1,2548,1807,2008-01-01 00:00:00.000000000
20,Pagado,2008-08-01,1,2548,1807,2008-08-01 00:00:00.000000000
60,Pagado,2008-11-01,1,2548,1807,2008-09-01 00:00:00.000000000
500,Pagado,2010-12-01,1,2548,1807,2008-12-01 00:00:00.000000000
60,Pagado,2007-07-01,1,2548,1808,2007-05-01 00:00:00.000000000
200,Pagado,2008-05-01,1,2548,1808,2007-08-01 00:00:00.000000000
160,Pagado,2007-12-01,1,2548,1809,2007-05-01 00:00:00.000000000
500,Pagado,2009-04-01,1,2548,1811,2007-04-01 00:00:00.000000000
240,Pagado,2010-04-01,1,2548,1811,2009-05-01 00:00:00.000000000
240,Pagado,2011-04-01,1,2548,1811,2010-05-01 00:00:00.000000000
240,Pagado,2012-04-01,1,2548,1811,2011-05-01 00:00:00.000000000
240,Pagado,2013-04-01,1,2548,1811,2012-05-01 00:00:00.000000000
210,Pagado,2024-12-01,1,2548,1811,2024-06-01 00:00:00.000000000
360,Pagado,2025-12-01,1,2548,1811,2025-01-01 00:00:00.000000000
20,Pagado,2007-05-01,1,2548,1813,2007-05-01 00:00:00.000000000
20,Pagado,2007-06-01,1,2548,1813,2007-06-01 00:00:00.000000000
340,Pagado,2008-11-01,1,2548,1813,2007-07-01 00:00:00.000000000
20,Pagado,2008-12-01,1,2548,1813,2008-12-01 00:00:00.000000000
80,Pagado,2007-08-01,1,2548,1814,2007-05-01 00:00:00.000000000
240,Pagado,2008-08-01,1,2548,1814,2007-09-01 00:00:00.000000000
160,Pagado,2007-12-01,1,2548,1815,2007-05-01 00:00:00.000000000
400,Pagado,2010-07-01,1,2548,1815,2008-12-01 00:00:00.000000000
1000,Pagado,2014-09-01,1,2548,1815,2010-08-01 00:00:00.000000000
500,Pagado,2016-10-01,1,2548,1815,2014-10-01 00:00:00.000000000
500,Pagado,2018-11-01,1,2548,1815,2016-11-01 00:00:00.000000000
300,Pagado,2020-02-01,1,2548,1815,2018-12-01 00:00:00.000000000
300,Pagado,2021-05-01,1,2548,1815,2020-03-01 00:00:00.000000000
300,Pagado,2022-08-01,1,2548,1815,2021-06-01 00:00:00.000000000
260,Pagado,2023-09-01,1,2548,1815,2022-09-01 00:00:00.000000000
60,Pagado,2023-12-01,1,2548,1815,2023-10-01 00:00:00.000000000
180,Pagado,2024-06-01,1,2548,1815,2024-01-01 00:00:00.000000000
180,Pagado,2024-12-01,1,2548,1815,2024-07-01 00:00:00.000000000
90,Pagado,2025-03-01,1,2548,1815,2025-01-01 00:00:00.000000000
90,Pagado,2025-06-01,1,2548,1815,2025-04-01 00:00:00.000000000
90,Pagado,2026-03-01,1,2548,1815,2026-01-01 00:00:00.000000000
100,Pagado,2007-10-01,1,2548,1816,2007-06-01 00:00:00.000000000
200,Pagado,2009-11-01,1,2548,1816,2007-11-01 00:00:00.000000000
2440,Pagado,2020-01-01,1,2548,1816,2009-12-01 00:00:00.000000000
640,Pagado,2022-09-01,1,2548,1816,2020-02-01 00:00:00.000000000
60,Pagado,2022-12-01,1,2548,1816,2022-10-01 00:00:00.000000000
60,Pagado,2023-03-01,1,2548,1816,2023-01-01 00:00:00.000000000
180,Pagado,2023-12-01,1,2548,1816,2023-04-01 00:00:00.000000000
360,Pagado,2024-12-01,1,2548,1816,2024-01-01 00:00:00.000000000
190,Pagado,2025-05-01,1,2548,1816,2025-01-01 00:00:00.000000000
210,Pagado,2025-12-01,1,2548,1816,2025-06-01 00:00:00.000000000
60,Pagado,2007-08-01,1,2548,1819,2007-06-01 00:00:00.000000000
80,Pagado,2007-12-01,1,2548,1819,2007-09-01 00:00:00.000000000
100,Pagado,2008-05-01,1,2548,1819,2008-01-01 00:00:00.000000000
500,Pagado,2010-06-01,1,2548,1819,2008-06-01 00:00:00.000000000
240,Pagado,2013-06-01,1,2548,1819,2012-07-01 00:00:00.000000000
240,Pagado,2014-06-01,1,2548,1819,2013-07-01 00:00:00.000000000
240,Pagado,2015-06-01,1,2548,1819,2014-07-01 00:00:00.000000000
240,Pagado,2016-06-01,1,2548,1819,2015-07-01 00:00:00.000000000
240,Pagado,2017-06-01,1,2548,1819,2016-07-01 00:00:00.000000000
240,Pagado,2018-06-01,1,2548,1819,2017-07-01 00:00:00.000000000
240,Pagado,2019-06-01,1,2548,1819,2018-07-01 00:00:00.000000000
240,Pagado,2020-06-01,1,2548,1819,2019-07-01 00:00:00.000000000
240,Pagado,2021-06-01,1,2548,1819,2020-07-01 00:00:00.000000000
240,Pagado,2022-06-01,1,2548,1819,2021-07-01 00:00:00.000000000
240,Pagado,2023-06-01,1,2548,1819,2022-07-01 00:00:00.000000000
120,Pagado,2023-12-01,1,2548,1819,2023-07-01 00:00:00.000000000
360,Pagado,2024-12-01,1,2548,1819,2024-01-01 00:00:00.000000000
360,Pagado,2025-12-01,1,2548,1819,2025-01-01 00:00:00.000000000
140,Pagado,2007-12-01,1,2548,1820,2007-06-01 00:00:00.000000000
200,Pagado,2009-06-01,1,2548,1821,2007-06-01 00:00:00.000000000
460,Pagado,2011-05-01,1,2548,1822,2007-06-01 00:00:00.000000000
20,Pagado,2011-06-01,1,2548,1822,2011-06-01 00:00:00.000000000
120,Pagado,2007-12-01,1,2548,1823,2007-07-01 00:00:00.000000000
240,Pagado,2008-12-01,1,2548,1823,2008-01-01 00:00:00.000000000
240,Pagado,2009-12-01,1,2548,1823,2009-01-01 00:00:00.000000000
240,Pagado,2010-12-01,1,2548,1823,2010-01-01 00:00:00.000000000
240,Pagado,2011-12-01,1,2548,1823,2011-01-01 00:00:00.000000000
240,Pagado,2012-12-01,1,2548,1823,2012-01-01 00:00:00.000000000
240,Pagado,2013-12-01,1,2548,1823,2013-01-01 00:00:00.000000000
240,Pagado,2014-12-01,1,2548,1823,2014-01-01 00:00:00.000000000
240,Pagado,2015-12-01,1,2548,1823,2015-01-01 00:00:00.000000000
240,Pagado,2016-12-01,1,2548,1823,2016-01-01 00:00:00.000000000
240,Pagado,2017-12-01,1,2548,1823,2017-01-01 00:00:00.000000000
240,Pagado,2018-12-01,1,2548,1823,2018-01-01 00:00:00.000000000
280,Pagado,2008-09-01,1,2548,1825,2007-08-01 00:00:00.000000000
40,Pagado,2007-09-01,1,2548,1826,2007-08-01 00:00:00.000000000
20,Pagado,2007-10-01,1,2548,1826,2007-10-01 00:00:00.000000000
40,Pagado,2007-12-01,1,2548,1826,2007-11-01 00:00:00.000000000
40,Pagado,2008-02-01,1,2548,1826,2008-01-01 00:00:00.000000000
20,Pagado,2008-03-01,1,2548,1826,2008-03-01 00:00:00.000000000
20,Pagado,2008-04-01,1,2548,1826,2008-04-01 00:00:00.000000000
20,Pagado,2008-05-01,1,2548,1826,2008-05-01 00:00:00.000000000
20,Pagado,2008-06-01,1,2548,1826,2008-06-01 00:00:00.000000000
20,Pagado,2008-07-01,1,2548,1826,2008-07-01 00:00:00.000000000
20,Pagado,2008-08-01,1,2548,1826,2008-08-01 00:00:00.000000000
20,Pagado,2008-09-01,1,2548,1826,2008-09-01 00:00:00.000000000
40,Pagado,2008-11-01,1,2548,1826,2008-10-01 00:00:00.000000000
20,Pagado,2008-12-01,1,2548,1826,2008-12-01 00:00:00.000000000
20,Pagado,2009-01-01,1,2548,1826,2009-01-01 00:00:00.000000000
20,Pagado,2009-02-01,1,2548,1826,2009-02-01 00:00:00.000000000
20,Pagado,2009-03-01,1,2548,1826,2009-03-01 00:00:00.000000000
20,Pagado,2009-04-01,1,2548,1826,2009-04-01 00:00:00.000000000
20,Pagado,2009-05-01,1,2548,1826,2009-05-01 00:00:00.000000000
20,Pagado,2009-06-01,1,2548,1826,2009-06-01 00:00:00.000000000
20,Pagado,2009-07-01,1,2548,1826,2009-07-01 00:00:00.000000000
20,Pagado,2009-08-01,1,2548,1826,2009-08-01 00:00:00.000000000
20,Pagado,2009-09-01,1,2548,1826,2009-09-01 00:00:00.000000000
20,Pagado,2009-09-01,1,2548,1826,2009-09-01 00:00:00.000000000
20,Pagado,2009-11-01,1,2548,1826,2009-11-01 00:00:00.000000000
40,Pagado,2010-01-01,1,2548,1826,2009-12-01 00:00:00.000000000
40,Pagado,2010-03-01,1,2548,1826,2010-02-01 00:00:00.000000000
20,Pagado,2010-04-01,1,2548,1826,2010-04-01 00:00:00.000000000
40,Pagado,2010-06-01,1,2548,1826,2010-05-01 00:00:00.000000000
40,Pagado,2010-08-01,1,2548,1826,2010-07-01 00:00:00.000000000
60,Pagado,2010-12-01,1,2548,1826,2010-10-01 00:00:00.000000000
20,Pagado,2011-01-01,1,2548,1826,2011-01-01 00:00:00.000000000
20,Pagado,2011-02-01,1,2548,1826,2011-02-01 00:00:00.000000000
40,Pagado,2011-04-01,1,2548,1826,2011-03-01 00:00:00.000000000
40,Pagado,2011-06-01,1,2548,1826,2011-05-01 00:00:00.000000000
40,Pagado,2011-08-01,1,2548,1826,2011-07-01 00:00:00.000000000
40,Pagado,2011-10-01,1,2548,1826,2011-09-01 00:00:00.000000000
40,Pagado,2011-12-01,1,2548,1826,2011-11-01 00:00:00.000000000
40,Pagado,2012-02-01,1,2548,1826,2012-01-01 00:00:00.000000000
40,Pagado,2012-04-01,1,2548,1826,2012-03-01 00:00:00.000000000
40,Pagado,2012-06-01,1,2548,1826,2012-05-01 00:00:00.000000000
40,Pagado,2012-08-01,1,2548,1826,2012-07-01 00:00:00.000000000
60,Pagado,2012-11-01,1,2548,1826,2012-09-01 00:00:00.000000000
60,Pagado,2013-02-01,1,2548,1826,2012-12-01 00:00:00.000000000
20,Pagado,2013-03-01,1,2548,1826,2013-03-01 00:00:00.000000000
20,Pagado,2013-04-01,1,2548,1826,2013-04-01 00:00:00.000000000
20,Pagado,2013-05-01,1,2548,1826,2013-05-01 00:00:00.000000000
60,Pagado,2013-08-01,1,2548,1826,2013-06-01 00:00:00.000000000
60,Pagado,2013-11-01,1,2548,1826,2013-09-01 00:00:00.000000000
80,Pagado,2014-03-01,1,2548,1826,2013-12-01 00:00:00.000000000
80,Pagado,2014-12-01,1,2548,1826,2014-09-01 00:00:00.000000000
80,Pagado,2015-04-01,1,2548,1826,2015-01-01 00:00:00.000000000
80,Pagado,2015-08-01,1,2548,1826,2015-05-01 00:00:00.000000000
40,Pagado,2016-02-01,1,2548,1826,2016-01-01 00:00:00.000000000
80,Pagado,2016-06-01,1,2548,1826,2016-03-01 00:00:00.000000000
100,Pagado,2016-11-01,1,2548,1826,2016-07-01 00:00:00.000000000
40,Pagado,2017-01-01,1,2548,1826,2016-12-01 00:00:00.000000000
100,Pagado,2017-06-01,1,2548,1826,2017-02-01 00:00:00.000000000
20,Pagado,2017-07-01,1,2548,1826,2017-07-01 00:00:00.000000000
40,Pagado,2017-09-01,1,2548,1826,2017-08-01 00:00:00.000000000
20,Pagado,2017-10-01,1,2548,1826,2017-10-01 00:00:00.000000000
20,Pagado,2017-12-01,1,2548,1826,2017-12-01 00:00:00.000000000
60,Pagado,2018-03-01,1,2548,1826,2018-01-01 00:00:00.000000000
100,Pagado,2018-08-01,1,2548,1826,2018-04-01 00:00:00.000000000
80,Pagado,2018-12-01,1,2548,1826,2018-09-01 00:00:00.000000000
60,Pagado,2019-03-01,1,2548,1826,2019-01-01 00:00:00.000000000
100,Pagado,2019-08-01,1,2548,1826,2019-04-01 00:00:00.000000000
80,Pagado,2019-12-01,1,2548,1826,2019-09-01 00:00:00.000000000
60,Pagado,2020-03-01,1,2548,1826,2020-01-01 00:00:00.000000000
180,Pagado,2020-09-01,1,2548,1826,2020-01-01 00:00:00.000000000
100,Pagado,2021-05-01,1,2548,1826,2021-01-01 00:00:00.000000000
100,Pagado,2021-10-01,1,2548,1826,2021-06-01 00:00:00.000000000
40,Pagado,2021-12-01,1,2548,1826,2021-11-01 00:00:00.000000000
100,Pagado,2022-05-01,1,2548,1826,2022-01-01 00:00:00.000000000
100,Pagado,2022-10-01,1,2548,1826,2022-06-01 00:00:00.000000000
40,Pagado,2022-12-01,1,2548,1826,2022-11-01 00:00:00.000000000
100,Pagado,2023-05-01,1,2548,1826,2023-01-01 00:00:00.000000000
100,Pagado,2023-10-01,1,2548,1826,2023-06-01 00:00:00.000000000
40,Pagado,2023-12-01,1,2548,1826,2023-11-01 00:00:00.000000000
90,Pagado,2024-03-01,1,2548,1826,2024-01-01 00:00:00.000000000
90,Pagado,2024-06-01,1,2548,1826,2024-04-01 00:00:00.000000000
150,Pagado,2024-11-01,1,2548,1826,2024-07-01 00:00:00.000000000
30,Pagado,2024-12-01,1,2548,1826,2024-12-01 00:00:00.000000000
90,Pagado,2025-03-01,1,2548,1826,2025-01-01 00:00:00.000000000
150,Pagado,2025-08-01,1,2548,1826,2025-04-01 00:00:00.000000000
120,Pagado,2025-12-01,1,2548,1826,2025-09-01 00:00:00.000000000
90,Pagado,2026-03-01,1,2548,1826,2026-01-01 00:00:00.000000000
500,Pagado,2010-12-01,1,2548,1827,2008-12-01 00:00:00.000000000
120,Pagado,2024-09-01,1,2548,1827,2024-06-01 00:00:00.000000000
450,Pagado,2025-12-01,1,2548,1827,2024-11-01 00:00:00.000000000
100,Pagado,2007-12-01,1,2548,1829,2007-08-01 00:00:00.000000000
40,Pagado,2008-02-01,1,2548,1829,2008-01-01 00:00:00.000000000
60,Pagado,2008-05-01,1,2548,1829,2008-03-01 00:00:00.000000000
60,Pagado,2008-08-01,1,2548,1829,2008-06-01 00:00:00.000000000
40,Pagado,2008-10-01,1,2548,1829,2008-09-01 00:00:00.000000000
300,Pagado,2010-01-01,1,2548,1829,2008-11-01 00:00:00.000000000
120,Pagado,2010-07-01,1,2548,1829,2010-02-01 00:00:00.000000000
500,Pagado,2012-08-01,1,2548,1829,2010-08-01 00:00:00.000000000
20,Pagado,2012-09-01,1,2548,1829,2012-09-01 00:00:00.000000000
60,Pagado,2012-12-01,1,2548,1829,2012-10-01 00:00:00.000000000
140,Pagado,2008-02-01,1,2548,1830,2007-08-01 00:00:00.000000000
300,Pagado,2009-05-01,1,2548,1830,2008-03-01 00:00:00.000000000
160,Pagado,2010-01-01,1,2548,1830,2009-06-01 00:00:00.000000000
100,Pagado,2008-01-01,1,2548,1835,2007-09-01 00:00:00.000000000
60,Pagado,2008-04-01,1,2548,1835,2008-02-01 00:00:00.000000000
60,Pagado,2008-07-01,1,2548,1835,2008-05-01 00:00:00.000000000
100,Pagado,2008-12-01,1,2548,1835,2008-08-01 00:00:00.000000000
100,Pagado,2008-01-01,1,2548,1836,2007-09-01 00:00:00.000000000
200,Pagado,2008-06-01,1,2548,1837,2007-09-01 00:00:00.000000000
120,Pagado,2008-02-01,1,2548,1841,2007-09-01 00:00:00.000000000
600,Pagado,2010-03-01,1,2548,1844,2007-10-01 00:00:00.000000000
20,Pagado,2007-11-01,1,2548,1848,2007-11-01 00:00:00.000000000
100,Pagado,2008-04-01,1,2548,1848,2007-12-01 00:00:00.000000000
160,Pagado,2008-12-01,1,2548,1848,2008-05-01 00:00:00.000000000
280,Pagado,2008-12-01,1,2548,1849,2007-11-01 00:00:00.000000000
160,Pagado,2009-08-01,1,2548,1849,2009-01-01 00:00:00.000000000
80,Pagado,2009-12-01,1,2548,1849,2009-09-01 00:00:00.000000000
120,Pagado,2010-06-01,1,2548,1849,2010-01-01 00:00:00.000000000
120,Pagado,2010-12-01,1,2548,1849,2010-07-01 00:00:00.000000000
240,Pagado,2011-12-01,1,2548,1849,2011-01-01 00:00:00.000000000
240,Pagado,2012-12-01,1,2548,1849,2012-01-01 00:00:00.000000000
240,Pagado,2013-12-01,1,2548,1849,2013-01-01 00:00:00.000000000
240,Pagado,2014-12-01,1,2548,1849,2014-01-01 00:00:00.000000000
240,Pagado,2015-12-01,1,2548,1849,2015-01-01 00:00:00.000000000
240,Pagado,2016-12-01,1,2548,1849,2016-01-01 00:00:00.000000000
240,Pagado,2017-12-01,1,2548,1849,2017-01-01 00:00:00.000000000
240,Pagado,2018-12-01,1,2548,1849,2018-01-01 00:00:00.000000000
240,Pagado,2019-12-01,1,2548,1849,2019-01-01 00:00:00.000000000
240,Pagado,2020-12-01,1,2548,1849,2020-01-01 00:00:00.000000000
240,Pagado,2021-12-01,1,2548,1849,2021-01-01 00:00:00.000000000
240,Pagado,2022-12-01,1,2548,1849,2022-01-01 00:00:00.000000000
240,Pagado,2023-12-01,1,2548,1849,2023-01-01 00:00:00.000000000
360,Pagado,2024-12-01,1,2548,1849,2024-01-01 00:00:00.000000000
360,Pagado,2025-12-01,1,2548,1849,2025-01-01 00:00:00.000000000
1000,Pagado,2011-12-01,1,2548,1850,2007-11-01 00:00:00.000000000
480,Pagado,2013-12-01,1,2548,1850,2012-01-01 00:00:00.000000000
480,Pagado,2015-12-01,1,2548,1850,2014-01-01 00:00:00.000000000
480,Pagado,2017-12-01,1,2548,1850,2016-01-01 00:00:00.000000000
500,Pagado,2020-01-01,1,2548,1850,2018-01-01 00:00:00.000000000
40,Pagado,2008-01-01,1,2548,1851,2007-11-01 00:00:00.000000000
100,Pagado,2008-06-01,1,2548,1851,2008-02-01 00:00:00.000000000
100,Pagado,2008-11-01,1,2548,1851,2008-07-01 00:00:00.000000000
500,Pagado,2010-12-01,1,2548,1851,2008-12-01 00:00:00.000000000
240,Pagado,2011-12-01,1,2548,1851,2011-01-01 00:00:00.000000000
240,Pagado,2012-12-01,1,2548,1851,2012-01-01 00:00:00.000000000
40,Pagado,2013-02-01,1,2548,1851,2013-01-01 00:00:00.000000000
200,Pagado,2013-12-01,1,2548,1851,2013-03-01 00:00:00.000000000
80,Pagado,2014-04-01,1,2548,1851,2014-01-01 00:00:00.000000000
160,Pagado,2014-12-01,1,2548,1851,2014-05-01 00:00:00.000000000
40,Pagado,2015-02-01,1,2548,1851,2015-01-01 00:00:00.000000000
60,Pagado,2015-05-01,1,2548,1851,2015-03-01 00:00:00.000000000
60,Pagado,2015-12-01,1,2548,1851,2015-10-01 00:00:00.000000000
60,Pagado,2016-03-01,1,2548,1851,2016-01-01 00:00:00.000000000
120,Pagado,2016-09-01,1,2548,1851,2016-04-01 00:00:00.000000000
60,Pagado,2016-12-01,1,2548,1851,2016-10-01 00:00:00.000000000
240,Pagado,2017-12-01,1,2548,1851,2017-01-01 00:00:00.000000000
40,Pagado,2018-02-01,1,2548,1851,2018-01-01 00:00:00.000000000
100,Pagado,2018-07-01,1,2548,1851,2018-03-01 00:00:00.000000000
100,Pagado,2018-12-01,1,2548,1851,2018-08-01 00:00:00.000000000
100,Pagado,2019-05-01,1,2548,1851,2019-01-01 00:00:00.000000000
140,Pagado,2019-12-01,1,2548,1851,2019-06-01 00:00:00.000000000
200,Pagado,2020-10-01,1,2548,1851,2020-01-01 00:00:00.000000000
40,Pagado,2020-12-01,1,2548,1851,2020-11-01 00:00:00.000000000
240,Pagado,2021-12-01,1,2548,1851,2021-01-01 00:00:00.000000000
240,Pagado,2022-12-01,1,2548,1851,2022-01-01 00:00:00.000000000
80,Pagado,2023-04-01,1,2548,1851,2023-01-01 00:00:00.000000000
160,Pagado,2023-12-01,1,2548,1851,2023-05-01 00:00:00.000000000
360,Pagado,2024-12-01,1,2548,1851,2024-01-01 00:00:00.000000000
150,Pagado,2025-05-01,1,2548,1851,2025-01-01 00:00:00.000000000
210,Pagado,2025-12-01,1,2548,1851,2025-06-01 00:00:00.000000000
500,Pagado,2009-12-01,1,2548,1852,2007-12-01 00:00:00.000000000
400,Pagado,2011-08-01,1,2548,1852,2010-01-01 00:00:00.000000000
60,Pagado,2008-02-01,1,2548,1854,2007-12-01 00:00:00.000000000
200,Pagado,2010-03-01,1,2548,1854,2008-03-01 00:00:00.000000000
40,Pagado,2008-01-01,1,2548,1855,2007-12-01 00:00:00.000000000
20,Pagado,2008-02-01,1,2548,1855,2008-02-01 00:00:00.000000000
20,Pagado,2008-03-01,1,2548,1855,2008-03-01 00:00:00.000000000
20,Pagado,2008-04-01,1,2548,1855,2008-04-01 00:00:00.000000000
20,Pagado,2008-05-01,1,2548,1855,2008-05-01 00:00:00.000000000
20,Pagado,2008-06-01,1,2548,1855,2008-06-01 00:00:00.000000000
20,Pagado,2008-07-01,1,2548,1855,2008-07-01 00:00:00.000000000
20,Pagado,2008-08-01,1,2548,1855,2008-08-01 00:00:00.000000000
40,Pagado,2008-10-01,1,2548,1855,2008-09-01 00:00:00.000000000
40,Pagado,2008-12-01,1,2548,1855,2008-11-01 00:00:00.000000000
40,Pagado,2009-02-01,1,2548,1855,2009-01-01 00:00:00.000000000
40,Pagado,2009-04-01,1,2548,1855,2009-03-01 00:00:00.000000000
40,Pagado,2009-06-01,1,2548,1855,2009-05-01 00:00:00.000000000
40,Pagado,2009-08-01,1,2548,1855,2009-07-01 00:00:00.000000000
40,Pagado,2009-10-01,1,2548,1855,2009-09-01 00:00:00.000000000
40,Pagado,2009-12-01,1,2548,1855,2009-11-01 00:00:00.000000000
40,Pagado,2010-02-01,1,2548,1855,2010-01-01 00:00:00.000000000
20,Pagado,2010-04-01,1,2548,1855,2010-04-01 00:00:00.000000000
40,Pagado,2010-06-01,1,2548,1855,2010-05-01 00:00:00.000000000
40,Pagado,2010-08-01,1,2548,1855,2010-07-01 00:00:00.000000000
40,Pagado,2010-10-01,1,2548,1855,2010-09-01 00:00:00.000000000
40,Pagado,2010-12-01,1,2548,1855,2010-11-01 00:00:00.000000000
20,Pagado,2011-01-01,1,2548,1855,2011-01-01 00:00:00.000000000
20,Pagado,2011-02-01,1,2548,1855,2011-02-01 00:00:00.000000000
40,Pagado,2011-04-01,1,2548,1855,2011-03-01 00:00:00.000000000
40,Pagado,2011-06-01,1,2548,1855,2011-05-01 00:00:00.000000000
40,Pagado,2011-08-01,1,2548,1855,2011-07-01 00:00:00.000000000
40,Pagado,2011-10-01,1,2548,1855,2011-09-01 00:00:00.000000000
40,Pagado,2011-12-01,1,2548,1855,2011-11-01 00:00:00.000000000
40,Pagado,2012-02-01,1,2548,1855,2012-01-01 00:00:00.000000000
60,Pagado,2012-05-01,1,2548,1855,2012-03-01 00:00:00.000000000
100,Pagado,2012-10-01,1,2548,1855,2012-06-01 00:00:00.000000000
60,Pagado,2013-01-01,1,2548,1855,2012-11-01 00:00:00.000000000
100,Pagado,2013-06-01,1,2548,1855,2013-02-01 00:00:00.000000000
120,Pagado,2013-12-01,1,2548,1855,2013-07-01 00:00:00.000000000
100,Pagado,2014-05-01,1,2548,1855,2014-01-01 00:00:00.000000000
100,Pagado,2014-10-01,1,2548,1855,2014-06-01 00:00:00.000000000
40,Pagado,2014-12-01,1,2548,1855,2014-11-01 00:00:00.000000000
100,Pagado,2015-05-01,1,2548,1855,2015-01-01 00:00:00.000000000
100,Pagado,2015-10-01,1,2548,1855,2015-06-01 00:00:00.000000000
100,Pagado,2016-03-01,1,2548,1855,2015-11-01 00:00:00.000000000
60,Pagado,2016-06-01,1,2548,1855,2016-04-01 00:00:00.000000000
100,Pagado,2016-11-01,1,2548,1855,2016-07-01 00:00:00.000000000
100,Pagado,2017-04-01,1,2548,1855,2016-12-01 00:00:00.000000000
60,Pagado,2017-07-01,1,2548,1855,2017-05-01 00:00:00.000000000
100,Pagado,2017-12-01,1,2548,1855,2017-08-01 00:00:00.000000000
100,Pagado,2018-05-01,1,2548,1855,2018-01-01 00:00:00.000000000
100,Pagado,2018-10-01,1,2548,1855,2018-06-01 00:00:00.000000000
150,Pagado,2018-10-01,1,2548,1855,2018-10-01 00:00:00.000000000
20,Pagado,2018-11-01,1,2548,1855,2018-11-01 00:00:00.000000000
100,Pagado,2019-04-01,1,2548,1855,2018-12-01 00:00:00.000000000
80,Pagado,2019-08-01,1,2548,1855,2019-05-01 00:00:00.000000000
100,Pagado,2020-01-01,1,2548,1855,2019-09-01 00:00:00.000000000
100,Pagado,2020-06-01,1,2548,1855,2020-02-01 00:00:00.000000000
120,Pagado,2020-12-01,1,2548,1855,2020-07-01 00:00:00.000000000
240,Pagado,2021-12-01,1,2548,1855,2021-01-01 00:00:00.000000000
180,Pagado,2022-09-01,1,2548,1855,2022-01-01 00:00:00.000000000
60,Pagado,2022-12-01,1,2548,1855,2022-10-01 00:00:00.000000000
100,Pagado,2023-05-01,1,2548,1855,2023-01-01 00:00:00.000000000
100,Pagado,2023-10-01,1,2548,1855,2023-06-01 00:00:00.000000000
40,Pagado,2023-12-01,1,2548,1855,2023-11-01 00:00:00.000000000
90,Pagado,2024-03-01,1,2548,1855,2024-01-01 00:00:00.000000000
270,Pagado,2024-12-01,1,2548,1855,2024-04-01 00:00:00.000000000
120,Pagado,2025-04-01,1,2548,1855,2025-01-01 00:00:00.000000000
150,Pagado,2025-09-01,1,2548,1855,2025-05-01 00:00:00.000000000
90,Pagado,2025-12-01,1,2548,1855,2025-10-01 00:00:00.000000000
90,Pagado,2026-03-01,1,2548,1855,2026-01-01 00:00:00.000000000
260,Pagado,2008-12-01,1,2548,1856,2007-12-01 00:00:00.000000000
200,Pagado,2009-10-01,1,2548,1856,2009-01-01 00:00:00.000000000
200,Pagado,2010-08-01,1,2548,1856,2009-11-01 00:00:00.000000000
320,Pagado,2011-12-01,1,2548,1856,2010-09-01 00:00:00.000000000
240,Pagado,2012-12-01,1,2548,1856,2012-01-01 00:00:00.000000000
200,Pagado,2013-10-01,1,2548,1856,2013-01-01 00:00:00.000000000
40,Pagado,2013-12-01,1,2548,1856,2013-11-01 00:00:00.000000000
240,Pagado,2014-12-01,1,2548,1856,2014-01-01 00:00:00.000000000
240,Pagado,2016-12-01,1,2548,1856,2016-01-01 00:00:00.000000000
480,Pagado,2018-12-01,1,2548,1856,2017-01-01 00:00:00.000000000
240,Pagado,2019-12-01,1,2548,1856,2019-01-01 00:00:00.000000000
240,Pagado,2020-12-01,1,2548,1856,2020-01-01 00:00:00.000000000
240,Pagado,2021-12-01,1,2548,1856,2021-01-01 00:00:00.000000000
240,Pagado,2022-12-01,1,2548,1856,2022-01-01 00:00:00.000000000
60,Pagado,2023-03-01,1,2548,1856,2023-01-01 00:00:00.000000000
180,Pagado,2023-12-01,1,2548,1856,2023-04-01 00:00:00.000000000
20,Pagado,2024-01-01,1,2548,1856,2024-01-01 00:00:00.000000000
20,Pagado,2007-12-01,1,2548,1857,2007-12-01 00:00:00.000000000
220,Pagado,2008-11-01,1,2548,1857,2008-01-01 00:00:00.000000000
20,Pagado,2008-12-01,1,2548,1857,2008-12-01 00:00:00.000000000
460,Pagado,2010-11-01,1,2548,1857,2010-01-01 00:00:00.000000000
240,Pagado,2011-11-01,1,2548,1857,2010-12-01 00:00:00.000000000
240,Pagado,2012-11-01,1,2548,1857,2011-12-01 00:00:00.000000000
240,Pagado,2013-11-01,1,2548,1857,2012-12-01 00:00:00.000000000
240,Pagado,2014-11-01,1,2548,1857,2013-12-01 00:00:00.000000000
240,Pagado,2015-11-01,1,2548,1857,2014-12-01 00:00:00.000000000
240,Pagado,2016-11-01,1,2548,1857,2015-12-01 00:00:00.000000000
240,Pagado,2017-11-01,1,2548,1857,2016-12-01 00:00:00.000000000
240,Pagado,2018-11-01,1,2548,1857,2017-12-01 00:00:00.000000000
260,Pagado,2019-12-01,1,2548,1857,2018-12-01 00:00:00.000000000
240,Pagado,2020-12-01,1,2548,1857,2020-01-01 00:00:00.000000000
220,Pagado,2022-12-01,1,2548,1857,2022-02-01 00:00:00.000000000
240,Pagado,2023-12-01,1,2548,1857,2023-01-01 00:00:00.000000000
360,Pagado,2024-12-01,1,2548,1857,2024-01-01 00:00:00.000000000
360,Pagado,2025-12-01,1,2548,1857,2025-01-01 00:00:00.000000000
40,Pagado,2008-01-01,1,2548,1858,2007-12-01 00:00:00.000000000
40,Pagado,2008-03-01,1,2548,1858,2008-02-01 00:00:00.000000000
100,Pagado,2008-08-01,1,2548,1858,2008-04-01 00:00:00.000000000
80,Pagado,2008-12-01,1,2548,1858,2008-09-01 00:00:00.000000000
300,Pagado,2010-03-01,1,2548,1858,2009-01-01 00:00:00.000000000
200,Pagado,2011-01-01,1,2548,1858,2010-04-01 00:00:00.000000000
200,Pagado,2011-11-01,1,2548,1858,2011-01-01 00:00:00.000000000
220,Pagado,2012-10-01,1,2548,1858,2011-12-01 00:00:00.000000000
20,Pagado,2012-11-01,1,2548,1858,2012-11-01 00:00:00.000000000
100,Pagado,2013-04-01,1,2548,1858,2012-12-01 00:00:00.000000000
220,Pagado,2008-11-01,1,2548,1859,2008-01-01 00:00:00.000000000
300,Pagado,2010-02-01,1,2548,1859,2008-12-01 00:00:00.000000000
20,Pagado,2010-03-01,1,2548,1859,2010-03-01 00:00:00.000000000
200,Pagado,2008-10-01,1,2548,1860,2008-01-01 00:00:00.000000000
40,Pagado,2008-12-01,1,2548,1860,2008-11-01 00:00:00.000000000
20,Pagado,2009-01-01,1,2548,1860,2009-01-01 00:00:00.000000000
200,Pagado,2009-11-01,1,2548,1860,2009-02-01 00:00:00.000000000
260,Pagado,2010-12-01,1,2548,1860,2009-12-01 00:00:00.000000000
240,Pagado,2011-12-01,1,2548,1860,2011-01-01 00:00:00.000000000
100,Pagado,2012-05-01,1,2548,1860,2012-01-01 00:00:00.000000000
140,Pagado,2012-12-01,1,2548,1860,2012-06-01 00:00:00.000000000
320,Pagado,2014-04-01,1,2548,1860,2013-01-01 00:00:00.000000000
160,Pagado,2014-12-01,1,2548,1860,2014-05-01 00:00:00.000000000
240,Pagado,2015-12-01,1,2548,1860,2015-01-01 00:00:00.000000000
300,Pagado,2017-03-01,1,2548,1860,2016-01-01 00:00:00.000000000
180,Pagado,2017-12-01,1,2548,1860,2017-04-01 00:00:00.000000000
240,Pagado,2018-12-01,1,2548,1860,2018-01-01 00:00:00.000000000
500,Pagado,2020-01-01,1,2548,1860,2019-01-01 00:00:00.000000000
240,Pagado,2021-01-01,1,2548,1860,2020-02-01 00:00:00.000000000
600,Pagado,2010-06-01,1,2548,1861,2008-01-01 00:00:00.000000000
240,Pagado,2011-06-01,1,2548,1861,2010-07-01 00:00:00.000000000
820,Pagado,2014-11-01,1,2548,1861,2011-07-01 00:00:00.000000000
1040,Pagado,2019-03-01,1,2548,1861,2014-12-01 00:00:00.000000000
180,Pagado,2019-12-01,1,2548,1861,2019-04-01 00:00:00.000000000
40,Pagado,2008-02-01,1,2548,1862,2008-01-01 00:00:00.000000000
180,Pagado,2008-11-01,1,2548,1862,2008-03-01 00:00:00.000000000
40,Pagado,2009-01-01,1,2548,1862,2008-12-01 00:00:00.000000000
60,Pagado,2008-03-01,1,2548,1865,2008-01-01 00:00:00.000000000
140,Pagado,2008-10-01,1,2548,1865,2008-04-01 00:00:00.000000000
40,Pagado,2008-02-01,1,2548,1867,2008-01-01 00:00:00.000000000
200,Pagado,2008-12-01,1,2548,1867,2008-03-01 00:00:00.000000000
40,Pagado,2010-05-01,1,2548,1867,2010-04-01 00:00:00.000000000
500,Pagado,2012-06-01,1,2548,1867,2010-06-01 00:00:00.000000000
160,Pagado,2013-02-01,1,2548,1867,2012-07-01 00:00:00.000000000
240,Pagado,2008-12-01,1,2548,1868,2008-01-01 00:00:00.000000000
100,Pagado,2009-05-01,1,2548,1868,2009-01-01 00:00:00.000000000
120,Pagado,2009-11-01,1,2548,1868,2009-06-01 00:00:00.000000000
260,Pagado,2010-12-01,1,2548,1868,2009-12-01 00:00:00.000000000
240,Pagado,2011-12-01,1,2548,1868,2011-01-01 00:00:00.000000000
500,Pagado,2010-01-01,1,2548,1869,2008-01-01 00:00:00.000000000
300,Pagado,2011-04-01,1,2548,1869,2010-02-01 00:00:00.000000000
480,Pagado,2013-04-01,1,2548,1869,2011-05-01 00:00:00.000000000
1300,Pagado,2018-09-01,1,2548,1869,2013-05-01 00:00:00.000000000
100,Pagado,2019-02-01,1,2548,1869,2018-10-01 00:00:00.000000000
300,Pagado,2020-05-01,1,2548,1869,2019-03-01 00:00:00.000000000
300,Pagado,2021-08-01,1,2548,1869,2020-06-01 00:00:00.000000000
400,Pagado,2023-04-01,1,2548,1869,2021-09-01 00:00:00.000000000
490,Pagado,2024-11-01,1,2548,1869,2023-05-01 00:00:00.000000000
30,Pagado,2024-12-01,1,2548,1869,2024-12-01 00:00:00.000000000
240,Pagado,2025-08-01,1,2548,1869,2025-01-01 00:00:00.000000000
60,Pagado,2025-10-01,1,2548,1869,2025-09-01 00:00:00.000000000
60,Pagado,2025-12-01,1,2548,1869,2025-11-01 00:00:00.000000000
500,Pagado,2010-01-01,1,2548,1870,2008-01-01 00:00:00.000000000
500,Pagado,2012-02-01,1,2548,1870,2010-02-01 00:00:00.000000000
300,Pagado,2013-05-01,1,2548,1870,2012-03-01 00:00:00.000000000
700,Pagado,2016-04-01,1,2548,1870,2013-06-01 00:00:00.000000000
400,Pagado,2017-12-01,1,2548,1870,2016-04-01 00:00:00.000000000
1140,Pagado,2023-09-01,1,2548,1870,2019-01-01 00:00:00.000000000
360,Pagado,2024-12-01,1,2548,1870,2024-01-01 00:00:00.000000000
360,Pagado,2025-12-01,1,2548,1870,2025-01-01 00:00:00.000000000
240,Pagado,2008-12-01,1,2548,1871,2008-01-01 00:00:00.000000000
240,Pagado,2009-12-01,1,2548,1871,2009-01-01 00:00:00.000000000
240,Pagado,2010-12-01,1,2548,1871,2010-01-01 00:00:00.000000000
240,Pagado,2011-12-01,1,2548,1871,2011-01-01 00:00:00.000000000
240,Pagado,2012-12-01,1,2548,1871,2012-01-01 00:00:00.000000000
240,Pagado,2013-12-01,1,2548,1871,2013-01-01 00:00:00.000000000
240,Pagado,2014-12-01,1,2548,1871,2014-01-01 00:00:00.000000000
240,Pagado,2015-12-01,1,2548,1871,2015-01-01 00:00:00.000000000
240,Pagado,2016-12-01,1,2548,1871,2016-01-01 00:00:00.000000000
40,Pagado,2008-03-01,1,2548,1872,2008-02-01 00:00:00.000000000
100,Pagado,2008-08-01,1,2548,1872,2008-04-01 00:00:00.000000000
200,Pagado,2009-06-01,1,2548,1872,2008-09-01 00:00:00.000000000
500,Pagado,2015-04-01,1,2548,1873,2013-04-01 00:00:00.000000000
300,Pagado,2017-10-01,1,2548,1873,2016-08-01 00:00:00.000000000
300,Pagado,2019-01-01,1,2548,1873,2017-11-01 00:00:00.000000000
300,Pagado,2020-04-01,1,2548,1873,2019-02-01 00:00:00.000000000
300,Pagado,2021-07-01,1,2548,1873,2020-05-01 00:00:00.000000000
300,Pagado,2022-10-01,1,2548,1873,2021-08-01 00:00:00.000000000
240,Pagado,2023-10-01,1,2548,1873,2022-11-01 00:00:00.000000000
40,Pagado,2023-12-01,1,2548,1873,2023-11-01 00:00:00.000000000
180,Pagado,2024-06-01,1,2548,1873,2024-01-01 00:00:00.000000000
180,Pagado,2024-12-01,1,2548,1873,2024-07-01 00:00:00.000000000
180,Pagado,2025-06-01,1,2548,1873,2025-01-01 00:00:00.000000000
180,Pagado,2025-12-01,1,2548,1873,2025-07-01 00:00:00.000000000
100,Pagado,2008-06-01,1,2548,1876,2008-02-01 00:00:00.000000000
300,Pagado,2009-09-01,1,2548,1876,2008-07-01 00:00:00.000000000
500,Pagado,2011-10-01,1,2548,1876,2009-10-01 00:00:00.000000000
240,Pagado,2009-01-01,1,2548,1877,2008-02-01 00:00:00.000000000
20,Pagado,2008-12-01,1,2548,1879,2008-12-01 00:00:00.000000000
20,Pagado,2009-01-01,1,2548,1879,2009-01-01 00:00:00.000000000
200,Pagado,2009-11-01,1,2548,1879,2008-02-01 00:00:00.000000000
200,Pagado,2008-11-01,1,2548,1882,2008-02-01 00:00:00.000000000
260,Pagado,2009-12-01,1,2548,1882,2008-12-01 00:00:00.000000000
240,Pagado,2010-12-01,1,2548,1882,2010-01-01 00:00:00.000000000
1000,Pagado,2015-02-01,1,2548,1882,2011-01-01 00:00:00.000000000
1500,Pagado,2021-05-01,1,2548,1882,2015-03-01 00:00:00.000000000
200,Pagado,2022-03-01,1,2548,1882,2021-06-01 00:00:00.000000000
240,Pagado,2023-03-01,1,2548,1882,2022-04-01 00:00:00.000000000
200,Pagado,2025-07-01,1,2548,1882,2025-01-01 00:00:00.000000000
440,Pagado,2009-11-01,1,2548,1885,2008-02-01 00:00:00.000000000
1260,Pagado,2013-05-01,1,2548,1886,2008-03-01 00:00:00.000000000
500,Pagado,2010-03-01,1,2548,1889,2008-03-01 00:00:00.000000000
680,Pagado,2010-12-01,1,2548,1893,2008-03-01 00:00:00.000000000
120,Pagado,2011-06-01,1,2548,1893,2011-01-01 00:00:00.000000000
120,Pagado,2011-12-01,1,2548,1893,2011-07-01 00:00:00.000000000
240,Pagado,2012-12-01,1,2548,1893,2012-01-01 00:00:00.000000000
200,Pagado,2013-10-01,1,2548,1893,2013-01-01 00:00:00.000000000
500,Pagado,2011-03-01,1,2548,1895,2009-03-01 00:00:00.000000000
400,Pagado,2012-11-01,1,2548,1895,2011-04-01 00:00:00.000000000
120,Pagado,2024-09-01,1,2548,1895,2024-06-01 00:00:00.000000000
90,Pagado,2024-12-01,1,2548,1895,2024-10-01 00:00:00.000000000
360,Pagado,2025-12-01,1,2548,1895,2025-01-01 00:00:00.000000000
240,Pagado,2009-02-01,1,2548,1896,2008-03-01 00:00:00.000000000
40,Pagado,2009-04-01,1,2548,1896,2009-03-01 00:00:00.000000000
1500,Pagado,2015-07-01,1,2548,1896,2009-05-01 00:00:00.000000000
40,Pagado,2008-05-01,1,2548,1897,2008-04-01 00:00:00.000000000
60,Pagado,2008-08-01,1,2548,1897,2008-06-01 00:00:00.000000000
80,Pagado,2008-12-01,1,2548,1897,2008-09-01 00:00:00.000000000
20,Pagado,2009-01-01,1,2548,1897,2009-01-01 00:00:00.000000000
120,Pagado,2008-10-01,1,2548,1898,2008-05-01 00:00:00.000000000
280,Pagado,2009-11-01,1,2548,1898,2008-10-01 00:00:00.000000000
40,Pagado,2010-01-01,1,2548,1898,2009-12-01 00:00:00.000000000
20,Pagado,2010-02-01,1,2548,1898,2010-02-01 00:00:00.000000000
40,Pagado,2010-04-01,1,2548,1898,2010-03-01 00:00:00.000000000
20,Pagado,2010-05-01,1,2548,1898,2010-05-01 00:00:00.000000000
60,Pagado,2010-08-01,1,2548,1898,2010-06-01 00:00:00.000000000
60,Pagado,2010-11-01,1,2548,1898,2010-09-01 00:00:00.000000000
80,Pagado,2011-03-01,1,2548,1898,2010-12-01 00:00:00.000000000
60,Pagado,2011-06-01,1,2548,1898,2011-04-01 00:00:00.000000000
40,Pagado,2011-08-01,1,2548,1898,2011-07-01 00:00:00.000000000
20,Pagado,2011-09-01,1,2548,1898,2011-09-01 00:00:00.000000000
20,Pagado,2011-10-01,1,2548,1898,2011-10-01 00:00:00.000000000
20,Pagado,2011-11-01,1,2548,1898,2011-11-01 00:00:00.000000000
20,Pagado,2011-12-01,1,2548,1898,2011-12-01 00:00:00.000000000
20,Pagado,2012-01-01,1,2548,1898,2012-01-01 00:00:00.000000000
40,Pagado,2012-03-01,1,2548,1898,2012-02-01 00:00:00.000000000
40,Pagado,2012-05-01,1,2548,1898,2012-04-01 00:00:00.000000000
40,Pagado,2012-07-01,1,2548,1898,2012-06-01 00:00:00.000000000
40,Pagado,2012-09-01,1,2548,1898,2012-08-01 00:00:00.000000000
40,Pagado,2012-11-01,1,2548,1898,2012-10-01 00:00:00.000000000
100,Pagado,2013-04-01,1,2548,1898,2012-12-01 00:00:00.000000000
100,Pagado,2013-09-01,1,2548,1898,2013-05-01 00:00:00.000000000
40,Pagado,2013-11-01,1,2548,1898,2013-10-01 00:00:00.000000000
60,Pagado,2014-02-01,1,2548,1898,2013-12-01 00:00:00.000000000
100,Pagado,2014-07-01,1,2548,1898,2014-03-01 00:00:00.000000000
40,Pagado,2014-09-01,1,2548,1898,2014-08-01 00:00:00.000000000
40,Pagado,2014-11-01,1,2548,1898,2014-10-01 00:00:00.000000000
60,Pagado,2015-02-01,1,2548,1898,2014-12-01 00:00:00.000000000
40,Pagado,2015-04-01,1,2548,1898,2015-03-01 00:00:00.000000000
60,Pagado,2015-07-01,1,2548,1898,2015-05-01 00:00:00.000000000
40,Pagado,2015-09-01,1,2548,1898,2015-08-01 00:00:00.000000000
60,Pagado,2016-03-01,1,2548,1898,2016-01-01 00:00:00.000000000
20,Pagado,2016-04-01,1,2548,1898,2016-04-01 00:00:00.000000000
20,Pagado,2016-05-01,1,2548,1898,2016-05-01 00:00:00.000000000
20,Pagado,2016-06-01,1,2548,1898,2016-06-01 00:00:00.000000000
60,Pagado,2016-09-01,1,2548,1898,2016-07-01 00:00:00.000000000
40,Pagado,2016-12-01,1,2548,1898,2016-11-01 00:00:00.000000000
20,Pagado,2016-12-01,1,2548,1898,2016-12-01 00:00:00.000000000
40,Pagado,2017-02-01,1,2548,1898,2017-01-01 00:00:00.000000000
40,Pagado,2017-09-01,1,2548,1898,2017-08-01 00:00:00.000000000
20,Pagado,2017-11-01,1,2548,1898,2017-11-01 00:00:00.000000000
20,Pagado,2017-12-01,1,2548,1898,2017-12-01 00:00:00.000000000
60,Pagado,2018-03-01,1,2548,1898,2018-01-01 00:00:00.000000000
60,Pagado,2018-06-01,1,2548,1898,2018-04-01 00:00:00.000000000
60,Pagado,2018-09-01,1,2548,1898,2018-07-01 00:00:00.000000000
60,Pagado,2018-12-01,1,2548,1898,2018-10-01 00:00:00.000000000
40,Pagado,2019-02-01,1,2548,1898,2019-01-01 00:00:00.000000000
100,Pagado,2019-07-01,1,2548,1898,2019-03-01 00:00:00.000000000
60,Pagado,2019-10-01,1,2548,1898,2019-08-01 00:00:00.000000000
40,Pagado,2019-12-01,1,2548,1898,2019-11-01 00:00:00.000000000
240,Pagado,2020-12-01,1,2548,1898,2020-01-01 00:00:00.000000000
120,Pagado,2021-06-01,1,2548,1898,2021-01-01 00:00:00.000000000
100,Pagado,2021-11-01,1,2548,1898,2021-07-01 00:00:00.000000000
20,Pagado,2021-12-01,1,2548,1898,2021-12-01 00:00:00.000000000
100,Pagado,2022-05-01,1,2548,1898,2022-01-01 00:00:00.000000000
100,Pagado,2022-10-01,1,2548,1898,2022-06-01 00:00:00.000000000
40,Pagado,2022-12-01,1,2548,1898,2022-11-01 00:00:00.000000000
120,Pagado,2023-06-01,1,2548,1898,2023-01-01 00:00:00.000000000
20,Pagado,2023-12-01,1,2548,1898,2023-12-01 00:00:00.000000000
60,Pagado,2024-02-01,1,2548,1898,2024-01-01 00:00:00.000000000
90,Pagado,2024-05-01,1,2548,1898,2024-03-01 00:00:00.000000000
120,Pagado,2024-09-01,1,2548,1898,2024-06-01 00:00:00.000000000
90,Pagado,2024-12-01,1,2548,1898,2024-10-01 00:00:00.000000000
150,Pagado,2025-05-01,1,2548,1898,2025-01-01 00:00:00.000000000
90,Pagado,2025-08-01,1,2548,1898,2025-06-01 00:00:00.000000000
120,Pagado,2025-12-01,1,2548,1898,2025-09-01 00:00:00.000000000
120,Pagado,2026-04-01,1,2548,1898,2026-01-01 00:00:00.000000000
140,Pagado,2008-10-01,1,2548,1899,2008-04-01 00:00:00.000000000
20,Pagado,2008-11-01,1,2548,1899,2008-11-01 00:00:00.000000000
100,Pagado,2009-04-01,1,2548,1899,2008-12-01 00:00:00.000000000
660,Pagado,2010-12-01,1,2548,1901,2008-04-01 00:00:00.000000000
240,Pagado,2011-12-01,1,2548,1901,2011-01-01 00:00:00.000000000
240,Pagado,2012-12-01,1,2548,1901,2012-01-01 00:00:00.000000000
240,Pagado,2013-12-01,1,2548,1901,2013-01-01 00:00:00.000000000
240,Pagado,2014-12-01,1,2548,1901,2014-01-01 00:00:00.000000000
240,Pagado,2015-12-01,1,2548,1901,2015-01-01 00:00:00.000000000
240,Pagado,2016-09-01,1,2548,1901,2016-01-01 00:00:00.000000000
240,Pagado,2017-12-01,1,2548,1901,2017-01-01 00:00:00.000000000
240,Pagado,2018-12-01,1,2548,1901,2018-01-01 00:00:00.000000000
180,Pagado,2019-09-01,1,2548,1901,2019-01-01 00:00:00.000000000
60,Pagado,2019-12-01,1,2548,1901,2019-10-01 00:00:00.000000000
240,Pagado,2020-12-01,1,2548,1901,2020-01-01 00:00:00.000000000
240,Pagado,2021-12-01,1,2548,1901,2021-01-01 00:00:00.000000000
240,Pagado,2022-12-01,1,2548,1901,2022-01-01 00:00:00.000000000
60,Pagado,2023-12-01,1,2548,1901,2023-10-01 00:00:00.000000000
360,Pagado,2024-12-01,1,2548,1901,2024-01-01 00:00:00.000000000
360,Pagado,2025-12-01,1,2548,1901,2025-01-01 00:00:00.000000000
180,Pagado,2008-12-01,1,2548,1906,2008-04-01 00:00:00.000000000
60,Pagado,2009-03-01,1,2548,1906,2009-01-01 00:00:00.000000000
60,Pagado,2009-06-01,1,2548,1906,2009-04-01 00:00:00.000000000
480,Pagado,2010-04-01,1,2548,1908,2008-05-01 00:00:00.000000000
160,Pagado,2010-12-01,1,2548,1908,2010-05-01 00:00:00.000000000
240,Pagado,2011-12-01,1,2548,1908,2011-01-01 00:00:00.000000000
240,Pagado,2012-12-01,1,2548,1908,2012-01-01 00:00:00.000000000
240,Pagado,2013-12-01,1,2548,1908,2013-01-01 00:00:00.000000000
240,Pagado,2014-12-01,1,2548,1908,2014-01-01 00:00:00.000000000
20,Pagado,2012-05-01,1,2548,1909,2012-05-01 00:00:00.000000000
60,Pagado,2012-06-01,1,2548,1909,2012-04-01 00:00:00.000000000
100,Pagado,2012-11-01,1,2548,1909,2012-07-01 00:00:00.000000000
240,Pagado,2013-11-01,1,2548,1909,2012-12-01 00:00:00.000000000
80,Pagado,2014-03-01,1,2548,1909,2013-12-01 00:00:00.000000000
60,Pagado,2014-06-01,1,2548,1909,2014-04-01 00:00:00.000000000
20,Pagado,2014-07-01,1,2548,1909,2014-07-01 00:00:00.000000000
100,Pagado,2014-12-01,1,2548,1909,2014-08-01 00:00:00.000000000
100,Pagado,2008-09-01,1,2548,1910,2008-05-01 00:00:00.000000000
80,Pagado,2009-01-01,1,2548,1910,2008-10-01 00:00:00.000000000
520,Pagado,2011-03-01,1,2548,1910,2009-02-01 00:00:00.000000000
100,Pagado,2011-08-01,1,2548,1910,2011-04-01 00:00:00.000000000
100,Pagado,2012-01-01,1,2548,1910,2011-09-01 00:00:00.000000000
300,Pagado,2013-04-01,1,2548,1910,2012-02-01 00:00:00.000000000
200,Pagado,2014-02-01,1,2548,1910,2013-05-01 00:00:00.000000000
200,Pagado,2014-12-01,1,2548,1910,2014-03-01 00:00:00.000000000
2000,Pagado,2023-04-01,1,2548,1910,2015-01-01 00:00:00.000000000
160,Pagado,2023-12-01,1,2548,1910,2023-05-01 00:00:00.000000000
20,Pagado,2024-01-01,1,2548,1910,2024-01-01 00:00:00.000000000
360,Pagado,2025-12-01,1,2548,1910,2025-01-01 00:00:00.000000000
240,Pagado,2009-04-01,1,2548,1911,2008-05-01 00:00:00.000000000
60,Pagado,2009-07-01,1,2548,1911,2009-05-01 00:00:00.000000000
480,Pagado,2011-07-01,1,2548,1911,2009-08-01 00:00:00.000000000
100,Pagado,2011-12-01,1,2548,1911,2011-08-01 00:00:00.000000000
500,Pagado,2014-01-01,1,2548,1911,2012-01-01 00:00:00.000000000
240,Pagado,2015-01-01,1,2548,1911,2014-02-01 00:00:00.000000000
240,Pagado,2016-01-01,1,2548,1911,2015-02-01 00:00:00.000000000
500,Pagado,2018-02-01,1,2548,1911,2016-02-01 00:00:00.000000000
420,Pagado,2021-12-01,1,2548,1911,2020-04-01 00:00:00.000000000
240,Pagado,2022-12-01,1,2548,1911,2022-01-01 00:00:00.000000000
360,Pagado,2024-12-01,1,2548,1911,2024-01-01 00:00:00.000000000
360,Pagado,2025-12-01,1,2548,1911,2025-01-01 00:00:00.000000000
140,Pagado,2008-11-01,1,2548,1912,2008-05-01 00:00:00.000000000
360,Pagado,2010-05-01,1,2548,1912,2008-12-01 00:00:00.000000000
140,Pagado,2010-12-01,1,2548,1912,2010-06-01 00:00:00.000000000
80,Pagado,2011-04-01,1,2548,1912,2011-01-01 00:00:00.000000000
160,Pagado,2011-12-01,1,2548,1912,2011-05-01 00:00:00.000000000
480,Pagado,2013-12-01,1,2548,1912,2012-01-01 00:00:00.000000000
240,Pagado,2014-12-01,1,2548,1912,2014-01-01 00:00:00.000000000
240,Pagado,2015-12-01,1,2548,1912,2015-01-01 00:00:00.000000000
220,Pagado,2016-11-01,1,2548,1912,2016-01-01 00:00:00.000000000
240,Pagado,2017-11-01,1,2548,1912,2016-12-01 00:00:00.000000000
240,Pagado,2018-11-01,1,2548,1912,2017-12-01 00:00:00.000000000
240,Pagado,2019-11-01,1,2548,1912,2018-12-01 00:00:00.000000000
260,Pagado,2020-12-01,1,2548,1912,2019-12-01 00:00:00.000000000
240,Pagado,2021-12-01,1,2548,1912,2021-01-01 00:00:00.000000000
240,Pagado,2022-12-01,1,2548,1912,2022-01-01 00:00:00.000000000
240,Pagado,2023-12-01,1,2548,1912,2023-01-01 00:00:00.000000000
360,Pagado,2024-12-01,1,2548,1912,2024-01-01 00:00:00.000000000
360,Pagado,2025-12-01,1,2548,1912,2025-01-01 00:00:00.000000000
60,Pagado,2008-07-01,1,2548,1913,2008-05-01 00:00:00.000000000
100,Pagado,2008-10-01,1,2548,1914,2008-05-01 00:00:00.000000000
20,Pagado,2008-11-01,1,2548,1916,2008-11-01 00:00:00.000000000
20,Pagado,2008-12-01,1,2548,1916,2008-12-01 00:00:00.000000000
20,Pagado,2009-01-01,1,2548,1916,2009-01-01 00:00:00.000000000
20,Pagado,2009-02-01,1,2548,1916,2009-02-01 00:00:00.000000000
20,Pagado,2009-03-01,1,2548,1916,2009-03-01 00:00:00.000000000
20,Pagado,2009-04-01,1,2548,1916,2009-04-01 00:00:00.000000000
20,Pagado,2009-05-01,1,2548,1916,2009-05-01 00:00:00.000000000
20,Pagado,2009-06-01,1,2548,1916,2009-06-01 00:00:00.000000000
20,Pagado,2009-07-01,1,2548,1916,2009-07-01 00:00:00.000000000
20,Pagado,2009-08-01,1,2548,1916,2009-08-01 00:00:00.000000000
20,Pagado,2009-09-01,1,2548,1916,2009-09-01 00:00:00.000000000
20,Pagado,2009-10-01,1,2548,1916,2009-10-01 00:00:00.000000000
20,Pagado,2009-11-01,1,2548,1916,2009-11-01 00:00:00.000000000
20,Pagado,2009-12-01,1,2548,1916,2009-12-01 00:00:00.000000000
20,Pagado,2010-01-01,1,2548,1916,2010-01-01 00:00:00.000000000
20,Pagado,2010-02-01,1,2548,1916,2010-02-01 00:00:00.000000000
20,Pagado,2010-03-01,1,2548,1916,2010-03-01 00:00:00.000000000
20,Pagado,2010-04-01,1,2548,1916,2010-04-01 00:00:00.000000000
20,Pagado,2010-05-01,1,2548,1916,2010-05-01 00:00:00.000000000
20,Pagado,2010-06-01,1,2548,1916,2010-06-01 00:00:00.000000000
20,Pagado,2010-07-01,1,2548,1916,2010-07-01 00:00:00.000000000
20,Pagado,2010-08-01,1,2548,1916,2010-08-01 00:00:00.000000000
300,Pagado,2011-11-01,1,2548,1916,2010-09-01 00:00:00.000000000
20,Pagado,2011-12-01,1,2548,1916,2011-12-01 00:00:00.000000000
40,Pagado,2012-02-01,1,2548,1916,2012-01-01 00:00:00.000000000
40,Pagado,2012-04-01,1,2548,1916,2012-03-01 00:00:00.000000000
40,Pagado,2012-06-01,1,2548,1916,2012-03-01 00:00:00.000000000
40,Pagado,2012-08-01,1,2548,1916,2012-07-01 00:00:00.000000000
20,Pagado,2012-09-01,1,2548,1916,2012-09-01 00:00:00.000000000
40,Pagado,2012-11-01,1,2548,1916,2012-10-01 00:00:00.000000000
20,Pagado,2012-12-01,1,2548,1916,2012-12-01 00:00:00.000000000
40,Pagado,2013-02-01,1,2548,1916,2013-01-01 00:00:00.000000000
40,Pagado,2013-04-01,1,2548,1916,2013-03-01 00:00:00.000000000
40,Pagado,2013-06-01,1,2548,1916,2013-05-01 00:00:00.000000000
100,Pagado,2013-11-01,1,2548,1916,2013-07-01 00:00:00.000000000
40,Pagado,2014-01-01,1,2548,1916,2013-12-01 00:00:00.000000000
20,Pagado,2014-02-01,1,2548,1916,2014-02-01 00:00:00.000000000
20,Pagado,2014-03-01,1,2548,1916,2014-03-01 00:00:00.000000000
20,Pagado,2014-04-01,1,2548,1916,2014-04-01 00:00:00.000000000
20,Pagado,2014-05-01,1,2548,1916,2014-05-01 00:00:00.000000000
20,Pagado,2014-06-01,1,2548,1916,2014-06-01 00:00:00.000000000
40,Pagado,2014-08-01,1,2548,1916,2014-07-01 00:00:00.000000000
80,Pagado,2014-12-01,1,2548,1916,2014-09-01 00:00:00.000000000
20,Pagado,2015-01-01,1,2548,1916,2015-01-01 00:00:00.000000000
220,Pagado,2015-12-01,1,2548,1916,2015-02-01 00:00:00.000000000
220,Pagado,2016-11-01,1,2548,1916,2016-01-01 00:00:00.000000000
100,Pagado,2004-03-01,1,2548,1918,2008-11-01 00:00:00.000000000
100,Pagado,2008-10-01,1,2548,1918,2008-06-01 00:00:00.000000000
100,Pagado,2008-10-01,1,2548,1918,2008-06-01 00:00:00.000000000
360,Pagado,2010-09-01,1,2548,1918,2009-04-01 00:00:00.000000000
60,Pagado,2010-12-01,1,2548,1918,2010-10-01 00:00:00.000000000
20,Pagado,2011-01-01,1,2548,1918,2011-01-01 00:00:00.000000000
60,Pagado,2011-04-01,1,2548,1918,2011-02-01 00:00:00.000000000
80,Pagado,2011-08-01,1,2548,1918,2011-05-01 00:00:00.000000000
80,Pagado,2011-12-01,1,2548,1918,2011-09-01 00:00:00.000000000
240,Pagado,2012-12-01,1,2548,1918,2012-01-01 00:00:00.000000000
140,Pagado,2013-07-01,1,2548,1918,2013-01-01 00:00:00.000000000
100,Pagado,2013-12-01,1,2548,1918,2013-08-01 00:00:00.000000000
80,Pagado,2014-04-01,1,2548,1918,2014-01-01 00:00:00.000000000
100,Pagado,2014-09-01,1,2548,1918,2014-05-01 00:00:00.000000000
60,Pagado,2014-12-01,1,2548,1918,2014-10-01 00:00:00.000000000
180,Pagado,2015-09-01,1,2548,1918,2015-01-01 00:00:00.000000000
80,Pagado,2016-04-01,1,2548,1918,2016-01-01 00:00:00.000000000
100,Pagado,2016-09-01,1,2548,1918,2016-05-01 00:00:00.000000000
260,Pagado,2017-10-01,1,2548,1918,2016-10-01 00:00:00.000000000
240,Pagado,2018-10-01,1,2548,1918,2017-11-01 00:00:00.000000000
280,Pagado,2019-12-01,1,2548,1918,2018-11-01 00:00:00.000000000
40,Pagado,2020-02-01,1,2548,1918,2020-01-01 00:00:00.000000000
200,Pagado,2020-12-01,1,2548,1918,2020-03-01 00:00:00.000000000
200,Pagado,2021-10-01,1,2548,1918,2021-01-01 00:00:00.000000000
80,Pagado,2022-02-01,1,2548,1918,2021-11-01 00:00:00.000000000
200,Pagado,2022-12-01,1,2548,1918,2022-03-01 00:00:00.000000000
60,Pagado,2023-03-01,1,2548,1918,2023-01-01 00:00:00.000000000
60,Pagado,2023-12-01,1,2548,1918,2023-10-01 00:00:00.000000000
30,Pagado,2024-01-01,1,2548,1918,2024-01-01 00:00:00.000000000
100,Pagado,2008-10-01,1,2548,1919,2008-06-01 00:00:00.000000000
20,Pagado,2008-11-01,1,2548,1919,2008-11-01 00:00:00.000000000
500,Pagado,2010-06-01,1,2548,1922,2008-06-01 00:00:00.000000000
480,Pagado,2012-06-01,1,2548,1922,2010-07-01 00:00:00.000000000
120,Pagado,2008-12-01,1,2548,1925,2008-07-01 00:00:00.000000000
20,Pagado,2009-01-01,1,2548,1925,2009-01-01 00:00:00.000000000
120,Pagado,2008-12-01,1,2548,1928,2008-07-01 00:00:00.000000000
140,Pagado,2008-01-01,1,2548,1929,2008-07-01 00:00:00.000000000
200,Pagado,2009-11-01,1,2548,1929,2009-02-01 00:00:00.000000000
200,Pagado,2010-09-01,1,2548,1929,2009-12-01 00:00:00.000000000
60,Pagado,2010-12-01,1,2548,1929,2010-10-01 00:00:00.000000000
220,Pagado,2011-11-01,1,2548,1929,2011-01-01 00:00:00.000000000
1000,Pagado,2012-09-01,1,2548,1931,2008-08-01 00:00:00.000000000
960,Pagado,2016-09-01,1,2548,1931,2012-10-01 00:00:00.000000000
60,Pagado,2008-10-01,1,2548,1932,2008-08-01 00:00:00.000000000
40,Pagado,2008-12-01,1,2548,1932,2008-11-01 00:00:00.000000000
260,Pagado,2010-01-01,1,2548,1932,2009-01-01 00:00:00.000000000
500,Pagado,2012-02-01,1,2548,1932,2010-02-01 00:00:00.000000000
100,Pagado,2012-07-01,1,2548,1932,2012-03-01 00:00:00.000000000
120,Pagado,2013-01-01,1,2548,1932,2012-08-01 00:00:00.000000000
100,Pagado,2013-06-01,1,2548,1932,2013-02-01 00:00:00.000000000
100,Pagado,2013-11-01,1,2548,1932,2013-07-01 00:00:00.000000000
100,Pagado,2014-04-01,1,2548,1932,2013-12-01 00:00:00.000000000
40,Pagado,2014-06-01,1,2548,1932,2014-05-01 00:00:00.000000000
60,Pagado,2014-09-01,1,2548,1932,2014-07-01 00:00:00.000000000
60,Pagado,2014-12-01,1,2548,1932,2014-10-01 00:00:00.000000000
60,Pagado,2015-03-01,1,2548,1932,2015-01-01 00:00:00.000000000
100,Pagado,2015-08-01,1,2548,1932,2015-04-01 00:00:00.000000000
300,Pagado,2016-11-01,1,2548,1932,2015-09-01 00:00:00.000000000
500,Pagado,2018-12-01,1,2548,1932,2016-12-01 00:00:00.000000000
720,Pagado,2021-12-01,1,2548,1932,2019-01-01 00:00:00.000000000
240,Pagado,2022-12-01,1,2548,1932,2022-01-01 00:00:00.000000000
60,Pagado,2023-03-01,1,2548,1932,2023-01-01 00:00:00.000000000
60,Pagado,2023-12-01,1,2548,1932,2023-10-01 00:00:00.000000000
360,Pagado,2024-12-01,1,2548,1932,2024-01-01 00:00:00.000000000
360,Pagado,2025-12-01,1,2548,1932,2025-01-01 00:00:00.000000000
100,Pagado,2008-12-01,1,2548,1935,2008-08-01 00:00:00.000000000
1000,Pagado,2013-02-01,1,2548,1935,2009-01-01 00:00:00.000000000
900,Pagado,2016-11-01,1,2548,1935,2013-03-01 00:00:00.000000000
300,Pagado,2017-02-01,1,2548,1935,2016-12-01 00:00:00.000000000
300,Pagado,2018-05-01,1,2548,1935,2017-03-01 00:00:00.000000000
300,Pagado,2019-08-01,1,2548,1935,2018-06-01 00:00:00.000000000
300,Pagado,2020-11-01,1,2548,1935,2019-09-01 00:00:00.000000000
300,Pagado,2022-02-01,1,2548,1935,2020-12-01 00:00:00.000000000
60,Pagado,2023-12-01,1,2548,1935,2023-10-01 00:00:00.000000000
360,Pagado,2024-12-01,1,2548,1935,2024-01-01 00:00:00.000000000
360,Pagado,2025-12-01,1,2548,1935,2025-01-01 00:00:00.000000000
100,Pagado,2008-12-01,1,2548,1936,2008-08-01 00:00:00.000000000
500,Pagado,2010-08-01,1,2548,1938,2008-08-01 00:00:00.000000000
240,Pagado,2011-08-01,1,2548,1938,2010-09-01 00:00:00.000000000
100,Pagado,2008-12-01,1,2548,1939,2008-08-01 00:00:00.000000000
240,Pagado,2009-12-01,1,2548,1939,2009-01-01 00:00:00.000000000
60,Pagado,2010-03-01,1,2548,1939,2010-01-01 00:00:00.000000000
40,Pagado,2010-05-01,1,2548,1939,2010-04-01 00:00:00.000000000
60,Pagado,2010-08-01,1,2548,1939,2010-06-01 00:00:00.000000000
40,Pagado,2010-10-01,1,2548,1939,2010-09-01 00:00:00.000000000
40,Pagado,2010-12-01,1,2548,1939,2010-11-01 00:00:00.000000000
120,Pagado,2011-06-01,1,2548,1939,2011-01-01 00:00:00.000000000
60,Pagado,2011-09-01,1,2548,1939,2011-07-01 00:00:00.000000000
60,Pagado,2011-12-01,1,2548,1939,2011-10-01 00:00:00.000000000
60,Pagado,2012-03-01,1,2548,1939,2012-01-01 00:00:00.000000000
40,Pagado,2012-05-01,1,2548,1939,2012-04-01 00:00:00.000000000
80,Pagado,2012-09-01,1,2548,1939,2012-06-01 00:00:00.000000000
40,Pagado,2012-11-01,1,2548,1939,2012-10-01 00:00:00.000000000
20,Pagado,2012-12-01,1,2548,1939,2012-12-01 00:00:00.000000000
40,Pagado,2013-02-01,1,2548,1939,2013-01-01 00:00:00.000000000
40,Pagado,2013-04-01,1,2548,1939,2013-03-01 00:00:00.000000000
20,Pagado,2013-05-01,1,2548,1939,2013-05-01 00:00:00.000000000
20,Pagado,2013-06-01,1,2548,1939,2013-06-01 00:00:00.000000000
20,Pagado,2013-07-01,1,2548,1939,2013-07-01 00:00:00.000000000
100,Pagado,2013-12-01,1,2548,1939,2013-08-01 00:00:00.000000000
20,Pagado,2014-01-01,1,2548,1939,2014-01-01 00:00:00.000000000
20,Pagado,2014-02-01,1,2548,1939,2014-02-01 00:00:00.000000000
20,Pagado,2014-03-01,1,2548,1939,2014-03-01 00:00:00.000000000
20,Pagado,2014-04-01,1,2548,1939,2014-04-01 00:00:00.000000000
40,Pagado,2014-06-01,1,2548,1939,2014-05-01 00:00:00.000000000
20,Pagado,2014-07-01,1,2548,1939,2014-07-01 00:00:00.000000000
20,Pagado,2014-08-01,1,2548,1939,2014-08-01 00:00:00.000000000
40,Pagado,2014-10-01,1,2548,1939,2014-09-01 00:00:00.000000000
40,Pagado,2014-12-01,1,2548,1939,2014-11-01 00:00:00.000000000
20,Pagado,2015-01-01,1,2548,1939,2015-01-01 00:00:00.000000000
20,Pagado,2015-02-01,1,2548,1939,2015-02-01 00:00:00.000000000
40,Pagado,2015-04-01,1,2548,1939,2015-03-01 00:00:00.000000000
100,Pagado,2015-11-01,1,2548,1939,2015-06-01 00:00:00.000000000
20,Pagado,2015-12-01,1,2548,1939,2015-12-01 00:00:00.000000000
60,Pagado,2016-04-01,1,2548,1939,2016-02-01 00:00:00.000000000
20,Pagado,2016-04-01,1,2548,1939,2016-04-01 00:00:00.000000000
20,Pagado,2016-05-01,1,2548,1939,2016-05-01 00:00:00.000000000
20,Pagado,2016-06-01,1,2548,1939,2016-06-01 00:00:00.000000000
20,Pagado,2016-07-01,1,2548,1939,2016-07-01 00:00:00.000000000
20,Pagado,2016-11-01,1,2548,1939,2016-11-01 00:00:00.000000000
60,Pagado,2017-02-01,1,2548,1939,2016-12-01 00:00:00.000000000
60,Pagado,2017-05-01,1,2548,1939,2017-03-01 00:00:00.000000000
60,Pagado,2017-08-01,1,2548,1939,2017-06-01 00:00:00.000000000
60,Pagado,2017-11-01,1,2548,1939,2017-09-01 00:00:00.000000000
240,Pagado,2018-11-01,1,2548,1939,2017-12-01 00:00:00.000000000
240,Pagado,2019-11-01,1,2548,1939,2019-12-01 00:00:00.000000000
80,Pagado,2008-11-01,1,2548,1941,2008-08-01 00:00:00.000000000
40,Pagado,2009-01-01,1,2548,1941,2008-12-01 00:00:00.000000000
100,Pagado,2009-06-01,1,2548,1941,2009-02-01 00:00:00.000000000
20,Pagado,2008-10-01,1,2548,1945,2008-10-01 00:00:00.000000000
20,Pagado,2008-11-01,1,2548,1945,2008-11-01 00:00:00.000000000
240,Pagado,2009-11-01,1,2548,1945,2008-12-01 00:00:00.000000000
260,Pagado,2010-12-01,1,2548,1945,2009-12-01 00:00:00.000000000
240,Pagado,2011-12-01,1,2548,1945,2011-01-01 00:00:00.000000000
240,Pagado,2012-12-01,1,2548,1945,2012-01-01 00:00:00.000000000
240,Pagado,2013-12-01,1,2548,1945,2013-01-01 00:00:00.000000000
240,Pagado,2014-12-01,1,2548,1945,2014-01-01 00:00:00.000000000
240,Pagado,2015-12-01,1,2548,1945,2015-01-01 00:00:00.000000000
220,Pagado,2016-11-01,1,2548,1945,2016-01-01 00:00:00.000000000
240,Pagado,2017-11-01,1,2548,1945,2016-12-01 00:00:00.000000000
240,Pagado,2018-11-01,1,2548,1945,2017-12-01 00:00:00.000000000
240,Pagado,2019-11-01,1,2548,1945,2018-12-01 00:00:00.000000000
500,Pagado,2021-12-01,1,2548,1945,2019-12-01 00:00:00.000000000
240,Pagado,2022-12-01,1,2548,1945,2022-01-01 00:00:00.000000000
90,Pagado,2024-03-01,1,2548,1945,2024-01-01 00:00:00.000000000
270,Pagado,2024-12-01,1,2548,1945,2024-04-01 00:00:00.000000000
100,Pagado,2009-02-01,1,2548,1947,2008-10-01 00:00:00.000000000
80,Pagado,2009-06-01,1,2548,1947,2009-03-01 00:00:00.000000000
40,Pagado,2008-11-01,1,2548,1948,2008-10-01 00:00:00.000000000
100,Pagado,2009-09-01,1,2548,1948,2008-12-01 00:00:00.000000000
400,Pagado,2011-05-01,1,2548,1948,2009-10-01 00:00:00.000000000
60,Pagado,2008-12-01,1,2548,1949,2008-10-01 00:00:00.000000000
100,Pagado,2009-05-01,1,2548,1949,2009-01-01 00:00:00.000000000
80,Pagado,2009-09-01,1,2548,1949,2009-06-01 00:00:00.000000000
60,Pagado,2009-12-01,1,2548,1949,2009-10-01 00:00:00.000000000
100,Pagado,2010-05-01,1,2548,1949,2010-01-01 00:00:00.000000000
100,Pagado,2010-10-01,1,2548,1949,2010-06-01 00:00:00.000000000
40,Pagado,2010-12-01,1,2548,1949,2010-11-01 00:00:00.000000000
60,Pagado,2011-03-01,1,2548,1949,2011-01-01 00:00:00.000000000
60,Pagado,2011-06-01,1,2548,1949,2011-04-01 00:00:00.000000000
60,Pagado,2011-09-01,1,2548,1949,2011-07-01 00:00:00.000000000
60,Pagado,2011-12-01,1,2548,1949,2011-10-01 00:00:00.000000000
140,Pagado,2012-07-01,1,2548,1949,2012-01-01 00:00:00.000000000
100,Pagado,2012-12-01,1,2548,1949,2012-08-01 00:00:00.000000000
100,Pagado,2013-05-01,1,2548,1949,2013-01-01 00:00:00.000000000
100,Pagado,2013-10-01,1,2548,1949,2013-06-01 00:00:00.000000000
40,Pagado,2013-12-01,1,2548,1949,2013-11-01 00:00:00.000000000
100,Pagado,2014-05-01,1,2548,1949,2014-01-01 00:00:00.000000000
100,Pagado,2014-10-01,1,2548,1949,2014-06-01 00:00:00.000000000
40,Pagado,2014-12-01,1,2548,1949,2014-11-01 00:00:00.000000000
100,Pagado,2015-05-01,1,2548,1949,2015-01-01 00:00:00.000000000
100,Pagado,2015-10-01,1,2548,1949,2015-06-01 00:00:00.000000000
40,Pagado,2015-12-01,1,2548,1949,2015-11-01 00:00:00.000000000
100,Pagado,2016-05-01,1,2548,1949,2016-01-01 00:00:00.000000000
100,Pagado,2016-10-01,1,2548,1949,2016-06-01 00:00:00.000000000
40,Pagado,2016-12-01,1,2548,1949,2016-11-01 00:00:00.000000000
100,Pagado,2017-05-01,1,2548,1949,2017-01-01 00:00:00.000000000
100,Pagado,2017-10-01,1,2548,1949,2017-06-01 00:00:00.000000000
40,Pagado,2017-12-01,1,2548,1949,2017-11-01 00:00:00.000000000
40,Pagado,2018-02-01,1,2548,1949,2018-01-01 00:00:00.000000000
100,Pagado,2018-07-01,1,2548,1949,2018-03-01 00:00:00.000000000
100,Pagado,2018-12-01,1,2548,1949,2018-08-01 00:00:00.000000000
100,Pagado,2019-10-01,1,2548,1949,2019-06-01 00:00:00.000000000
40,Pagado,2019-12-01,1,2548,1949,2019-11-01 00:00:00.000000000
100,Pagado,2020-05-01,1,2548,1949,2020-01-01 00:00:00.000000000
100,Pagado,2020-10-01,1,2548,1949,2020-06-01 00:00:00.000000000
40,Pagado,2020-12-01,1,2548,1949,2020-11-01 00:00:00.000000000
100,Pagado,2021-05-01,1,2548,1949,2021-01-01 00:00:00.000000000
100,Pagado,2021-10-01,1,2548,1949,2021-06-01 00:00:00.000000000
40,Pagado,2021-12-01,1,2548,1949,2021-11-01 00:00:00.000000000
100,Pagado,2022-05-01,1,2548,1949,2022-01-01 00:00:00.000000000
100,Pagado,2022-10-01,1,2548,1949,2022-06-01 00:00:00.000000000
40,Pagado,2022-12-01,1,2548,1949,2022-11-01 00:00:00.000000000
60,Pagado,2023-12-01,1,2548,1949,2023-10-01 00:00:00.000000000
560,Pagado,2011-02-01,1,2548,1951,2008-11-01 00:00:00.000000000
80,Pagado,2011-06-01,1,2548,1951,2011-03-01 00:00:00.000000000
20,Pagado,2008-11-01,1,2548,1953,2008-11-01 00:00:00.000000000
20,Pagado,2008-12-01,1,2548,1953,2008-12-01 00:00:00.000000000
20,Pagado,2009-01-01,1,2548,1953,2009-01-01 00:00:00.000000000
20,Pagado,2009-02-01,1,2548,1953,2009-02-01 00:00:00.000000000
20,Pagado,2009-03-01,1,2548,1953,2009-03-01 00:00:00.000000000
20,Pagado,2009-04-01,1,2548,1953,2009-04-01 00:00:00.000000000
20,Pagado,2009-05-01,1,2548,1953,2009-05-01 00:00:00.000000000
20,Pagado,2009-06-01,1,2548,1953,2009-06-01 00:00:00.000000000
40,Pagado,2009-08-01,1,2548,1953,2009-07-01 00:00:00.000000000
40,Pagado,2009-10-01,1,2548,1953,2009-09-01 00:00:00.000000000
20,Pagado,2009-11-01,1,2548,1953,2009-11-01 00:00:00.000000000
60,Pagado,2010-02-01,1,2548,1953,2009-12-01 00:00:00.000000000
80,Pagado,2010-06-01,1,2548,1953,2010-03-01 00:00:00.000000000
40,Pagado,2010-08-01,1,2548,1953,2010-07-01 00:00:00.000000000
60,Pagado,2010-11-01,1,2548,1953,2010-09-01 00:00:00.000000000
120,Pagado,2011-05-01,1,2548,1953,2010-12-01 00:00:00.000000000
60,Pagado,2011-08-01,1,2548,1953,2011-06-01 00:00:00.000000000
60,Pagado,2011-11-01,1,2548,1953,2011-09-01 00:00:00.000000000
80,Pagado,2012-03-01,1,2548,1953,2011-12-01 00:00:00.000000000
120,Pagado,2012-09-01,1,2548,1953,2012-04-01 00:00:00.000000000
60,Pagado,2012-12-01,1,2548,1953,2012-10-01 00:00:00.000000000
120,Pagado,2013-06-01,1,2548,1953,2013-01-01 00:00:00.000000000
80,Pagado,2013-10-01,1,2548,1953,2013-07-01 00:00:00.000000000
40,Pagado,2013-12-01,1,2548,1953,2013-11-01 00:00:00.000000000
20,Pagado,2014-02-01,1,2548,1953,2014-01-01 00:00:00.000000000
40,Pagado,2014-04-01,1,2548,1953,2014-03-01 00:00:00.000000000
40,Pagado,2014-06-01,1,2548,1953,2014-05-01 00:00:00.000000000
20,Pagado,2014-07-01,1,2548,1953,2014-07-01 00:00:00.000000000
100,Pagado,2014-12-01,1,2548,1953,2014-08-01 00:00:00.000000000
120,Pagado,2015-06-01,1,2548,1953,2015-01-01 00:00:00.000000000
120,Pagado,2015-12-01,1,2548,1953,2015-07-01 00:00:00.000000000
100,Pagado,2016-05-01,1,2548,1953,2016-01-01 00:00:00.000000000
140,Pagado,2016-12-01,1,2548,1953,2016-06-01 00:00:00.000000000
100,Pagado,2017-05-01,1,2548,1953,2017-01-01 00:00:00.000000000
100,Pagado,2017-10-01,1,2548,1953,2017-06-01 00:00:00.000000000
40,Pagado,2017-12-01,1,2548,1953,2017-11-01 00:00:00.000000000
60,Pagado,2018-03-01,1,2548,1953,2018-01-01 00:00:00.000000000
160,Pagado,2018-11-01,1,2548,1953,2018-04-01 00:00:00.000000000
20,Pagado,2018-12-01,1,2548,1953,2018-12-01 00:00:00.000000000
60,Pagado,2019-03-01,1,2548,1953,2019-01-01 00:00:00.000000000
200,Pagado,2020-01-01,1,2548,1953,2019-04-01 00:00:00.000000000
40,Pagado,2008-12-01,1,2548,1954,2008-11-01 00:00:00.000000000
20,Pagado,2009-01-01,1,2548,1954,2009-01-01 00:00:00.000000000
40,Pagado,2009-03-01,1,2548,1954,2009-02-01 00:00:00.000000000
200,Pagado,2009-08-01,1,2548,1954,2009-11-01 00:00:00.000000000
140,Pagado,2009-10-01,1,2548,1954,2009-04-01 00:00:00.000000000
200,Pagado,2011-06-01,1,2548,1954,2010-09-01 00:00:00.000000000
160,Pagado,2012-02-01,1,2548,1954,2011-07-01 00:00:00.000000000
60,Pagado,2012-05-01,1,2548,1954,2012-03-01 00:00:00.000000000
120,Pagado,2012-11-01,1,2548,1954,2012-06-01 00:00:00.000000000
100,Pagado,2013-04-01,1,2548,1954,2012-12-01 00:00:00.000000000
100,Pagado,2013-09-01,1,2548,1954,2013-05-01 00:00:00.000000000
100,Pagado,2014-02-01,1,2548,1954,2013-10-01 00:00:00.000000000
200,Pagado,2014-12-01,1,2548,1954,2014-03-01 00:00:00.000000000
240,Pagado,2015-12-01,1,2548,1954,2015-01-01 00:00:00.000000000
240,Pagado,2016-12-01,1,2548,1954,2016-01-01 00:00:00.000000000
460,Pagado,2018-11-01,1,2548,1954,2017-01-01 00:00:00.000000000
380,Pagado,2010-05-01,1,2548,1956,2008-11-01 00:00:00.000000000
240,Pagado,2009-12-01,1,2548,1957,2008-12-01 00:00:00.000000000
20,Pagado,2009-12-01,1,2548,1957,2009-12-01 00:00:00.000000000
20,Pagado,2010-01-01,1,2548,1957,2010-01-01 00:00:00.000000000
300,Pagado,2011-04-01,1,2548,1957,2010-02-01 00:00:00.000000000
240,Pagado,2009-11-01,1,2548,1959,2008-12-01 00:00:00.000000000
160,Pagado,2010-07-01,1,2548,1959,2009-12-01 00:00:00.000000000
80,Pagado,2010-11-01,1,2548,1959,2010-08-01 00:00:00.000000000
200,Pagado,2011-09-01,1,2548,1959,2010-12-01 00:00:00.000000000
60,Pagado,2011-12-01,1,2548,1959,2011-10-01 00:00:00.000000000
220,Pagado,2012-11-01,1,2548,1959,2012-01-01 00:00:00.000000000
240,Pagado,2013-11-01,1,2548,1959,2012-12-01 00:00:00.000000000
240,Pagado,2014-11-01,1,2548,1959,2013-12-01 00:00:00.000000000
240,Pagado,2015-11-01,1,2548,1959,2014-12-01 00:00:00.000000000
240,Pagado,2016-11-01,1,2548,1959,2015-12-01 00:00:00.000000000
240,Pagado,2017-11-01,1,2548,1959,2016-12-01 00:00:00.000000000
240,Pagado,2018-11-01,1,2548,1959,2017-12-01 00:00:00.000000000
240,Pagado,2019-11-01,1,2548,1959,2018-12-01 00:00:00.000000000
500,Pagado,2010-12-01,1,2548,1961,2008-12-01 00:00:00.000000000
120,Pagado,2009-05-01,1,2548,1962,2008-12-01 00:00:00.000000000
40,Pagado,2009-02-01,1,2548,1965,2009-01-01 00:00:00.000000000
20,Pagado,2009-03-01,1,2548,1965,2009-03-01 00:00:00.000000000
80,Pagado,2009-07-01,1,2548,1965,2009-04-01 00:00:00.000000000
100,Pagado,2009-05-01,1,2548,1969,2009-01-01 00:00:00.000000000
300,Pagado,2010-04-01,1,2548,1971,2009-02-01 00:00:00.000000000
400,Pagado,2011-12-01,1,2548,1971,2010-05-01 00:00:00.000000000
220,Pagado,2012-11-01,1,2548,1971,2012-01-01 00:00:00.000000000
260,Pagado,2013-12-01,1,2548,1971,2012-12-01 00:00:00.000000000
240,Pagado,2014-12-01,1,2548,1971,2014-01-01 00:00:00.000000000
700,Pagado,2011-12-01,1,2548,1976,2009-02-01 00:00:00.000000000
200,Pagado,2012-10-01,1,2548,1976,2012-01-01 00:00:00.000000000
260,Pagado,2013-11-01,1,2548,1976,2012-11-01 00:00:00.000000000
360,Pagado,2010-08-01,1,2548,1978,2009-03-01 00:00:00.000000000
300,Pagado,2011-11-01,1,2548,1978,2010-09-01 00:00:00.000000000
200,Pagado,2012-12-01,1,2548,1978,2011-12-01 00:00:00.000000000
240,Pagado,2013-12-01,1,2548,1978,2013-01-01 00:00:00.000000000
240,Pagado,2014-12-01,1,2548,1978,2014-01-01 00:00:00.000000000
240,Pagado,2015-12-01,1,2548,1978,2015-01-01 00:00:00.000000000
240,Pagado,2016-12-01,1,2548,1978,2016-01-01 00:00:00.000000000
240,Pagado,2017-12-01,1,2548,1978,2017-01-01 00:00:00.000000000
20,Pagado,2001-01-01,1,2548,1979,2011-01-01 00:00:00.000000000
200,Pagado,2009-12-01,1,2548,1979,2009-03-01 00:00:00.000000000
200,Pagado,2010-11-01,1,2548,1979,2010-02-01 00:00:00.000000000
40,Pagado,2010-12-01,1,2548,1979,2010-11-01 00:00:00.000000000
220,Pagado,2011-12-01,1,2548,1979,2011-02-01 00:00:00.000000000
240,Pagado,2012-12-01,1,2548,1979,2012-01-01 00:00:00.000000000
240,Pagado,2013-12-01,1,2548,1979,2013-01-01 00:00:00.000000000
200,Pagado,2014-10-01,1,2548,1979,2014-01-01 00:00:00.000000000
400,Pagado,2016-06-01,1,2548,1979,2014-11-01 00:00:00.000000000
200,Pagado,2017-04-01,1,2548,1979,2016-07-01 00:00:00.000000000
700,Pagado,2020-03-01,1,2548,1979,2017-05-01 00:00:00.000000000
400,Pagado,2021-11-01,1,2548,1979,2020-04-01 00:00:00.000000000
20,Pagado,2021-12-01,1,2548,1979,2021-12-01 00:00:00.000000000
200,Pagado,2022-10-01,1,2548,1979,2022-01-01 00:00:00.000000000
280,Pagado,2023-12-01,1,2548,1979,2022-11-01 00:00:00.000000000
240,Pagado,2024-12-01,1,2548,1979,2024-01-01 00:00:00.000000000
360,Pagado,2025-12-01,1,2548,1979,2025-01-01 00:00:00.000000000
400,Pagado,2010-10-01,1,2548,1981,2009-03-01 00:00:00.000000000
300,Pagado,2010-06-01,1,2548,1982,2009-04-01 00:00:00.000000000
400,Pagado,2010-12-01,1,2548,1986,2009-05-01 00:00:00.000000000
240,Pagado,2011-12-01,1,2548,1986,2011-01-01 00:00:00.000000000
240,Pagado,2012-12-01,1,2548,1986,2012-01-01 00:00:00.000000000
240,Pagado,2013-12-01,1,2548,1986,2013-01-01 00:00:00.000000000
240,Pagado,2014-12-01,1,2548,1986,2014-01-01 00:00:00.000000000
240,Pagado,2015-12-01,1,2548,1986,2015-01-01 00:00:00.000000000
480,Pagado,2017-12-01,1,2548,1986,2016-01-01 00:00:00.000000000
240,Pagado,2018-12-01,1,2548,1986,2018-01-01 00:00:00.000000000
240,Pagado,2019-12-01,1,2548,1986,2019-01-01 00:00:00.000000000
240,Pagado,2020-12-01,1,2548,1986,2020-01-01 00:00:00.000000000
240,Pagado,2021-12-01,1,2548,1986,2021-01-01 00:00:00.000000000
240,Pagado,2022-12-01,1,2548,1986,2022-01-01 00:00:00.000000000
240,Pagado,2023-12-01,1,2548,1986,2023-01-01 00:00:00.000000000
360,Pagado,2024-12-01,1,2548,1986,2024-01-01 00:00:00.000000000
360,Pagado,2025-12-01,1,2548,1986,2025-01-01 00:00:00.000000000
1500,Pagado,2015-08-01,1,2548,1987,2009-06-01 00:00:00.000000000
360,Pagado,2010-10-01,1,2548,1988,2009-05-01 00:00:00.000000000
260,Pagado,2011-11-01,1,2548,1988,2010-11-01 00:00:00.000000000
260,Pagado,2012-12-01,1,2548,1988,2011-12-01 00:00:00.000000000
240,Pagado,2013-12-01,1,2548,1988,2013-01-01 00:00:00.000000000
100,Pagado,2014-05-01,1,2548,1988,2014-01-01 00:00:00.000000000
140,Pagado,2014-12-01,1,2548,1988,2014-06-01 00:00:00.000000000
240,Pagado,2015-12-01,1,2548,1988,2015-01-01 00:00:00.000000000
240,Pagado,2016-12-01,1,2548,1988,2016-01-01 00:00:00.000000000
120,Pagado,2017-06-01,1,2548,1988,2017-01-01 00:00:00.000000000
120,Pagado,2017-12-01,1,2548,1988,2017-07-01 00:00:00.000000000
240,Pagado,2018-12-01,1,2548,1988,2018-01-01 00:00:00.000000000
60,Pagado,2019-03-01,1,2548,1988,2019-01-01 00:00:00.000000000
180,Pagado,2019-12-01,1,2548,1988,2019-04-01 00:00:00.000000000
240,Pagado,2020-12-01,1,2548,1988,2020-01-01 00:00:00.000000000
40,Pagado,2021-02-01,1,2548,1988,2021-01-01 00:00:00.000000000
200,Pagado,2021-12-01,1,2548,1988,2021-03-01 00:00:00.000000000
100,Pagado,2022-05-01,1,2548,1988,2022-01-01 00:00:00.000000000
140,Pagado,2022-12-01,1,2548,1988,2022-06-01 00:00:00.000000000
240,Pagado,2023-12-01,1,2548,1988,2023-01-01 00:00:00.000000000
360,Pagado,2024-12-01,1,2548,1988,2024-01-01 00:00:00.000000000
360,Pagado,2025-12-01,1,2548,1988,2025-01-01 00:00:00.000000000
100,Pagado,2009-09-01,1,2548,1989,2009-05-01 00:00:00.000000000
100,Pagado,2010-02-01,1,2548,1989,2009-10-01 00:00:00.000000000
100,Pagado,2009-09-01,1,2548,1991,2009-05-01 00:00:00.000000000
100,Pagado,2010-07-01,1,2548,1991,2010-03-01 00:00:00.000000000
40,Pagado,2010-09-01,1,2548,1991,2010-08-01 00:00:00.000000000
40,Pagado,2010-11-01,1,2548,1991,2010-10-01 00:00:00.000000000
100,Pagado,2011-02-01,1,2548,1991,2009-10-01 00:00:00.000000000
240,Pagado,2011-11-01,1,2548,1991,2010-12-01 00:00:00.000000000
100,Pagado,2012-04-01,1,2548,1991,2011-12-01 00:00:00.000000000
120,Pagado,2012-10-01,1,2548,1991,2012-05-01 00:00:00.000000000
400,Pagado,2014-06-01,1,2548,1991,2012-11-01 00:00:00.000000000
120,Pagado,2014-12-01,1,2548,1991,2014-07-01 00:00:00.000000000
20,Pagado,2015-01-01,1,2548,1991,2015-01-01 00:00:00.000000000
20,Pagado,2015-02-01,1,2548,1991,2015-02-01 00:00:00.000000000
20,Pagado,2015-03-01,1,2548,1991,2015-03-01 00:00:00.000000000
40,Pagado,2015-05-01,1,2548,1991,2015-04-01 00:00:00.000000000
60,Pagado,2015-08-01,1,2548,1991,2015-06-01 00:00:00.000000000
40,Pagado,2015-10-01,1,2548,1991,2015-09-01 00:00:00.000000000
40,Pagado,2015-12-01,1,2548,1991,2015-11-01 00:00:00.000000000
100,Pagado,2016-05-01,1,2548,1991,2016-01-01 00:00:00.000000000
60,Pagado,2016-08-01,1,2548,1991,2016-06-01 00:00:00.000000000
80,Pagado,2016-12-01,1,2548,1991,2016-09-01 00:00:00.000000000
100,Pagado,2017-05-01,1,2548,1991,2017-01-01 00:00:00.000000000
140,Pagado,2017-12-01,1,2548,1991,2017-06-01 00:00:00.000000000
160,Pagado,2018-08-01,1,2548,1991,2018-01-01 00:00:00.000000000
80,Pagado,2018-12-01,1,2548,1991,2018-09-01 00:00:00.000000000
100,Pagado,2019-05-01,1,2548,1991,2019-01-01 00:00:00.000000000
140,Pagado,2019-12-01,1,2548,1991,2019-06-01 00:00:00.000000000
100,Pagado,2020-05-01,1,2548,1991,2020-01-01 00:00:00.000000000
140,Pagado,2020-12-01,1,2548,1991,2020-06-01 00:00:00.000000000
100,Pagado,2021-05-01,1,2548,1991,2021-01-01 00:00:00.000000000
100,Pagado,2022-05-01,1,2548,1991,2022-01-01 00:00:00.000000000
140,Pagado,2022-12-01,1,2548,1991,2022-06-01 00:00:00.000000000
100,Pagado,2023-05-01,1,2548,1991,2023-01-01 00:00:00.000000000
100,Pagado,2023-10-01,1,2548,1991,2023-06-01 00:00:00.000000000
40,Pagado,2023-12-01,1,2548,1991,2023-11-01 00:00:00.000000000
200,Pagado,2024-07-01,1,2548,1991,2024-01-01 00:00:00.000000000
10,Pagado,2024-07-01,1,2548,1991,2024-07-01 00:00:00.000000000
150,Pagado,2024-12-01,1,2548,1991,2024-08-01 00:00:00.000000000
360,Pagado,2025-12-01,1,2548,1991,2025-01-01 00:00:00.000000000
360,Pagado,2010-11-01,1,2548,1993,2009-06-01 00:00:00.000000000
240,Pagado,2011-11-01,1,2548,1993,2010-12-01 00:00:00.000000000
260,Pagado,2012-12-01,1,2548,1993,2011-12-01 00:00:00.000000000
240,Pagado,2013-12-01,1,2548,1993,2012-01-01 00:00:00.000000000
240,Pagado,2014-12-01,1,2548,1993,2014-01-01 00:00:00.000000000
240,Pagado,2015-12-01,1,2548,1993,2015-01-01 00:00:00.000000000
240,Pagado,2016-12-01,1,2548,1993,2016-01-01 00:00:00.000000000
480,Pagado,2018-12-01,1,2548,1993,2017-01-01 00:00:00.000000000
400,Pagado,2020-08-01,1,2548,1993,2019-01-01 00:00:00.000000000
320,Pagado,2021-12-01,1,2548,1993,2020-09-01 00:00:00.000000000
20,Pagado,2022-01-01,1,2548,1993,2022-01-01 00:00:00.000000000
220,Pagado,2022-12-01,1,2548,1993,2022-02-01 00:00:00.000000000
240,Pagado,2023-12-01,1,2548,1993,2023-01-01 00:00:00.000000000
240,Pagado,2024-08-01,1,2548,1993,2024-01-01 00:00:00.000000000
120,Pagado,2024-12-01,1,2548,1993,2024-09-01 00:00:00.000000000
150,Pagado,2025-05-01,1,2548,1993,2025-01-01 00:00:00.000000000
210,Pagado,2025-12-01,1,2548,1993,2025-06-01 00:00:00.000000000
60,Pagado,2009-09-01,1,2548,1994,2009-07-01 00:00:00.000000000
20,Pagado,2009-10-01,1,2548,1994,2009-10-01 00:00:00.000000000
20,Pagado,2009-11-01,1,2548,1994,2009-11-01 00:00:00.000000000
260,Pagado,2010-12-01,1,2548,1994,2009-12-01 00:00:00.000000000
100,Pagado,2009-12-01,1,2548,1997,2009-08-01 00:00:00.000000000
40,Pagado,2010-02-01,1,2548,1997,2010-01-01 00:00:00.000000000
100,Pagado,2010-07-01,1,2548,1997,2010-03-01 00:00:00.000000000
120,Pagado,2011-01-01,1,2548,1997,2010-08-01 00:00:00.000000000
20,Pagado,2011-02-01,1,2548,1997,2011-02-01 00:00:00.000000000
100,Pagado,2011-07-01,1,2548,1997,2011-03-01 00:00:00.000000000
20,Pagado,2012-02-01,1,2548,1997,2012-02-01 00:00:00.000000000
60,Pagado,2012-05-01,1,2548,1997,2012-03-01 00:00:00.000000000
120,Pagado,2012-11-01,1,2548,1997,2012-06-01 00:00:00.000000000
20,Pagado,2015-05-01,1,2548,1997,2015-05-01 00:00:00.000000000
1400,Pagado,2021-03-01,1,2548,1997,2015-06-01 00:00:00.000000000
200,Pagado,2022-01-01,1,2548,1997,2021-04-01 00:00:00.000000000
100,Pagado,2022-06-01,1,2548,1997,2022-02-01 00:00:00.000000000
120,Pagado,2022-12-01,1,2548,1997,2022-07-01 00:00:00.000000000
240,Pagado,2023-12-01,1,2548,1997,2023-01-01 00:00:00.000000000
300,Pagado,2024-10-01,1,2548,1997,2024-01-01 00:00:00.000000000
60,Pagado,2024-12-01,1,2548,1997,2024-11-01 00:00:00.000000000
360,Pagado,2025-12-01,1,2548,1997,2025-01-01 00:00:00.000000000
1000,Pagado,2013-07-01,1,2548,1999,2009-06-01 00:00:00.000000000
1000,Pagado,2017-09-01,1,2548,1999,2013-08-01 00:00:00.000000000
1060,Pagado,2013-12-01,1,2548,2001,2009-08-01 00:00:00.000000000
240,Pagado,2014-12-01,1,2548,2001,2014-01-01 00:00:00.000000000
40,Pagado,2015-12-01,1,2548,2001,2015-11-01 00:00:00.000000000
200,Pagado,2016-10-01,1,2548,2001,2016-01-01 00:00:00.000000000
40,Pagado,2016-12-01,1,2548,2001,2016-11-01 00:00:00.000000000
240,Pagado,2017-12-01,1,2548,2001,2017-01-01 00:00:00.000000000
240,Pagado,2018-12-01,1,2548,2001,2018-01-01 00:00:00.000000000
240,Pagado,2019-12-01,1,2548,2001,2019-01-01 00:00:00.000000000
60,Pagado,2020-03-01,1,2548,2001,2020-01-01 00:00:00.000000000
180,Pagado,2020-12-01,1,2548,2001,2020-04-01 00:00:00.000000000
60,Pagado,2021-04-01,1,2548,2001,2021-02-01 00:00:00.000000000
120,Pagado,2021-10-01,1,2548,2001,2021-05-01 00:00:00.000000000
40,Pagado,2021-12-01,1,2548,2001,2021-11-01 00:00:00.000000000
240,Pagado,2022-12-01,1,2548,2001,2022-01-01 00:00:00.000000000
240,Pagado,2023-12-01,1,2548,2001,2023-01-01 00:00:00.000000000
60,Pagado,2024-02-01,1,2548,2001,2024-01-01 00:00:00.000000000
60,Pagado,2024-12-01,1,2548,2001,2024-11-01 00:00:00.000000000
360,Pagado,2025-12-01,1,2548,2001,2025-01-01 00:00:00.000000000
80,Pagado,2009-12-01,1,2548,2004,2009-09-01 00:00:00.000000000
280,Pagado,2011-02-01,1,2548,2004,2010-01-01 00:00:00.000000000
300,Pagado,2010-12-01,1,2548,2005,2009-10-01 00:00:00.000000000
220,Pagado,2011-11-01,1,2548,2005,2011-01-01 00:00:00.000000000
240,Pagado,2012-11-01,1,2548,2005,2011-12-01 00:00:00.000000000
240,Pagado,2013-11-01,1,2548,2005,2013-12-01 00:00:00.000000000
260,Pagado,2014-12-01,1,2548,2005,2013-12-01 00:00:00.000000000
240,Pagado,2015-12-01,1,2548,2005,2015-01-01 00:00:00.000000000
220,Pagado,2016-11-01,1,2548,2005,2016-01-01 00:00:00.000000000
240,Pagado,2017-11-01,1,2548,2005,2016-12-01 00:00:00.000000000
240,Pagado,2018-11-01,1,2548,2005,2017-12-01 00:00:00.000000000
240,Pagado,2019-11-01,1,2548,2005,2018-12-01 00:00:00.000000000
20,Pagado,2019-12-01,1,2548,2005,2019-12-01 00:00:00.000000000
240,Pagado,2020-12-01,1,2548,2005,2020-01-01 00:00:00.000000000
240,Pagado,2021-12-01,1,2548,2005,2021-01-01 00:00:00.000000000
240,Pagado,2022-12-01,1,2548,2005,2022-01-01 00:00:00.000000000
240,Pagado,2023-12-01,1,2548,2005,2023-01-01 00:00:00.000000000
360,Pagado,2024-12-01,1,2548,2005,2024-01-01 00:00:00.000000000
360,Pagado,2025-12-01,1,2548,2005,2025-01-01 00:00:00.000000000
200,Pagado,2010-07-01,1,2548,2007,2009-10-01 00:00:00.000000000
320,Pagado,2011-11-01,1,2548,2007,2010-08-01 00:00:00.000000000
100,Pagado,2012-04-01,1,2548,2007,2011-12-01 00:00:00.000000000
160,Pagado,2012-12-01,1,2548,2007,2012-05-01 00:00:00.000000000
240,Pagado,2013-12-01,1,2548,2007,2013-01-01 00:00:00.000000000
200,Pagado,2014-10-01,1,2548,2007,2014-01-01 00:00:00.000000000
40,Pagado,2014-12-01,1,2548,2007,2014-11-01 00:00:00.000000000
220,Pagado,2016-11-01,1,2548,2007,2016-01-01 00:00:00.000000000
240,Pagado,2017-11-01,1,2548,2007,2016-12-01 00:00:00.000000000
200,Pagado,2018-09-01,1,2548,2007,2017-12-01 00:00:00.000000000
60,Pagado,2018-12-01,1,2548,2007,2018-10-01 00:00:00.000000000
240,Pagado,2019-12-01,1,2548,2007,2019-01-01 00:00:00.000000000
240,Pagado,2020-12-01,1,2548,2007,2020-01-01 00:00:00.000000000
240,Pagado,2021-12-01,1,2548,2007,2021-01-01 00:00:00.000000000
240,Pagado,2022-12-01,1,2548,2007,2022-01-01 00:00:00.000000000
200,Pagado,2023-10-01,1,2548,2007,2023-01-01 00:00:00.000000000
40,Pagado,2023-12-01,1,2548,2007,2023-11-01 00:00:00.000000000
360,Pagado,2024-12-01,1,2548,2007,2024-01-01 00:00:00.000000000
360,Pagado,2025-12-01,1,2548,2007,2025-01-01 00:00:00.000000000
120,Pagado,2010-05-01,1,2548,2008,2009-12-01 00:00:00.000000000
140,Pagado,2010-12-01,1,2548,2008,2010-06-01 00:00:00.000000000
200,Pagado,2011-10-01,1,2548,2008,2011-01-01 00:00:00.000000000
40,Pagado,2011-12-01,1,2548,2008,2011-11-01 00:00:00.000000000
240,Pagado,2012-12-01,1,2548,2008,2012-01-01 00:00:00.000000000
120,Pagado,2013-07-01,1,2548,2008,2013-02-01 00:00:00.000000000
120,Pagado,2013-12-01,1,2548,2008,2013-07-01 00:00:00.000000000
240,Pagado,2014-12-01,1,2548,2008,2014-01-01 00:00:00.000000000
120,Pagado,2015-06-01,1,2548,2008,2015-01-01 00:00:00.000000000
120,Pagado,2015-12-01,1,2548,2008,2015-07-01 00:00:00.000000000
120,Pagado,2016-06-01,1,2548,2008,2016-01-01 00:00:00.000000000
120,Pagado,2016-12-01,1,2548,2008,2016-07-01 00:00:00.000000000
120,Pagado,2017-06-01,1,2548,2008,2017-01-01 00:00:00.000000000
360,Pagado,2018-12-01,1,2548,2008,2017-07-01 00:00:00.000000000
960,Pagado,2022-12-01,1,2548,2008,2019-01-01 00:00:00.000000000
240,Pagado,2023-12-01,1,2548,2008,2023-01-01 00:00:00.000000000
360,Pagado,2024-12-01,1,2548,2008,2024-01-01 00:00:00.000000000
360,Pagado,2025-12-01,1,2548,2008,2025-01-01 00:00:00.000000000
120,Pagado,2010-04-01,1,2548,2009,2009-11-01 00:00:00.000000000
40,Pagado,2010-04-01,1,2548,2011,2010-03-01 00:00:00.000000000
120,Pagado,2010-10-01,1,2548,2011,2010-05-01 00:00:00.000000000
40,Pagado,2010-12-01,1,2548,2011,2010-11-01 00:00:00.000000000
60,Pagado,2011-03-01,1,2548,2011,2011-01-01 00:00:00.000000000
40,Pagado,2011-05-01,1,2548,2011,2011-04-01 00:00:00.000000000
100,Pagado,2011-10-01,1,2548,2011,2011-06-01 00:00:00.000000000
40,Pagado,2011-12-01,1,2548,2011,2011-11-01 00:00:00.000000000
100,Pagado,2012-05-01,1,2548,2011,2012-01-01 00:00:00.000000000
40,Pagado,2012-07-01,1,2548,2011,2012-06-01 00:00:00.000000000
80,Pagado,2012-11-01,1,2548,2011,2012-08-01 00:00:00.000000000
20,Pagado,2012-12-01,1,2548,2011,2012-12-01 00:00:00.000000000
200,Pagado,2013-10-01,1,2548,2011,2013-01-01 00:00:00.000000000
220,Pagado,2014-08-01,1,2548,2011,2013-11-01 00:00:00.000000000
60,Pagado,2014-12-01,1,2548,2011,2014-10-01 00:00:00.000000000
60,Pagado,2015-03-01,1,2548,2011,2015-01-01 00:00:00.000000000
180,Pagado,2015-12-01,1,2548,2011,2015-04-01 00:00:00.000000000
40,Pagado,2016-02-01,1,2548,2011,2016-01-01 00:00:00.000000000
200,Pagado,2016-12-01,1,2548,2011,2016-03-01 00:00:00.000000000
220,Pagado,2017-11-01,1,2548,2011,2017-01-01 00:00:00.000000000
20,Pagado,2017-12-01,1,2548,2011,2017-12-01 00:00:00.000000000
240,Pagado,2018-12-01,1,2548,2011,2018-01-01 00:00:00.000000000
240,Pagado,2019-12-01,1,2548,2011,2019-01-01 00:00:00.000000000
40,Pagado,2020-02-01,1,2548,2011,2020-01-01 00:00:00.000000000
20,Pagado,2020-03-01,1,2548,2011,2020-03-01 00:00:00.000000000
180,Pagado,2020-12-01,1,2548,2011,2020-04-01 00:00:00.000000000
80,Pagado,2021-04-01,1,2548,2011,2021-01-01 00:00:00.000000000
160,Pagado,2021-12-01,1,2548,2011,2021-05-01 00:00:00.000000000
240,Pagado,2022-12-01,1,2548,2011,2022-01-01 00:00:00.000000000
240,Pagado,2023-12-01,1,2548,2011,2023-01-01 00:00:00.000000000
90,Pagado,2024-03-01,1,2548,2011,2024-01-01 00:00:00.000000000
90,Pagado,2024-06-01,1,2548,2011,2024-04-01 00:00:00.000000000
180,Pagado,2024-12-01,1,2548,2011,2024-07-01 00:00:00.000000000
150,Pagado,2025-05-01,1,2548,2011,2025-01-01 00:00:00.000000000
30,Pagado,2025-12-01,1,2548,2011,2025-12-01 00:00:00.000000000
200,Pagado,2010-12-01,1,2548,2012,2010-03-01 00:00:00.000000000
240,Pagado,2011-12-01,1,2548,2012,2011-01-01 00:00:00.000000000
120,Pagado,2012-06-01,1,2548,2012,2012-01-01 00:00:00.000000000
120,Pagado,2012-12-01,1,2548,2012,2012-07-01 00:00:00.000000000
240,Pagado,2013-12-01,1,2548,2012,2013-01-01 00:00:00.000000000
240,Pagado,2014-12-01,1,2548,2012,2014-01-01 00:00:00.000000000
160,Pagado,2015-08-01,1,2548,2012,2015-01-01 00:00:00.000000000
80,Pagado,2015-12-01,1,2548,2012,2015-09-01 00:00:00.000000000
240,Pagado,2016-12-01,1,2548,2012,2016-01-01 00:00:00.000000000
240,Pagado,2017-12-01,1,2548,2012,2017-01-01 00:00:00.000000000
240,Pagado,2018-12-01,1,2548,2012,2018-01-01 00:00:00.000000000
240,Pagado,2019-12-01,1,2548,2012,2019-01-01 00:00:00.000000000
240,Pagado,2020-12-01,1,2548,2012,2020-01-01 00:00:00.000000000
240,Pagado,2021-12-01,1,2548,2012,2021-01-01 00:00:00.000000000
240,Pagado,2022-12-01,1,2548,2012,2022-01-01 00:00:00.000000000
240,Pagado,2023-12-01,1,2548,2012,2023-01-01 00:00:00.000000000
360,Pagado,2024-12-01,1,2548,2012,2024-01-01 00:00:00.000000000
360,Pagado,2025-12-01,1,2548,2012,2025-01-01 00:00:00.000000000
180,Pagado,2010-12-01,1,2548,2016,2010-04-01 00:00:00.000000000
1930,Pagado,2025-09-01,1,2548,2019,2018-08-01 00:00:00.000000000
90,Pagado,2025-12-01,1,2548,2019,2025-10-01 00:00:00.000000000
140,Pagado,2010-11-01,1,2548,2020,2010-05-01 00:00:00.000000000
260,Pagado,2011-12-01,1,2548,2020,2010-12-01 00:00:00.000000000
240,Pagado,2012-12-01,1,2548,2020,2012-01-01 00:00:00.000000000
240,Pagado,2013-12-01,1,2548,2020,2013-01-01 00:00:00.000000000
240,Pagado,2014-12-01,1,2548,2020,2014-01-01 00:00:00.000000000
240,Pagado,2015-12-01,1,2548,2020,2015-01-01 00:00:00.000000000
240,Pagado,2016-12-01,1,2548,2020,2016-01-01 00:00:00.000000000
240,Pagado,2017-12-01,1,2548,2020,2017-01-01 00:00:00.000000000
240,Pagado,2018-12-01,1,2548,2020,2018-01-01 00:00:00.000000000
240,Pagado,2019-12-01,1,2548,2020,2019-01-01 00:00:00.000000000
240,Pagado,2020-12-01,1,2548,2020,2020-01-01 00:00:00.000000000
240,Pagado,2021-12-01,1,2548,2020,2021-01-01 00:00:00.000000000
240,Pagado,2022-12-01,1,2548,2020,2022-01-01 00:00:00.000000000
240,Pagado,2023-12-01,1,2548,2020,2023-01-01 00:00:00.000000000
360,Pagado,2024-12-01,1,2548,2020,2024-01-01 00:00:00.000000000
360,Pagado,2025-12-01,1,2548,2020,2025-01-01 00:00:00.000000000
140,Pagado,2010-11-01,1,2548,2021,2010-05-01 00:00:00.000000000
1220,Pagado,2015-05-01,1,2548,2023,2010-05-01 00:00:00.000000000
100,Pagado,2010-09-01,1,2548,2024,2010-05-01 00:00:00.000000000
200,Pagado,2011-07-01,1,2548,2024,2010-10-01 00:00:00.000000000
280,Pagado,2012-09-01,1,2548,2024,2011-08-01 00:00:00.000000000
2700,Pagado,2023-12-01,1,2548,2024,2012-10-01 00:00:00.000000000
150,Pagado,2024-05-01,1,2548,2024,2024-01-01 00:00:00.000000000
440,Pagado,2012-02-01,1,2548,2025,2010-05-01 00:00:00.000000000
20,Pagado,2010-06-01,1,2548,2026,2010-06-01 00:00:00.000000000
20,Pagado,2010-07-01,1,2548,2026,2010-07-01 00:00:00.000000000
20,Pagado,2010-08-01,1,2548,2026,2010-08-01 00:00:00.000000000
20,Pagado,2010-09-01,1,2548,2026,2010-09-01 00:00:00.000000000
20,Pagado,2010-10-01,1,2548,2026,2010-09-01 00:00:00.000000000
40,Pagado,2010-12-01,1,2548,2026,2010-11-01 00:00:00.000000000
20,Pagado,2011-01-01,1,2548,2026,2011-01-01 00:00:00.000000000
300,Pagado,2012-04-01,1,2548,2026,2011-02-01 00:00:00.000000000
200,Pagado,2013-02-01,1,2548,2026,2012-05-01 00:00:00.000000000
440,Pagado,2014-12-01,1,2548,2026,2013-03-01 00:00:00.000000000
240,Pagado,2016-12-01,1,2548,2026,2016-01-01 00:00:00.000000000
240,Pagado,2017-12-01,1,2548,2026,2017-01-01 00:00:00.000000000
30,Pagado,2024-07-01,1,2548,2026,2024-07-01 00:00:00.000000000
150,Pagado,2024-12-01,1,2548,2026,2024-08-01 00:00:00.000000000
360,Pagado,2025-12-01,1,2548,2026,2025-01-01 00:00:00.000000000
240,Pagado,2010-12-01,1,2548,2027,2010-06-01 00:00:00.000000000
240,Pagado,2011-12-01,1,2548,2027,2011-01-01 00:00:00.000000000
240,Pagado,2012-12-01,1,2548,2027,2012-01-01 00:00:00.000000000
240,Pagado,2013-12-01,1,2548,2027,2013-01-01 00:00:00.000000000
240,Pagado,2014-12-01,1,2548,2027,2014-01-01 00:00:00.000000000
240,Pagado,2015-12-01,1,2548,2027,2015-01-01 00:00:00.000000000
240,Pagado,2016-12-01,1,2548,2027,2016-01-01 00:00:00.000000000
240,Pagado,2018-12-01,1,2548,2027,2018-01-01 00:00:00.000000000
240,Pagado,2019-12-01,1,2548,2027,2019-01-01 00:00:00.000000000
240,Pagado,2020-12-01,1,2548,2027,2020-01-01 00:00:00.000000000
240,Pagado,2021-12-01,1,2548,2027,2021-01-01 00:00:00.000000000
240,Pagado,2022-12-01,1,2548,2027,2022-01-01 00:00:00.000000000
240,Pagado,2023-12-01,1,2548,2027,2023-01-01 00:00:00.000000000
360,Pagado,2024-12-01,1,2548,2027,2024-01-01 00:00:00.000000000
360,Pagado,2025-12-01,1,2548,2027,2025-01-01 00:00:00.000000000
60,Pagado,2010-08-01,1,2548,2028,2010-06-01 00:00:00.000000000
400,Pagado,2012-01-01,1,2548,2029,2010-06-01 00:00:00.000000000
800,Pagado,2015-05-01,1,2548,2029,2012-02-01 00:00:00.000000000
200,Pagado,2016-03-01,1,2548,2029,2015-06-01 00:00:00.000000000
120,Pagado,2010-11-01,1,2548,2030,2010-06-01 00:00:00.000000000
80,Pagado,2011-01-01,1,2548,2032,2010-10-01 00:00:00.000000000
80,Pagado,2011-05-01,1,2548,2032,2011-02-01 00:00:00.000000000
140,Pagado,2011-12-01,1,2548,2032,2011-06-01 00:00:00.000000000
240,Pagado,2012-12-01,1,2548,2032,2012-01-01 00:00:00.000000000
140,Pagado,2013-07-01,1,2548,2032,2013-01-01 00:00:00.000000000
860,Pagado,2013-12-01,1,2548,2033,2010-12-01 00:00:00.000000000
240,Pagado,2014-12-01,1,2548,2033,2014-01-01 00:00:00.000000000
220,Pagado,2015-11-01,1,2548,2033,2015-01-01 00:00:00.000000000
320,Pagado,2017-03-01,1,2548,2033,2015-12-01 00:00:00.000000000
320,Pagado,2018-07-01,1,2548,2033,2017-04-01 00:00:00.000000000
340,Pagado,2019-12-01,1,2548,2033,2018-08-01 00:00:00.000000000
100,Pagado,2020-05-01,1,2548,2033,2020-01-01 00:00:00.000000000
140,Pagado,2020-12-01,1,2548,2033,2020-06-01 00:00:00.000000000
120,Pagado,2021-06-01,1,2548,2033,2021-01-01 00:00:00.000000000
120,Pagado,2021-12-01,1,2548,2033,2021-07-01 00:00:00.000000000
240,Pagado,2022-12-01,1,2548,2033,2022-01-01 00:00:00.000000000
240,Pagado,2023-12-01,1,2548,2033,2023-01-01 00:00:00.000000000
360,Pagado,2024-12-01,1,2548,2033,2024-01-01 00:00:00.000000000
360,Pagado,2025-12-01,1,2548,2033,2025-01-01 00:00:00.000000000
100,Pagado,2010-10-01,1,2548,2034,2010-06-01 00:00:00.000000000
120,Pagado,2010-12-01,1,2548,2035,2010-07-01 00:00:00.000000000
240,Pagado,2011-12-01,1,2548,2035,2011-01-01 00:00:00.000000000
240,Pagado,2012-12-01,1,2548,2035,2012-01-01 00:00:00.000000000
240,Pagado,2013-12-01,1,2548,2035,2013-01-01 00:00:00.000000000
240,Pagado,2014-12-01,1,2548,2035,2014-01-01 00:00:00.000000000
240,Pagado,2015-12-01,1,2548,2035,2015-01-01 00:00:00.000000000
240,Pagado,2016-12-01,1,2548,2035,2016-01-01 00:00:00.000000000
80,Pagado,2017-04-01,1,2548,2035,2017-01-01 00:00:00.000000000
160,Pagado,2017-12-01,1,2548,2035,2017-05-01 00:00:00.000000000
60,Pagado,2018-03-01,1,2548,2035,2018-01-01 00:00:00.000000000
240,Pagado,2018-12-01,1,2548,2035,2018-01-01
240,Pagado,2019-12-01,1,2548,2035,2019-01-01
200,Pagado,2020-10-01,1,2548,2035,2020-01-01
60,Pagado,2021-01-01,1,2548,2035,2020-11-01
240,Pagado,2011-06-01,1,2548,2037,2010-07-01
100,Pagado,2011-11-01,1,2548,2037,2011-07-01
260,Pagado,2012-12-01,1,2548,2037,2011-12-01
200,Pagado,2013-10-01,1,2548,2037,2013-01-01
20,Pagado,2013-11-01,1,2548,2037,2013-11-01
240,Pagado,2014-11-01,1,2548,2037,2013-12-01
20,Pagado,2014-12-01,1,2548,2037,2014-12-01
20,Pagado,2015-01-01,1,2548,2037,2015-01-01
20,Pagado,2015-02-01,1,2548,2037,2015-02-01
20,Pagado,2015-03-01,1,2548,2037,2015-03-01
140,Pagado,2015-10-01,1,2548,2037,2015-04-01
20,Pagado,2015-11-01,1,2548,2037,2015-11-01
80,Pagado,2016-03-01,1,2548,2037,2015-12-01
60,Pagado,2016-06-01,1,2548,2037,2016-04-01
80,Pagado,2016-10-01,1,2548,2037,2016-07-01
40,Pagado,2016-12-01,1,2548,2037,2016-11-01
20,Pagado,2017-01-01,1,2548,2037,2017-01-01
20,Pagado,2017-02-01,1,2548,2037,2017-02-01
20,Pagado,2017-03-01,1,2548,2037,2017-03-01
20,Pagado,2017-04-01,1,2548,2037,2017-04-01
20,Pagado,2017-05-01,1,2548,2037,2017-05-01
140,Pagado,2017-12-01,1,2548,2037,2017-06-01
40,Pagado,2018-04-01,1,2548,2037,2018-03-01
160,Pagado,2018-12-01,1,2548,2037,2018-05-01
480,Pagado,2020-12-01,1,2548,2037,2019-01-01
240,Pagado,2021-12-01,1,2548,2037,2021-01-01
240,Pagado,2022-12-01,1,2548,2037,2022-01-01
240,Pagado,2023-12-01,1,2548,2037,2023-01-01
360,Pagado,2024-12-01,1,2548,2037,2024-01-01
360,Pagado,2025-12-01,1,2548,2037,2025-01-01
500,Pagado,2012-07-01,1,2548,2038,2010-07-01
480,Pagado,2014-08-01,1,2548,2038,2012-08-01
480,Pagado,2016-07-01,1,2548,2038,2014-08-01
2290,Pagado,2025-05-01,1,2548,2038,2016-08-01
270,Pagado,2026-02-01,1,2548,2038,2025-06-01
100,Pagado,2010-11-01,1,2548,2039,2010-07-01
500,Pagado,2012-12-01,1,2548,2039,2010-12-01
240,Pagado,2013-12-01,1,2548,2039,2013-01-01
500,Pagado,2016-01-01,1,2548,2039,2014-01-01
1000,Pagado,2020-03-01,1,2548,2039,2016-02-01
300,Pagado,2021-06-01,1,2548,2039,2020-04-01
340,Pagado,2011-12-01,1,2548,2040,2010-08-01
720,Pagado,2014-12-01,1,2548,2040,2012-01-01
480,Pagado,2016-12-01,1,2548,2040,2015-01-01
120,Pagado,2017-06-01,1,2548,2040,2017-01-01
80,Pagado,2010-12-01,1,2548,2041,2010-09-01
40,Pagado,2011-02-01,1,2548,2041,2011-01-01
200,Pagado,2011-12-01,1,2548,2041,2011-03-01
240,Pagado,2012-12-01,1,2548,2041,2012-01-01
220,Pagado,2013-11-01,1,2548,2041,2013-01-01
240,Pagado,2014-11-01,1,2548,2041,2013-12-01
260,Pagado,2015-12-01,1,2548,2041,2014-12-01
140,Pagado,2016-07-01,1,2548,2041,2016-01-01
100,Pagado,2016-12-01,1,2548,2041,2016-08-01
80,Pagado,2017-04-01,1,2548,2041,2017-01-01
80,Pagado,2017-08-01,1,2548,2041,2017-05-01
40,Pagado,2017-10-01,1,2548,2041,2017-09-01
200,Pagado,2018-08-01,1,2548,2041,2017-11-01
60,Pagado,2018-12-01,1,2548,2041,2018-09-01
120,Pagado,2019-05-01,1,2548,2041,2018-12-01
140,Pagado,2019-12-01,1,2548,2041,2019-06-01
160,Pagado,2020-08-01,1,2548,2041,2020-01-01
80,Pagado,2020-12-01,1,2548,2041,2020-09-01
240,Pagado,2021-12-01,1,2548,2041,2021-01-01
240,Pagado,2022-12-01,1,2548,2041,2022-01-01
240,Pagado,2023-12-01,1,2548,2041,2023-01-01
360,Pagado,2024-12-01,1,2548,2041,2024-01-01
210,Pagado,2025-07-01,1,2548,2041,2025-01-01
80,Pagado,2011-11-01,1,2548,2042,2011-08-01
240,Pagado,2012-11-01,1,2548,2042,2011-12-01
240,Pagado,2013-11-01,1,2548,2042,2012-12-01
260,Pagado,2014-12-01,1,2548,2042,2013-12-01
260,Pagado,2016-12-01,1,2548,2042,2015-12-01
240,Pagado,2017-12-01,1,2548,2042,2017-01-01
240,Pagado,2018-12-01,1,2548,2042,2018-01-01
120,Pagado,2019-06-01,1,2548,2042,2019-01-01
120,Pagado,2019-12-01,1,2548,2042,2019-07-01
240,Pagado,2020-12-01,1,2548,2042,2020-01-01
240,Pagado,2021-12-01,1,2548,2042,2021-01-01
240,Pagado,2022-12-01,1,2548,2042,2022-01-01
600,Pagado,2024-12-01,1,2548,2042,2023-01-01
360,Pagado,2025-12-01,1,2548,2042,2025-01-01
100,Pagado,2011-05-01,1,2548,2043,2011-01-01
140,Pagado,2011-12-01,1,2548,2043,2011-06-01
240,Pagado,2012-12-01,1,2548,2043,2012-01-01
240,Pagado,2013-12-01,1,2548,2043,2013-01-01
160,Pagado,2014-08-01,1,2548,2043,2014-01-01
80,Pagado,2014-12-01,1,2548,2043,2014-09-01
400,Pagado,2016-08-01,1,2548,2043,2015-01-01
840,Pagado,2020-02-01,1,2548,2043,2016-09-01
200,Pagado,2011-10-01,1,2548,2044,2011-01-01
1000,Pagado,2015-12-01,1,2548,2044,2011-11-01
40,Pagado,2011-02-01,1,2548,2046,2011-01-01
40,Pagado,2011-04-01,1,2548,2046,2011-03-01
60,Pagado,2011-07-01,1,2548,2046,2011-05-01
400,Pagado,2013-03-01,1,2548,2046,2011-08-01
420,Pagado,2014-12-01,1,2548,2046,2013-04-01
20,Pagado,2015-01-01,1,2548,2046,2015-01-01
20,Pagado,2015-02-01,1,2548,2046,2015-02-01
40,Pagado,2015-04-01,1,2548,2046,2015-03-01
20,Pagado,2015-05-01,1,2548,2046,2015-05-01
140,Pagado,2015-12-01,1,2548,2046,2015-06-01
240,Pagado,2016-12-01,1,2548,2046,2016-01-01
240,Pagado,2017-12-01,1,2548,2046,2017-01-01
240,Pagado,2018-12-01,1,2548,2046,2018-01-01
240,Pagado,2019-12-01,1,2548,2046,2019-01-01
240,Pagado,2020-12-01,1,2548,2046,2020-01-01
240,Pagado,2021-12-01,1,2548,2046,2021-01-01
240,Pagado,2022-12-01,1,2548,2046,2022-01-01
240,Pagado,2023-12-01,1,2548,2046,2023-01-01
360,Pagado,2024-12-01,1,2548,2046,2024-01-01
360,Pagado,2025-12-01,1,2548,2046,2025-01-01
40,Pagado,2011-03-01,1,2548,2049,2011-02-01
500,Pagado,2013-04-01,1,2548,2049,2011-04-01
60,Pagado,2011-04-01,1,2548,2050,2011-02-01
40,Pagado,2011-06-01,1,2548,2050,2011-05-01
120,Pagado,2011-12-01,1,2548,2050,2011-07-01
100,Pagado,2012-05-01,1,2548,2050,2012-01-01
140,Pagado,2012-12-01,1,2548,2050,2012-06-01
240,Pagado,2013-12-01,1,2548,2050,2013-01-01
240,Pagado,2014-12-01,1,2548,2050,2014-01-01
240,Pagado,2015-12-01,1,2548,2050,2015-01-01
240,Pagado,2016-12-01,1,2548,2050,2016-01-01
240,Pagado,2017-12-01,1,2548,2050,2017-01-01
240,Pagado,2018-12-01,1,2548,2050,2018-01-01
240,Pagado,2019-12-01,1,2548,2050,2019-01-01
100,Pagado,2020-05-01,1,2548,2050,2020-01-01
140,Pagado,2020-12-01,1,2548,2050,2020-07-01
240,Pagado,2021-12-01,1,2548,2050,2021-01-01
100,Pagado,2022-05-01,1,2548,2050,2022-01-01
140,Pagado,2022-12-01,1,2548,2050,2022-06-01
240,Pagado,2023-12-01,1,2548,2050,2023-01-01
120,Pagado,2024-04-01,1,2548,2050,2024-01-01
120,Pagado,2024-08-01,1,2548,2050,2024-05-01
120,Pagado,2024-12-01,1,2548,2050,2024-09-01
360,Pagado,2025-12-01,1,2548,2050,2025-01-01
40,Pagado,2011-03-01,1,2548,2051,2011-02-01
40,Pagado,2011-05-01,1,2548,2051,2011-04-01
140,Pagado,2011-12-01,1,2548,2051,2011-06-01
40,Pagado,2011-02-01,1,2548,2053,2011-01-01
200,Pagado,2011-12-01,1,2548,2053,2011-03-01
240,Pagado,2012-12-01,1,2548,2053,2012-01-01
240,Pagado,2013-12-01,1,2548,2053,2013-01-01
240,Pagado,2014-12-01,1,2548,2053,2014-01-01
520,Pagado,2017-02-01,1,2548,2053,2015-01-01
240,Pagado,2018-02-01,1,2548,2053,2017-03-01
40,Pagado,2018-04-01,1,2548,2053,2018-03-01
100,Pagado,2011-07-01,1,2548,2054,2011-03-01
80,Pagado,2011-11-01,1,2548,2054,2011-08-01
60,Pagado,2012-02-01,1,2548,2054,2011-12-01
200,Pagado,2012-12-01,1,2548,2054,2012-03-01
240,Pagado,2013-12-01,1,2548,2054,2013-01-01
240,Pagado,2014-12-01,1,2548,2054,2014-01-01
240,Pagado,2015-12-01,1,2548,2054,2015-01-01
240,Pagado,2016-12-01,1,2548,2054,2016-01-01
40,Pagado,2017-02-01,1,2548,2054,2017-01-01
200,Pagado,2017-12-01,1,2548,2054,2017-03-01
100,Pagado,2018-05-01,1,2548,2054,2018-01-01
100,Pagado,2018-10-01,1,2548,2054,2018-06-01
260,Pagado,2019-11-01,1,2548,2054,2018-12-01
260,Pagado,2020-12-01,1,2548,2054,2019-12-01
240,Pagado,2021-12-01,1,2548,2054,2021-01-01
240,Pagado,2022-12-01,1,2548,2054,2022-01-01
240,Pagado,2023-12-01,1,2548,2054,2023-01-01
360,Pagado,2024-12-01,1,2548,2054,2024-01-01
360,Pagado,2025-12-01,1,2548,2054,2025-01-01
200,Pagado,2011-12-01,1,2548,2056,2011-03-01
240,Pagado,2012-12-01,1,2548,2056,2012-01-01
240,Pagado,2013-12-01,1,2548,2056,2013-01-01
240,Pagado,2014-12-01,1,2548,2056,2014-01-01
240,Pagado,2015-12-01,1,2548,2056,2015-01-01
240,Pagado,2016-12-01,1,2548,2056,2016-01-01
240,Pagado,2017-12-01,1,2548,2056,2017-01-01
240,Pagado,2018-12-01,1,2548,2056,2018-01-01
240,Pagado,2019-12-01,1,2548,2056,2019-01-01
240,Pagado,2020-12-01,1,2548,2056,2020-01-01
240,Pagado,2021-12-01,1,2548,2056,2021-01-01
240,Pagado,2022-12-01,1,2548,2056,2022-01-01
240,Pagado,2023-12-01,1,2548,2056,2023-01-01
240,Pagado,2024-08-01,1,2548,2056,2024-01-01
120,Pagado,2024-12-01,1,2548,2056,2024-09-01
360,Pagado,2025-12-01,1,2548,2056,2025-01-01
220,Pagado,2012-01-01,1,2548,2059,2011-03-01
400,Pagado,2012-11-01,1,2548,2060,2011-04-01
400,Pagado,2014-07-01,1,2548,2060,2012-12-01
480,Pagado,2016-07-01,1,2548,2060,2014-08-01
1000,Pagado,2020-09-01,1,2548,2060,2016-08-01
20,Pagado,2011-07-01,1,2548,2062,2011-07-01
120,Pagado,2011-12-01,1,2548,2063,2011-07-01
240,Pagado,2012-12-01,1,2548,2063,2012-01-01
100,Pagado,2013-05-01,1,2548,2063,2013-01-01
140,Pagado,2013-12-01,1,2548,2063,2013-06-01
20,Pagado,2011-07-01,1,2548,2064,2011-07-01
200,Pagado,2012-05-01,1,2548,2064,2011-08-01
360,Pagado,2012-12-01,1,2548,2065,2011-07-01
240,Pagado,2013-12-01,1,2548,2065,2013-01-01
240,Pagado,2014-12-01,1,2548,2065,2014-01-01
240,Pagado,2015-12-01,1,2548,2065,2015-01-01
960,Pagado,2019-12-01,1,2548,2065,2016-01-01
200,Pagado,2020-10-01,1,2548,2065,2020-01-01
40,Pagado,2020-12-01,1,2548,2065,2020-11-01
240,Pagado,2021-12-01,1,2548,2065,2021-01-01
20,Pagado,2011-07-01,1,2548,2066,2011-07-01
100,Pagado,2011-12-01,1,2548,2066,2011-08-01
120,Pagado,2012-06-01,1,2548,2066,2012-01-01
120,Pagado,2012-12-01,1,2548,2066,2012-07-01
240,Pagado,2013-12-01,1,2548,2066,2013-01-01
240,Pagado,2014-12-01,1,2548,2066,2014-01-01
220,Pagado,2015-11-01,1,2548,2066,2015-01-01
260,Pagado,2016-11-01,1,2548,2066,2015-12-01
240,Pagado,2017-12-01,1,2548,2066,2017-01-01
500,Pagado,2020-01-01,1,2548,2066,2018-01-01
220,Pagado,2020-12-01,1,2548,2066,2020-02-01
240,Pagado,2021-12-01,1,2548,2066,2021-01-01
240,Pagado,2022-12-01,1,2548,2066,2022-01-01
240,Pagado,2023-12-01,1,2548,2066,2023-01-01
340,Pagado,2012-12-01,1,2548,2067,2011-08-01
240,Pagado,2013-12-01,1,2548,2067,2013-01-01
240,Pagado,2014-12-01,1,2548,2067,2014-01-01
240,Pagado,2015-12-01,1,2548,2067,2015-01-01
240,Pagado,2016-12-01,1,2548,2067,2016-01-01
240,Pagado,2017-12-01,1,2548,2067,2017-01-01
240,Pagado,2018-12-01,1,2548,2067,2018-01-01
240,Pagado,2019-12-01,1,2548,2067,2019-01-01
240,Pagado,2020-12-01,1,2548,2067,2020-01-01
240,Pagado,2021-12-01,1,2548,2067,2021-01-01
240,Pagado,2022-12-01,1,2548,2067,2022-01-01
240,Pagado,2023-12-01,1,2548,2067,2023-01-01
360,Pagado,2024-12-01,1,2548,2067,2024-01-01
360,Pagado,2025-12-01,1,2548,2067,2025-01-01
100,Pagado,2011-12-01,1,2548,2068,2011-08-01
60,Pagado,2012-03-01,1,2548,2068,2012-01-01
300,Pagado,2013-06-01,1,2548,2068,2012-04-01
380,Pagado,2015-01-01,1,2548,2068,2013-07-01
40,Pagado,2015-03-01,1,2548,2068,2015-02-01
100,Pagado,2015-08-01,1,2548,2068,2015-04-01
80,Pagado,2015-12-01,1,2548,2068,2015-09-01
160,Pagado,2016-08-01,1,2548,2068,2016-01-01
80,Pagado,2016-12-01,1,2548,2068,2016-09-01
100,Pagado,2017-05-01,1,2548,2068,2017-01-01
140,Pagado,2017-12-01,1,2548,2068,2017-06-01
160,Pagado,2018-08-01,1,2548,2068,2018-01-01
80,Pagado,2018-12-01,1,2548,2068,2018-09-01
100,Pagado,2019-05-01,1,2548,2068,2019-01-01
140,Pagado,2019-12-01,1,2548,2068,2019-06-01
40,Pagado,2020-02-01,1,2548,2068,2020-01-01
100,Pagado,2020-07-01,1,2548,2068,2020-03-01
100,Pagado,2020-12-01,1,2548,2068,2020-08-01
100,Pagado,2021-05-01,1,2548,2068,2021-01-01
100,Pagado,2022-05-01,1,2548,2068,2022-01-01
100,Pagado,2022-10-01,1,2548,2068,2022-06-01
60,Pagado,2023-01-01,1,2548,2068,2022-11-01
100,Pagado,2023-06-01,1,2548,2068,2023-02-01
100,Pagado,2023-11-01,1,2548,2068,2023-07-01
20,Pagado,2023-12-01,1,2548,2068,2023-12-01
200,Pagado,2024-07-01,1,2548,2068,2024-01-01
10,Pagado,2024-07-01,1,2548,2068,2024-07-01
150,Pagado,2024-12-01,1,2548,2068,2024-08-01
120,Pagado,2025-04-01,1,2548,2068,2025-01-01
240,Pagado,2025-12-01,1,2548,2068,2025-05-01
220,Pagado,2012-12-01,1,2548,2072,2012-02-01
210,Pagado,2024-12-01,1,2548,2073,2024-06-01
270,Pagado,2025-09-01,1,2548,2073,2025-01-01
90,Pagado,2025-12-01,1,2548,2073,2025-10-01
180,Pagado,2012-11-01,1,2548,2074,2012-03-01
260,Pagado,2013-12-01,1,2548,2074,2012-12-01
200,Pagado,2014-10-01,1,2548,2074,2014-01-01
40,Pagado,2014-12-01,1,2548,2074,2014-11-01
240,Pagado,2015-12-01,1,2548,2074,2015-01-01
40,Pagado,2016-02-01,1,2548,2074,2016-01-01
200,Pagado,2016-12-01,1,2548,2074,2016-03-01
20,Pagado,2017-01-01,1,2548,2074,2017-01-01
20,Pagado,2017-02-01,1,2548,2074,2017-02-01
40,Pagado,2017-04-01,1,2548,2074,2017-03-01
40,Pagado,2017-06-01,1,2548,2074,2017-05-01
40,Pagado,2017-08-01,1,2548,2074,2017-07-01
80,Pagado,2017-12-01,1,2548,2074,2017-09-01
40,Pagado,2018-02-01,1,2548,2074,2018-01-01
40,Pagado,2018-04-01,1,2548,2074,2018-03-01
40,Pagado,2018-06-01,1,2548,2074,2018-05-01
40,Pagado,2018-08-01,1,2548,2074,2018-07-01
40,Pagado,2018-10-01,1,2548,2074,2018-09-01
40,Pagado,2018-12-01,1,2548,2074,2018-11-01
240,Pagado,2019-12-01,1,2548,2074,2019-01-01
240,Pagado,2020-12-01,1,2548,2074,2020-01-01
240,Pagado,2021-12-01,1,2548,2074,2021-01-01
240,Pagado,2022-12-01,1,2548,2074,2022-01-01
240,Pagado,2023-12-01,1,2548,2074,2023-01-01
360,Pagado,2024-12-01,1,2548,2074,2024-01-01
360,Pagado,2025-12-01,1,2548,2074,2025-01-01
60,Pagado,2012-06-01,1,2548,2075,2012-04-01
200,Pagado,2013-04-01,1,2548,2075,2012-07-01
160,Pagado,2013-12-01,1,2548,2075,2013-05-01
240,Pagado,2014-12-01,1,2548,2075,2014-01-01
200,Pagado,2015-10-01,1,2548,2075,2015-01-01
40,Pagado,2016-03-01,1,2548,2075,2016-02-01
60,Pagado,2016-06-01,1,2548,2075,2016-04-01
100,Pagado,2016-11-01,1,2548,2075,2016-07-01
300,Pagado,2013-07-01,1,2548,2077,2012-05-01
100,Pagado,2013-12-01,1,2548,2077,2013-08-01
100,Pagado,2014-05-01,1,2548,2077,2014-01-01
120,Pagado,2014-11-01,1,2548,2077,2014-06-01
60,Pagado,2015-02-01,1,2548,2077,2014-12-01
200,Pagado,2015-12-01,1,2548,2077,2015-03-01
240,Pagado,2016-12-01,1,2548,2077,2016-01-01
700,Pagado,2015-04-01,1,2548,2080,2012-06-01
300,Pagado,2016-07-01,1,2548,2080,2015-05-01
200,Pagado,2018-08-01,1,2548,2080,2017-11-01
800,Pagado,2021-12-01,1,2548,2080,2018-09-01
200,Pagado,2022-10-01,1,2548,2080,2022-01-01
280,Pagado,2023-12-01,1,2548,2080,2022-11-01
80,Pagado,2012-11-01,1,2548,2081,2012-08-01
20,Pagado,2012-12-01,1,2548,2081,2012-12-01
20,Pagado,2012-08-01,1,2548,2083,2012-08-01
20,Pagado,2012-09-01,1,2548,2083,2012-09-01
20,Pagado,2012-10-01,1,2548,2083,2012-10-01
20,Pagado,2012-11-01,1,2548,2083,2012-11-01
20,Pagado,2012-12-01,1,2548,2083,2012-12-01
200,Pagado,2013-10-01,1,2548,2083,2013-01-01
300,Pagado,2013-11-01,1,2548,2085,2012-09-01
520,Pagado,2016-01-01,1,2548,2085,2013-12-01
1860,Pagado,2023-10-01,1,2548,2085,2016-02-01
1740,Pagado,2020-01-01,1,2548,2086,2012-11-01
300,Pagado,2014-01-01,1,2548,2090,2012-11-01
480,Pagado,2016-01-01,1,2548,2090,2014-02-01
100,Pagado,2016-06-01,1,2548,2090,2016-02-01
400,Pagado,2018-02-01,1,2548,2090,2016-07-01
240,Pagado,2019-02-01,1,2548,2090,2018-03-01
240,Pagado,2020-02-01,1,2548,2090,2019-03-01
100,Pagado,2020-12-01,1,2548,2090,2020-08-01
100,Pagado,2021-05-01,1,2548,2090,2021-01-01
100,Pagado,2021-07-01,1,2548,2090,2021-03-01
100,Pagado,2021-10-01,1,2548,2090,2021-06-01
100,Pagado,2022-03-01,1,2548,2090,2021-11-01
180,Pagado,2022-12-01,1,2548,2090,2020-04-01
240,Pagado,2023-12-01,1,2548,2090,2023-01-01
360,Pagado,2024-12-01,1,2548,2090,2024-01-01
360,Pagado,2025-12-01,1,2548,2090,2025-01-01
300,Pagado,2026-10-01,1,2548,2090,2026-01-01
480,Pagado,2014-12-01,1,2548,2092,2013-01-01
100,Pagado,2015-05-01,1,2548,2092,2015-01-01
140,Pagado,2015-12-01,1,2548,2092,2015-06-01
400,Pagado,2017-08-01,1,2548,2092,2016-01-01
400,Pagado,2019-04-01,1,2548,2092,2017-09-01
240,Pagado,2021-12-01,1,2548,2092,2021-01-01
240,Pagado,2022-12-01,1,2548,2092,2022-01-01
240,Pagado,2023-12-01,1,2548,2092,2023-01-01
360,Pagado,2024-12-01,1,2548,2092,2024-01-01
360,Pagado,2025-12-01,1,2548,2092,2025-01-01
480,Pagado,2014-12-01,1,2548,2093,2013-01-01
240,Pagado,2015-12-01,1,2548,2093,2015-01-01
480,Pagado,2017-12-01,1,2548,2093,2016-01-01
240,Pagado,2018-12-01,1,2548,2093,2018-01-01
240,Pagado,2019-12-01,1,2548,2093,2019-01-01
240,Pagado,2020-12-01,1,2548,2093,2020-01-01
240,Pagado,2021-12-01,1,2548,2093,2021-01-01
240,Pagado,2022-12-01,1,2548,2093,2022-01-01
240,Pagado,2023-12-01,1,2548,2093,2023-01-01
360,Pagado,2024-12-01,1,2548,2093,2024-01-01
360,Pagado,2025-12-01,1,2548,2093,2025-01-01
220,Pagado,2013-12-01,1,2548,2094,2013-02-01
240,Pagado,2014-12-01,1,2548,2094,2014-01-01
240,Pagado,2015-12-01,1,2548,2094,2015-01-01
800,Pagado,2019-04-01,1,2548,2094,2016-01-01
160,Pagado,2019-12-01,1,2548,2094,2019-05-01
240,Pagado,2020-12-01,1,2548,2094,2020-01-01
240,Pagado,2021-12-01,1,2548,2094,2021-01-01
240,Pagado,2022-12-01,1,2548,2094,2022-01-01
240,Pagado,2023-12-01,1,2548,2094,2023-01-01
360,Pagado,2024-12-01,1,2548,2094,2024-01-01
360,Pagado,2025-12-01,1,2548,2094,2025-01-01
220,Pagado,2013-12-01,1,2548,2095,2013-02-01
240,Pagado,2014-12-01,1,2548,2095,2014-01-01
240,Pagado,2015-12-01,1,2548,2095,2015-01-01
240,Pagado,2016-12-01,1,2548,2095,2016-01-01
240,Pagado,2017-12-01,1,2548,2095,2017-01-01
240,Pagado,2018-12-01,1,2548,2095,2018-01-01
240,Pagado,2019-12-01,1,2548,2095,2019-01-01
240,Pagado,2020-12-01,1,2548,2095,2020-01-01
240,Pagado,2021-12-01,1,2548,2095,2021-01-01
240,Pagado,2022-12-01,1,2548,2095,2022-01-01
240,Pagado,2023-12-01,1,2548,2095,2023-01-01
360,Pagado,2024-12-01,1,2548,2095,2024-01-01
360,Pagado,2025-12-01,1,2548,2095,2025-01-01
160,Pagado,2013-12-01,1,2548,2096,2013-05-01
240,Pagado,2014-12-01,1,2548,2096,2014-01-01
240,Pagado,2015-12-01,1,2548,2096,2015-01-01
240,Pagado,2016-12-01,1,2548,2096,2016-01-01
240,Pagado,2017-12-01,1,2548,2096,2017-01-01
120,Pagado,2018-06-01,1,2548,2096,2018-01-01
120,Pagado,2018-12-01,1,2548,2096,2018-07-01
240,Pagado,2019-12-01,1,2548,2096,2019-01-01
240,Pagado,2020-12-01,1,2548,2096,2020-01-01
240,Pagado,2021-12-01,1,2548,2096,2021-01-01
240,Pagado,2022-12-01,1,2548,2096,2022-01-01
240,Pagado,2023-12-01,1,2548,2096,2023-01-01
360,Pagado,2024-12-01,1,2548,2096,2024-01-01
360,Pagado,2025-12-01,1,2548,2096,2025-01-01
140,Pagado,2013-12-01,1,2548,2097,2013-06-01
240,Pagado,2014-12-01,1,2548,2097,2014-01-01
400,Pagado,2016-08-01,1,2548,2097,2015-01-01
300,Pagado,2017-11-01,1,2548,2097,2016-09-01
240,Pagado,2018-11-01,1,2548,2097,2017-12-01
240,Pagado,2019-11-01,1,2548,2097,2018-12-01
260,Pagado,2020-12-01,1,2548,2097,2019-12-01
240,Pagado,2021-12-01,1,2548,2097,2021-01-01
300,Pagado,2023-03-01,1,2548,2097,2022-01-01
180,Pagado,2023-12-01,1,2548,2097,2023-04-01
160,Pagado,2014-02-01,1,2548,2098,2013-07-01
220,Pagado,2015-01-01,1,2548,2098,2014-03-01
240,Pagado,2014-12-01,1,2548,2099,2014-01-01
1000,Pagado,2019-02-01,1,2548,2099,2015-01-01
120,Pagado,2013-12-01,1,2548,2100,2013-07-01
240,Pagado,2014-12-01,1,2548,2100,2014-01-01
240,Pagado,2015-12-01,1,2548,2100,2015-01-01
240,Pagado,2016-12-01,1,2548,2100,2016-01-01
40,Pagado,2017-02-01,1,2548,2100,2017-01-01
60,Pagado,2017-05-01,1,2548,2100,2017-03-01
120,Pagado,2013-12-01,1,2548,2101,2013-07-01
240,Pagado,2014-12-01,1,2548,2101,2014-01-01
240,Pagado,2015-12-01,1,2548,2101,2015-01-01
120,Pagado,2014-12-01,1,2548,2102,2014-07-01
240,Pagado,2015-12-01,1,2548,2102,2015-01-01
220,Pagado,2016-11-01,1,2548,2102,2016-01-01
240,Pagado,2017-11-01,1,2548,2102,2016-12-01
260,Pagado,2018-12-01,1,2548,2102,2017-12-01
240,Pagado,2019-12-01,1,2548,2102,2019-01-01
240,Pagado,2020-12-01,1,2548,2102,2020-01-01
240,Pagado,2021-12-01,1,2548,2102,2021-01-01
240,Pagado,2022-12-01,1,2548,2102,2022-01-01
240,Pagado,2023-12-01,1,2548,2102,2023-01-01
360,Pagado,2024-12-01,1,2548,2102,2024-01-01
360,Pagado,2025-12-01,1,2548,2102,2025-01-01
60,Pagado,2014-11-01,1,2548,2104,2014-09-01
240,Pagado,2016-11-01,1,2548,2104,2015-12-01
240,Pagado,2017-11-01,1,2548,2104,2016-12-01
240,Pagado,2018-11-01,1,2548,2104,2017-12-01
240,Pagado,2019-11-01,1,2548,2104,2018-12-01
260,Pagado,2020-12-01,1,2548,2104,2019-12-01
260,Pagado,2020-12-01,1,2548,2104,2019-12-01
240,Pagado,2021-12-01,1,2548,2104,2021-01-01
240,Pagado,2022-12-01,1,2548,2104,2022-01-01
240,Pagado,2023-12-01,1,2548,2104,2023-01-01
360,Pagado,2024-12-01,1,2548,2104,2024-01-01
360,Pagado,2025-12-01,1,2548,2104,2025-01-01
20,Pagado,2014-10-01,1,2548,2105,2014-10-01
40,Pagado,2014-12-01,1,2548,2105,2014-11-01
240,Pagado,2015-12-01,1,2548,2105,2015-01-01
440,Pagado,2017-10-01,1,2548,2105,2016-01-01
240,Pagado,2017-12-01,1,2548,2105,2017-01-01
40,Pagado,2017-12-01,1,2548,2105,2017-11-01
240,Pagado,2019-12-01,1,2548,2105,2019-01-01
240,Pagado,2020-12-01,1,2548,2105,2020-01-01
240,Pagado,2021-12-01,1,2548,2105,2021-01-01
240,Pagado,2022-12-01,1,2548,2105,2022-01-01
240,Pagado,2023-12-01,1,2548,2105,2023-01-01
360,Pagado,2024-12-01,1,2548,2105,2024-01-01
360,Pagado,2025-12-01,1,2548,2105,2025-01-01
260,Pagado,2015-10-01,1,2548,2106,2014-10-01
240,Pagado,2016-10-01,1,2548,2106,2015-11-01
60,Pagado,2017-01-01,1,2548,2106,2016-11-01
200,Pagado,2017-11-01,1,2548,2106,2017-02-01
100,Pagado,2018-04-01,1,2548,2106,2017-12-01
160,Pagado,2018-12-01,1,2548,2106,2018-05-01
200,Pagado,2019-10-01,1,2548,2106,2019-01-01
100,Pagado,2020-03-01,1,2548,2106,2019-11-01
300,Pagado,2021-06-01,1,2548,2106,2020-04-01
200,Pagado,2022-04-01,1,2548,2106,2021-07-01
240,Pagado,2023-04-01,1,2548,2106,2022-05-01
200,Pagado,2024-02-01,1,2548,2106,2023-05-01
300,Pagado,2024-12-01,1,2548,2106,2024-03-01
180,Pagado,2025-06-01,1,2548,2106,2025-01-01
210,Pagado,2026-01-01,1,2548,2106,2025-07-01
280,Pagado,2015-12-01,1,2548,2107,2014-11-01
220,Pagado,2016-11-01,1,2548,2107,2016-01-01
240,Pagado,2017-11-01,1,2548,2107,2016-12-01
260,Pagado,2018-12-01,1,2548,2107,2017-12-01
240,Pagado,2019-12-01,1,2548,2107,2019-01-01
240,Pagado,2020-12-01,1,2548,2107,2020-01-01
240,Pagado,2021-12-01,1,2548,2107,2021-01-01
240,Pagado,2022-12-01,1,2548,2107,2022-01-01
240,Pagado,2023-12-01,1,2548,2107,2023-01-01
360,Pagado,2024-12-01,1,2548,2107,2024-01-01
360,Pagado,2025-12-01,1,2548,2107,2025-01-01
20,Pagado,2014-12-01,1,2548,2108,2014-12-01
40,Pagado,2015-02-01,1,2548,2108,2015-01-01
240,Pagado,2015-11-01,1,2548,2109,2014-12-01
200,Pagado,2016-09-01,1,2548,2109,2015-12-01
100,Pagado,2017-02-01,1,2548,2109,2016-10-01
200,Pagado,2017-12-01,1,2548,2109,2017-03-01
40,Pagado,2015-01-01,1,2548,2110,2014-12-01
400,Pagado,2016-07-01,1,2548,2110,2015-02-01
460,Pagado,2018-06-01,1,2548,2110,2016-08-01
60,Pagado,2018-09-01,1,2548,2110,2018-07-01
300,Pagado,2019-12-01,1,2548,2110,2018-10-01
240,Pagado,2020-12-01,1,2548,2110,2020-01-01
240,Pagado,2021-12-01,1,2548,2110,2021-01-01
240,Pagado,2022-12-01,1,2548,2110,2022-01-01
240,Pagado,2023-12-01,1,2548,2110,2023-01-01
360,Pagado,2024-12-01,1,2548,2110,2024-01-01
360,Pagado,2025-12-01,1,2548,2110,2025-01-01
240,Pagado,2015-11-01,1,2548,2111,2015-12-01
240,Pagado,2016-12-01,1,2548,2111,2016-01-01
240,Pagado,2017-11-01,1,2548,2111,2016-12-01
240,Pagado,2018-12-01,1,2548,2111,2017-12-01
260,Pagado,2020-12-01,1,2548,2111,2019-12-01
240,Pagado,2021-12-01,1,2548,2111,2021-01-01
80,Pagado,2022-04-01,1,2548,2111,2022-01-01
100,Pagado,2022-09-01,1,2548,2111,2022-05-01
60,Pagado,2022-12-01,1,2548,2111,2022-10-01
60,Pagado,2023-03-01,1,2548,2111,2023-01-01
180,Pagado,2023-12-01,1,2548,2111,2023-04-01
360,Pagado,2024-12-01,1,2548,2111,2024-01-01
150,Pagado,2025-05-01,1,2548,2111,2025-01-01
210,Pagado,2025-12-01,1,2548,2111,2025-06-01
240,Pagado,2015-12-01,1,2548,2113,2015-01-01
240,Pagado,2016-12-01,1,2548,2113,2016-01-01
240,Pagado,2017-12-01,1,2548,2113,2017-01-01
240,Pagado,2018-12-01,1,2548,2113,2018-01-01
240,Pagado,2019-12-01,1,2548,2113,2019-01-01
240,Pagado,2020-12-01,1,2548,2113,2020-01-01
240,Pagado,2021-12-01,1,2548,2113,2021-01-01
240,Pagado,2022-12-01,1,2548,2113,2022-01-01
240,Pagado,2023-12-01,1,2548,2113,2023-01-01
360,Pagado,2024-12-01,1,2548,2113,2024-01-01
360,Pagado,2025-12-01,1,2548,2113,2025-01-01
240,Pagado,2015-12-01,1,2548,2114,2015-01-01
240,Pagado,2016-12-01,1,2548,2114,2016-01-01
40,Pagado,2015-02-01,1,2548,2115,2015-01-01
40,Pagado,2015-04-01,1,2548,2115,2015-03-01
20,Pagado,2015-05-01,1,2548,2115,2015-05-01
80,Pagado,2015-09-01,1,2548,2115,2015-06-01
20,Pagado,2015-10-01,1,2548,2115,2015-10-01
40,Pagado,2015-12-01,1,2548,2115,2015-11-01
40,Pagado,2016-02-01,1,2548,2115,2016-01-01
200,Pagado,2016-12-01,1,2548,2115,2016-03-01
100,Pagado,2017-05-01,1,2548,2115,2017-01-01
100,Pagado,2017-10-01,1,2548,2115,2017-06-01
40,Pagado,2017-12-01,1,2548,2115,2017-11-01
60,Pagado,2018-03-01,1,2548,2115,2018-01-01
40,Pagado,2018-05-01,1,2548,2115,2018-04-01
60,Pagado,2018-08-01,1,2548,2115,2018-06-01
80,Pagado,2018-12-01,1,2548,2115,2018-09-01
240,Pagado,2019-12-01,1,2548,2115,2019-01-01
200,Pagado,2020-10-01,1,2548,2115,2020-01-01
40,Pagado,2020-12-01,1,2548,2115,2020-11-01
240,Pagado,2021-12-01,1,2548,2115,2021-01-01
240,Pagado,2022-12-01,1,2548,2115,2022-01-01
240,Pagado,2023-12-01,1,2548,2115,2023-01-01
360,Pagado,2024-12-01,1,2548,2115,2024-01-01
360,Pagado,2025-12-01,1,2548,2115,2025-01-01
20,Pagado,2015-02-01,1,2548,2116,2015-02-01
20,Pagado,2015-03-01,1,2548,2116,2015-03-01
20,Pagado,2015-04-01,1,2548,2116,2015-04-01
20,Pagado,2015-05-01,1,2548,2116,2015-05-01
40,Pagado,2015-12-01,1,2548,2116,2015-11-01
100,Pagado,2016-05-01,1,2548,2116,2016-01-01
120,Pagado,2016-11-01,1,2548,2116,2016-06-01
20,Pagado,2016-12-01,1,2548,2116,2016-12-01
100,Pagado,2017-05-01,1,2548,2116,2017-01-01
140,Pagado,2017-12-01,1,2548,2116,2017-06-01
200,Pagado,2018-10-01,1,2548,2116,2018-01-01
40,Pagado,2018-12-01,1,2548,2116,2018-11-01
100,Pagado,2019-05-01,1,2548,2116,2019-01-01
140,Pagado,2019-12-01,1,2548,2116,2019-06-01
100,Pagado,2020-05-01,1,2548,2116,2020-01-01
140,Pagado,2020-12-01,1,2548,2116,2020-06-01
240,Pagado,2021-12-01,1,2548,2116,2021-01-01
200,Pagado,2022-10-01,1,2548,2116,2022-01-01
40,Pagado,2022-12-01,1,2548,2116,2022-11-01
200,Pagado,2023-10-01,1,2548,2116,2023-01-01
40,Pagado,2023-12-01,1,2548,2116,2023-11-01
360,Pagado,2024-12-01,1,2548,2116,2024-01-01
210,Pagado,2025-07-01,1,2548,2116,2025-01-01
150,Pagado,2025-12-01,1,2548,2116,2025-08-01
220,Pagado,2015-12-01,1,2548,2117,2015-02-01
240,Pagado,2016-12-01,1,2548,2117,2016-01-01
240,Pagado,2017-12-01,1,2548,2117,2017-01-01
240,Pagado,2018-12-01,1,2548,2117,2018-01-01
240,Pagado,2019-12-01,1,2548,2117,2019-01-01
240,Pagado,2020-12-01,1,2548,2117,2020-01-01
240,Pagado,2021-12-01,1,2548,2117,2021-01-01
240,Pagado,2022-12-01,1,2548,2117,2022-01-01
240,Pagado,2023-12-01,1,2548,2117,2023-01-01
360,Pagado,2024-12-01,1,2548,2117,2024-01-01
360,Pagado,2025-12-01,1,2548,2117,2025-01-01
300,Pagado,2026-10-01,1,2548,2117,2026-01-01
440,Pagado,2016-11-01,1,2548,2118,2015-02-01
160,Pagado,2017-07-01,1,2548,2118,2016-12-01
100,Pagado,2017-12-01,1,2548,2118,2017-08-01
220,Pagado,2018-11-01,1,2548,2118,2018-01-01
240,Pagado,2019-11-01,1,2548,2118,2018-12-01
260,Pagado,2020-12-01,1,2548,2118,2019-12-01
240,Pagado,2021-02-01,1,2548,2118,2021-01-01
240,Pagado,2022-12-01,1,2548,2118,2022-01-01
240,Pagado,2023-12-01,1,2548,2118,2023-01-01
360,Pagado,2024-12-01,1,2548,2118,2024-01-01
360,Pagado,2025-12-01,1,2548,2118,2025-01-01
40,Pagado,2015-11-01,1,2548,2121,2015-10-01
40,Pagado,2016-01-01,1,2548,2121,2016-12-01
20,Pagado,2007-01-01,1,2548,2122,2017-01-01
300,Pagado,2016-12-01,1,2548,2122,2015-10-01
200,Pagado,2017-11-01,1,2548,2122,2017-02-01
500,Pagado,2017-12-01,1,2548,2122,2017-12-01
100,Pagado,2020-05-01,1,2548,2122,2020-01-01
120,Pagado,2020-11-01,1,2548,2122,2020-06-01
20,Pagado,2020-12-01,1,2548,2122,2020-12-01
260,Pagado,2022-01-01,1,2548,2122,2021-01-01
240,Pagado,2016-12-01,1,2548,2123,2016-01-01
240,Pagado,2017-12-01,1,2548,2123,2017-01-01
240,Pagado,2018-12-01,1,2548,2123,2018-01-01
240,Pagado,2019-12-01,1,2548,2123,2019-01-01
240,Pagado,2021-12-01,1,2548,2123,2021-01-01
240,Pagado,2022-12-01,1,2548,2123,2022-01-01
240,Pagado,2023-12-01,1,2548,2123,2023-01-01
360,Pagado,2024-12-01,1,2548,2123,2024-01-01
300,Pagado,2017-01-01,1,2548,2125,2015-11-01
460,Pagado,2018-12-01,1,2548,2125,2017-02-01
100,Pagado,2019-05-01,1,2548,2125,2019-01-01
140,Pagado,2019-12-01,1,2548,2125,2019-06-01
240,Pagado,2020-12-01,1,2548,2125,2020-01-01
100,Pagado,2021-05-01,1,2548,2125,2021-01-01
140,Pagado,2021-12-01,1,2548,2125,2021-06-01
240,Pagado,2022-12-01,1,2548,2125,2022-01-01
240,Pagado,2023-12-01,1,2548,2125,2023-01-01
360,Pagado,2024-12-01,1,2548,2125,2024-01-01
360,Pagado,2025-12-01,1,2548,2125,2025-01-01
20,Pagado,2015-12-01,1,2548,2126,2015-12-01
480,Pagado,2017-10-01,1,2548,2126,2015-11-01
300,Pagado,2019-01-01,1,2548,2126,2017-11-01
440,Pagado,2020-11-01,1,2548,2126,2019-02-01
100,Pagado,2021-04-01,1,2548,2126,2020-12-01
160,Pagado,2021-12-01,1,2548,2126,2021-05-01
240,Pagado,2022-12-01,1,2548,2126,2022-01-01
240,Pagado,2023-12-01,1,2548,2126,2023-01-01
360,Pagado,2024-12-01,1,2548,2126,2024-01-01
360,Pagado,2025-12-01,1,2548,2126,2025-01-01
400,Pagado,2017-07-01,1,2548,2127,2015-12-01
80,Pagado,2017-11-01,1,2548,2127,2017-08-01
260,Pagado,2018-12-01,1,2548,2127,2017-12-01
220,Pagado,2019-11-01,1,2548,2127,2019-01-01
260,Pagado,2020-12-01,1,2548,2127,2019-12-01
240,Pagado,2021-12-01,1,2548,2127,2021-01-01
240,Pagado,2022-12-01,1,2548,2127,2022-01-01
240,Pagado,2023-12-01,1,2548,2127,2023-01-01
360,Pagado,2024-12-01,1,2548,2127,2024-01-01
360,Pagado,2025-12-01,1,2548,2127,2025-01-01
240,Pagado,2016-12-01,1,2548,2129,2016-01-01
240,Pagado,2017-12-01,1,2548,2129,2017-01-01
240,Pagado,2018-12-01,1,2548,2129,2018-01-01
240,Pagado,2019-12-01,1,2548,2129,2019-01-01
240,Pagado,2020-12-01,1,2548,2129,2020-01-01
100,Pagado,2021-05-01,1,2548,2129,2021-01-01
140,Pagado,2021-12-01,1,2548,2129,2021-06-01
240,Pagado,2022-12-01,1,2548,2129,2022-01-01
240,Pagado,2023-12-01,1,2548,2129,2023-01-01
360,Pagado,2024-12-01,1,2548,2129,2024-01-01
360,Pagado,2025-12-01,1,2548,2129,2025-01-01
720,Pagado,2018-12-01,1,2548,2131,2016-01-01
480,Pagado,2020-12-01,1,2548,2131,2019-01-01
240,Pagado,2021-12-01,1,2548,2131,2021-01-01
340,Pagado,2017-05-01,1,2548,2133,2016-01-01
40,Pagado,2016-05-01,1,2548,2135,2016-04-01
40,Pagado,2016-07-01,1,2548,2135,2016-06-01
60,Pagado,2016-10-01,1,2548,2135,2016-08-01
20,Pagado,2016-11-01,1,2548,2135,2016-11-01
20,Pagado,2016-11-01,1,2548,2135,2016-11-01
20,Pagado,2017-01-01,1,2548,2135,2017-01-01
20,Pagado,2017-02-01,1,2548,2135,2017-02-01
20,Pagado,2017-03-01,1,2548,2135,2017-03-01
40,Pagado,2017-05-01,1,2548,2135,2017-04-01
100,Pagado,2017-10-01,1,2548,2135,2017-06-01
40,Pagado,2017-12-01,1,2548,2135,2017-11-01
40,Pagado,2018-02-01,1,2548,2135,2018-01-01
20,Pagado,2018-03-01,1,2548,2135,2018-03-01
80,Pagado,2018-06-01,1,2548,2135,2018-03-01
20,Pagado,2018-08-01,1,2548,2135,2018-08-01
80,Pagado,2018-12-01,1,2548,2135,2018-09-01
20,Pagado,2019-01-01,1,2548,2135,2019-01-01
20,Pagado,2019-02-01,1,2548,2135,2019-02-01
20,Pagado,2019-03-01,1,2548,2135,2019-03-01
40,Pagado,2019-05-01,1,2548,2135,2019-04-01
60,Pagado,2019-06-01,1,2548,2135,2019-04-01
80,Pagado,2019-12-01,1,2548,2135,2019-09-01
40,Pagado,2020-02-01,1,2548,2135,2020-01-01
480,Pagado,2018-03-01,1,2548,2136,2016-04-01
180,Pagado,2018-12-01,1,2548,2136,2018-04-01
1180,Pagado,2023-11-01,1,2548,2136,2019-01-01
20,Pagado,2023-12-01,1,2548,2136,2023-12-01
720,Pagado,2025-12-01,1,2548,2136,2024-01-01
160,Pagado,2016-12-01,1,2548,2137,2016-05-01
240,Pagado,2017-12-01,1,2548,2137,2017-01-01
220,Pagado,2018-11-01,1,2548,2137,2018-01-01
200,Pagado,2019-09-01,1,2548,2137,2018-12-01
300,Pagado,2020-12-01,1,2548,2137,2019-10-01
240,Pagado,2021-12-01,1,2548,2137,2021-01-01
240,Pagado,2022-12-01,1,2548,2137,2022-01-01
240,Pagado,2023-12-01,1,2548,2137,2023-01-01
360,Pagado,2024-12-01,1,2548,2137,2024-01-01
360,Pagado,2025-12-01,1,2548,2137,2025-01-01
20,Pagado,2016-01-01,1,2548,2138,2016-01-01
500,Pagado,2018-06-01,1,2548,2139,2016-06-01
240,Pagado,2019-06-01,1,2548,2139,2018-07-01
840,Pagado,2022-12-01,1,2548,2139,2019-07-01
240,Pagado,2023-12-01,1,2548,2139,2023-01-01
360,Pagado,2024-12-01,1,2548,2139,2024-01-01
360,Pagado,2025-12-01,1,2548,2139,2025-01-01
600,Pagado,2018-07-01,1,2548,2140,2016-07-01
320,Pagado,2018-12-01,1,2548,2146,2017-09-01
800,Pagado,2020-12-01,1,2548,2147,2017-09-01
100,Pagado,2018-02-01,1,2548,2148,2017-10-01
200,Pagado,2018-09-01,1,2548,2149,2017-12-01
60,Pagado,2018-12-01,1,2548,2149,2018-10-01
260,Pagado,2019-10-01,1,2548,2149,2018-10-01
40,Pagado,2019-12-01,1,2548,2149,2019-11-01
240,Pagado,2020-12-01,1,2548,2149,2020-01-01
240,Pagado,2021-12-01,1,2548,2149,2021-01-01
260,Pagado,2018-12-01,1,2548,2151,2017-12-01
240,Pagado,2019-12-01,1,2548,2151,2019-01-01
120,Pagado,2020-06-01,1,2548,2151,2020-01-01
120,Pagado,2020-12-01,1,2548,2151,2020-07-01
240,Pagado,2021-12-01,1,2548,2151,2021-01-01
240,Pagado,2022-12-01,1,2548,2151,2022-01-01
240,Pagado,2023-12-01,1,2548,2151,2023-01-01
360,Pagado,2024-12-01,1,2548,2151,2024-01-01
360,Pagado,2025-12-01,1,2548,2151,2025-01-01
260,Pagado,2018-12-01,1,2548,2152,2017-12-01
240,Pagado,2019-12-01,1,2548,2152,2019-01-01
100,Pagado,2020-05-01,1,2548,2152,2020-01-01
140,Pagado,2020-12-01,1,2548,2152,2020-06-01
240,Pagado,2021-12-01,1,2548,2152,2021-01-01
240,Pagado,2022-12-01,1,2548,2152,2022-01-01
240,Pagado,2023-12-01,1,2548,2152,2023-01-01
300,Pagado,2024-10-01,1,2548,2152,2024-01-01
60,Pagado,2024-12-01,1,2548,2152,2024-11-01
270,Pagado,2024-12-01,1,2548,2152,2025-04-01
90,Pagado,2025-03-01,1,2548,2152,2025-01-01
260,Pagado,2018-12-01,1,2548,2153,2017-12-01
480,Pagado,2020-12-01,1,2548,2153,2019-01-01
240,Pagado,2021-12-01,1,2548,2153,2021-01-01
240,Pagado,2022-12-01,1,2548,2153,2022-01-01
240,Pagado,2023-12-01,1,2548,2153,2023-01-01
360,Pagado,2024-12-01,1,2548,2153,2024-01-01
360,Pagado,2025-12-01,1,2548,2153,2025-01-01
200,Pagado,2018-11-01,1,2548,2155,2018-02-01
740,Pagado,2021-12-01,1,2548,2155,2018-12-01
240,Pagado,2022-12-01,1,2548,2155,2022-01-01
240,Pagado,2023-12-01,1,2548,2155,2023-01-01
360,Pagado,2024-12-01,1,2548,2155,2024-01-01
360,Pagado,2025-12-01,1,2548,2155,2025-01-01
60,Pagado,2018-03-01,1,2548,2156,2018-01-01
500,Pagado,2020-01-01,1,2548,2157,2018-01-01
220,Pagado,2020-12-01,1,2548,2157,2020-02-01
240,Pagado,2021-12-01,1,2548,2157,2021-01-01
240,Pagado,2022-12-01,1,2548,2157,2022-01-01
240,Pagado,2023-12-01,1,2548,2157,2023-01-01
360,Pagado,2024-12-01,1,2548,2157,2024-01-01
360,Pagado,2025-12-01,1,2548,2157,2025-01-01
700,Pagado,2021-01-01,1,2548,2158,2018-03-01
100,Pagado,2022-06-01,1,2548,2158,2022-02-01
60,Pagado,2022-09-01,1,2548,2158,2022-07-01
60,Pagado,2022-12-01,1,2548,2158,2022-10-01
240,Pagado,2023-12-01,1,2548,2158,2023-01-01
360,Pagado,2024-12-01,1,2548,2158,2024-01-01
210,Pagado,2025-07-01,1,2548,2158,2025-01-01
150,Pagado,2025-12-01,1,2548,2158,2025-08-01
400,Pagado,2018-12-01,1,2548,2159,2018-05-01
240,Pagado,2020-12-01,1,2548,2159,2020-01-01
240,Pagado,2021-12-01,1,2548,2159,2021-01-01
240,Pagado,2022-12-01,1,2548,2159,2022-01-01
220,Pagado,2023-11-01,1,2548,2159,2023-01-01
20,Pagado,2023-12-01,1,2548,2159,2023-12-01
360,Pagado,2024-12-01,1,2548,2159,2024-01-01
360,Pagado,2025-12-01,1,2548,2159,2025-01-01
880,Pagado,2021-11-01,1,2548,2160,2018-04-01
80,Pagado,2018-12-01,1,2548,2162,2018-09-01
200,Pagado,2019-10-01,1,2548,2162,2019-01-01
60,Pagado,2018-11-01,1,2548,2165,2018-09-01
20,Pagado,2018-12-01,1,2548,2165,2018-12-01
80,Pagado,2019-04-01,1,2548,2165,2019-01-01
140,Pagado,2019-11-01,1,2548,2165,2019-05-01
160,Pagado,2020-07-01,1,2548,2165,2019-12-01
100,Pagado,2020-12-01,1,2548,2165,2020-08-01
240,Pagado,2021-12-01,1,2548,2165,2021-01-01
100,Pagado,2022-05-01,1,2548,2165,2022-01-01
140,Pagado,2022-12-01,1,2548,2165,2022-06-01
240,Pagado,2023-12-01,1,2548,2165,2023-01-01
360,Pagado,2024-12-01,1,2548,2165,2024-01-01
360,Pagado,2025-12-01,1,2548,2165,2025-01-01
80,Pagado,2018-12-01,1,2548,2166,2018-09-01
480,Pagado,2020-12-01,1,2548,2166,2019-01-01
200,Pagado,2021-10-01,1,2548,2166,2021-01-01
40,Pagado,2021-12-01,1,2548,2166,2021-11-01
240,Pagado,2022-12-01,1,2548,2166,2022-01-01
240,Pagado,2023-12-01,1,2548,2166,2023-01-01
20,Pagado,2018-01-01,1,2548,2167,2018-01-01
80,Pagado,2018-12-01,1,2548,2167,2018-09-01
320,Pagado,2019-12-01,1,2548,2167,2018-09-01
240,Pagado,2020-12-01,1,2548,2167,2020-01-01
240,Pagado,2021-12-01,1,2548,2167,2021-01-01
200,Pagado,2022-10-01,1,2548,2167,2022-01-01
40,Pagado,2022-12-01,1,2548,2167,2022-11-01
240,Pagado,2023-12-01,1,2548,2167,2023-01-01
540,Pagado,2020-12-01,1,2548,2169,2018-10-01
240,Pagado,2021-12-01,1,2548,2169,2021-01-01
480,Pagado,2023-12-01,1,2548,2169,2022-01-01
360,Pagado,2024-12-01,1,2548,2169,2024-01-01
360,Pagado,2025-12-01,1,2548,2169,2025-01-01
60,Pagado,2018-12-01,1,2548,2170,2018-10-01
240,Pagado,2019-12-01,1,2548,2170,2019-01-01
240,Pagado,2020-12-01,1,2548,2170,2020-01-01
240,Pagado,2021-12-01,1,2548,2170,2021-01-01
240,Pagado,2022-12-01,1,2548,2170,2022-01-01
240,Pagado,2023-12-01,1,2548,2170,2023-01-01
360,Pagado,2024-12-01,1,2548,2170,2024-01-01
360,Pagado,2025-12-01,1,2548,2170,2025-01-01
280,Pagado,2018-11-01,1,2548,2173,2018-10-01
260,Pagado,2020-12-01,1,2548,2173,2019-12-01
240,Pagado,2021-12-01,1,2548,2173,2021-01-01
240,Pagado,2022-12-01,1,2548,2173,2022-01-01
240,Pagado,2023-12-01,1,2548,2173,2023-01-01
360,Pagado,2024-12-01,1,2548,2173,2024-01-01
360,Pagado,2025-12-01,1,2548,2173,2025-01-01
280,Pagado,2019-11-01,1,2548,2174,2018-10-01
260,Pagado,2020-12-01,1,2548,2174,2019-12-01
240,Pagado,2021-12-01,1,2548,2174,2021-01-01
.,Pagado,2022-12-01,1,2548,2174,2022-01-01
240,Pagado,2023-12-01,1,2548,2174,2023-01-01
360,Pagado,2024-12-01,1,2548,2174,2024-01-01
360,Pagado,2025-12-01,1,2548,2174,2025-01-01
280,Pagado,2019-11-01,1,2548,2175,2018-10-01
260,Pagado,2020-12-01,1,2548,2175,2019-12-01
240,Pagado,2021-12-01,1,2548,2175,2021-01-01
240,Pagado,2022-12-01,1,2548,2175,2022-01-01
240,Pagado,2023-12-01,1,2548,2175,2023-01-01
360,Pagado,2024-12-01,1,2548,2175,2024-01-01
360,Pagado,2025-12-01,1,2548,2175,2025-01-01
280,Pagado,2019-11-01,1,2548,2176,2018-10-01
260,Pagado,2020-12-01,1,2548,2176,2019-12-01
240,Pagado,2021-12-01,1,2548,2176,2021-01-01
240,Pagado,2022-12-01,1,2548,2176,2022-01-01
240,Pagado,2023-12-01,1,2548,2176,2023-01-01
360,Pagado,2024-12-01,1,2548,2176,2024-01-01
360,Pagado,2025-12-01,1,2548,2176,2025-01-01
280,Pagado,2019-11-01,1,2548,2177,2018-10-01
260,Pagado,2020-12-01,1,2548,2177,2019-12-01
240,Pagado,2021-12-01,1,2548,2177,2021-01-01
240,Pagado,2022-12-01,1,2548,2177,2022-01-01
240,Pagado,2023-12-01,1,2548,2177,2023-01-01
360,Pagado,2024-12-01,1,2548,2177,2024-01-01
360,Pagado,2025-12-01,1,2548,2177,2025-01-01
420,Pagado,2020-06-01,1,2548,2178,2018-10-01
120,Pagado,2020-12-01,1,2548,2178,2020-07-01
240,Pagado,2021-12-01,1,2548,2178,2021-01-01
80,Pagado,2022-04-01,1,2548,2178,2022-01-01
100,Pagado,2022-09-01,1,2548,2178,2022-05-01
60,Pagado,2022-12-01,1,2548,2178,2022-10-01
240,Pagado,2023-12-01,1,2548,2178,2023-01-01
360,Pagado,2024-12-01,1,2548,2178,2024-01-01
360,Pagado,2025-12-01,1,2548,2178,2025-01-01
300,Pagado,2019-12-01,1,2548,2179,2018-10-01
60,Pagado,2020-03-01,1,2548,2179,2020-01-01
180,Pagado,2020-12-01,1,2548,2179,2020-04-01
240,Pagado,2021-12-01,1,2548,2179,2021-01-01
240,Pagado,2022-12-01,1,2548,2179,2022-01-01
240,Pagado,2023-12-01,1,2548,2179,2023-01-01
360,Pagado,2024-12-01,1,2548,2179,2024-01-01
360,Pagado,2025-12-01,1,2548,2179,2025-01-01
1600,Pagado,2024-12-01,1,2548,2180,2018-10-01
60,Pagado,2018-12-01,1,2548,2181,2018-10-01
540,Pagado,2020-12-01,1,2548,2181,2018-10-01
240,Pagado,2021-12-01,1,2548,2181,2021-01-01
240,Pagado,2022-12-01,1,2548,2181,2022-01-01
240,Pagado,2023-12-01,1,2548,2181,2023-01-01
360,Pagado,2024-12-01,1,2548,2181,2024-01-01
210,Pagado,2025-07-01,1,2548,2181,2025-01-01
150,Pagado,2025-12-01,1,2548,2181,2025-08-01
540,Pagado,2020-12-01,1,2548,2182,2018-10-01
240,Pagado,2021-12-01,1,2548,2182,2021-01-01
240,Pagado,2022-12-01,1,2548,2182,2022-01-01
100,Pagado,2023-05-01,1,2548,2182,2023-01-01
140,Pagado,2023-12-01,1,2548,2182,2023-06-01
360,Pagado,2024-12-01,1,2548,2182,2024-01-01
360,Pagado,2025-12-01,1,2548,2182,2025-01-01
540,Pagado,2020-12-01,1,2548,2183,2018-10-01
240,Pagado,2021-12-01,1,2548,2183,2021-01-01
240,Pagado,2022-12-01,1,2548,2183,2022-01-01
100,Pagado,2023-05-01,1,2548,2183,2023-01-01
140,Pagado,2023-12-01,1,2548,2183,2023-06-01
360,Pagado,2024-12-01,1,2548,2183,2024-01-01
360,Pagado,2025-12-01,1,2548,2183,2025-01-01
180,Pagado,2019-08-01,1,2548,2184,2018-12-01
100,Pagado,2020-01-01,1,2548,2184,2019-09-01
500,Pagado,2022-02-01,1,2548,2184,2020-02-01
200,Pagado,2022-12-01,1,2548,2184,2022-03-01
240,Pagado,2023-12-01,1,2548,2184,2023-01-01
360,Pagado,2024-12-01,1,2548,2184,2024-01-01
360,Pagado,2025-12-01,1,2548,2184,2025-01-01
260,Pagado,2019-12-01,1,2548,2185,2018-12-01
240,Pagado,2021-12-01,1,2548,2185,2021-01-01
240,Pagado,2022-12-01,1,2548,2185,2022-01-01
240,Pagado,2023-12-01,1,2548,2185,2023-01-01
360,Pagado,2024-12-01,1,2548,2185,2024-01-01
360,Pagado,2025-12-01,1,2548,2185,2025-01-01
260,Pagado,2019-12-01,1,2548,2186,2018-12-01
140,Pagado,2020-07-01,1,2548,2186,2020-01-01
100,Pagado,2020-12-01,1,2548,2186,2020-08-01
240,Pagado,2021-12-01,1,2548,2186,2021-01-01
240,Pagado,2022-12-01,1,2548,2186,2022-01-01
60,Pagado,2023-03-01,1,2548,2186,2023-01-01
240,Pagado,2023-12-01,1,2548,2186,2023-04-01
360,Pagado,2024-12-01,1,2548,2186,2024-01-01
360,Pagado,2025-12-01,1,2548,2186,2025-01-01
260,Pagado,2019-12-01,1,2548,2188,2018-12-01
240,Pagado,2020-12-01,1,2548,2188,2020-01-01
240,Pagado,2021-12-01,1,2548,2188,2021-01-01
240,Pagado,2019-12-01,1,2548,2191,2019-01-01
240,Pagado,2020-12-01,1,2548,2191,2020-01-01
240,Pagado,2021-12-01,1,2548,2191,2021-01-01
240,Pagado,2022-12-01,1,2548,2191,2022-01-01
60,Pagado,2023-03-01,1,2548,2191,2023-01-01
180,Pagado,2023-12-01,1,2548,2191,2023-04-01
400,Pagado,2025-01-01,1,2548,2191,2024-01-01
330,Pagado,2025-12-01,1,2548,2191,2025-02-01
460,Pagado,2021-12-01,1,2548,2192,2020-02-01
240,Pagado,2022-12-01,1,2548,2192,2022-01-01
220,Pagado,2019-12-01,1,2548,2193,2019-02-01
120,Pagado,2019-09-01,1,2548,2194,2019-04-01
100,Pagado,2020-02-01,1,2548,2194,2019-10-01
200,Pagado,2020-12-01,1,2548,2194,2020-03-01
80,Pagado,2021-04-01,1,2548,2194,2021-01-01
160,Pagado,2021-12-01,1,2548,2194,2021-05-01
240,Pagado,2022-12-01,1,2548,2194,2022-01-01
240,Pagado,2023-12-01,1,2548,2194,2023-01-01
90,Pagado,2024-03-01,1,2548,2194,2024-01-01
90,Pagado,2024-06-01,1,2548,2194,2024-04-01
180,Pagado,2024-12-01,1,2548,2194,2024-07-01
150,Pagado,2025-05-01,1,2548,2194,2025-01-01
210,Pagado,2025-12-01,1,2548,2194,2025-06-01
200,Pagado,2021-12-01,1,2548,2195,2021-03-01
240,Pagado,2022-12-01,1,2548,2195,2022-01-01
240,Pagado,2023-12-01,1,2548,2195,2023-01-01
720,Pagado,2025-12-01,1,2548,2195,2024-01-01
240,Pagado,2019-12-01,1,2548,2197,2019-01-01
480,Pagado,2020-12-01,1,2548,2197,2019-01-01
240,Pagado,2021-12-01,1,2548,2197,2021-01-01
240,Pagado,2022-12-01,1,2548,2197,2022-01-01
240,Pagado,2023-12-01,1,2548,2197,2023-01-01
360,Pagado,2024-12-01,1,2548,2197,2024-01-01
360,Pagado,2025-12-01,1,2548,2197,2025-01-01
40,Pagado,2019-10-01,1,2548,2199,2019-09-01
160,Pagado,2020-06-01,1,2548,2199,2019-11-01
160,Pagado,2021-02-01,1,2548,2199,2020-07-01
240,Pagado,2022-02-01,1,2548,2199,2021-03-01
200,Pagado,2022-12-01,1,2548,2199,2022-03-01
240,Pagado,2023-12-01,1,2548,2199,2023-01-01
360,Pagado,2024-12-01,1,2548,2199,2024-01-01
360,Pagado,2025-12-01,1,2548,2199,2025-01-01
380,Pagado,2021-03-01,1,2548,2200,2019-09-01
60,Pagado,2021-06-01,1,2548,2200,2021-04-01
100,Pagado,2021-11-01,1,2548,2200,2021-07-01
20,Pagado,2021-12-01,1,2548,2200,2021-12-01
60,Pagado,2019-12-01,1,2548,2201,2019-10-01
40,Pagado,2020-02-01,1,2548,2201,2020-01-01
120,Pagado,2020-08-01,1,2548,2201,2020-03-01
80,Pagado,2020-12-01,1,2548,2201,2020-09-01
240,Pagado,2021-12-01,1,2548,2201,2021-01-01
80,Pagado,2022-04-01,1,2548,2201,2022-01-01
140,Pagado,2022-11-01,1,2548,2201,2022-05-01
20,Pagado,2022-12-01,1,2548,2201,2022-12-01
240,Pagado,2023-12-01,1,2548,2201,2023-01-01
360,Pagado,2024-12-01,1,2548,2201,2024-01-01
240,Pagado,2025-08-01,1,2548,2201,2025-01-01
120,Pagado,2025-12-01,1,2548,2201,2025-09-01
100,Pagado,2020-03-01,1,2548,2202,2019-11-01
60,Pagado,2020-03-01,1,2548,2204,2020-01-01
180,Pagado,2020-12-01,1,2548,2204,2020-04-01
80,Pagado,2021-04-01,1,2548,2204,2021-01-01
160,Pagado,2021-12-01,1,2548,2204,2021-05-01
140,Pagado,2022-07-01,1,2548,2204,2022-01-01
100,Pagado,2022-12-01,1,2548,2204,2022-08-01
240,Pagado,2023-12-01,1,2548,2204,2023-01-01
360,Pagado,2024-12-01,1,2548,2204,2024-01-01
360,Pagado,2025-12-01,1,2548,2204,2025-01-01
240,Pagado,2020-12-01,1,2548,2205,2020-01-01
240,Pagado,2021-12-01,1,2548,2205,2021-01-01
240,Pagado,2022-12-01,1,2548,2205,2022-01-01
240,Pagado,2023-12-01,1,2548,2205,2023-01-01
360,Pagado,2024-12-01,1,2548,2205,2024-01-01
360,Pagado,2025-12-01,1,2548,2205,2025-01-01
60,Pagado,2020-04-01,1,2548,2214,2020-02-01
240,Pagado,2020-12-01,1,2548,2215,2020-01-01
240,Pagado,2021-12-01,1,2548,2215,2021-01-01
240,Pagado,2022-12-01,1,2548,2215,2022-01-01
240,Pagado,2023-12-01,1,2548,2215,2023-01-01
360,Pagado,2024-12-01,1,2548,2215,2024-01-01
360,Pagado,2025-12-01,1,2548,2215,2025-01-01
140,Pagado,2020-12-01,1,2548,2216,2020-06-01
140,Pagado,2021-07-01,1,2548,2216,2021-01-01
100,Pagado,2021-12-01,1,2548,2216,2021-08-01
240,Pagado,2022-12-01,1,2548,2216,2022-01-01
240,Pagado,2023-12-01,1,2548,2216,2023-01-01
360,Pagado,2024-12-01,1,2548,2216,2024-01-01
360,Pagado,2025-12-01,1,2548,2216,2025-01-01
140,Pagado,2020-12-01,1,2548,2217,2020-06-01
480,Pagado,2022-12-01,1,2548,2217,2021-01-01
240,Pagado,2023-12-01,1,2548,2217,2023-01-01
360,Pagado,2024-12-01,1,2548,2217,2024-01-01
360,Pagado,2025-12-01,1,2548,2217,2025-01-01
160,Pagado,2020-12-01,1,2548,2218,2020-05-01
240,Pagado,2021-12-01,1,2548,2218,2021-01-01
240,Pagado,2022-12-01,1,2548,2218,2022-01-01
240,Pagado,2023-12-01,1,2548,2218,2023-01-01
360,Pagado,2024-12-01,1,2548,2218,2024-01-01
20,Pagado,2020-09-01,1,2548,2219,2020-09-01
20,Pagado,2020-10-01,1,2548,2219,2020-10-01
20,Pagado,2020-11-01,1,2548,2219,2020-11-01
20,Pagado,2020-12-01,1,2548,2219,2020-12-01
140,Pagado,2021-06-01,1,2548,2219,2020-12-01
120,Pagado,2021-12-01,1,2548,2219,2021-07-01
240,Pagado,2022-12-01,1,2548,2219,2022-01-01
240,Pagado,2023-12-01,1,2548,2219,2023-01-01
360,Pagado,2024-12-01,1,2548,2219,2024-01-01
360,Pagado,2025-12-01,1,2548,2219,2025-01-01
40,Pagado,2020-11-01,1,2548,2220,2020-10-01
20,Pagado,2020-12-01,1,2548,2220,2020-12-01
240,Pagado,2021-12-01,1,2548,2220,2021-01-01
240,Pagado,2022-12-01,1,2548,2220,2022-01-01
240,Pagado,2023-12-01,1,2548,2220,2023-01-01
90,Pagado,2024-03-01,1,2548,2220,2024-01-01
270,Pagado,2024-12-01,1,2548,2220,2024-04-01
90,Pagado,2025-03-01,1,2548,2220,2025-01-01
90,Pagado,2025-06-01,1,2548,2220,2025-04-01
180,Pagado,2025-12-01,1,2548,2220,2025-07-01
40,Pagado,2020-12-01,1,2548,2221,2020-11-01
240,Pagado,2021-12-01,1,2548,2221,2021-01-01
240,Pagado,2022-12-01,1,2548,2221,2022-01-01
240,Pagado,2023-12-01,1,2548,2221,2023-01-01
360,Pagado,2024-12-01,1,2548,2221,2024-01-01
360,Pagado,2025-12-01,1,2548,2221,2025-01-01
40,Pagado,2020-12-01,1,2548,2222,2020-11-01
240,Pagado,2021-12-01,1,2548,2222,2021-01-01
140,Pagado,2022-07-01,1,2548,2222,2022-01-01
100,Pagado,2022-12-01,1,2548,2222,2022-08-01
240,Pagado,2023-12-01,1,2548,2222,2023-01-01
360,Pagado,2024-12-01,1,2548,2222,2024-01-01
360,Pagado,2025-12-01,1,2548,2222,2025-01-01
40,Pagado,2020-12-01,1,2548,2223,2020-11-01
240,Pagado,2021-12-01,1,2548,2223,2021-01-01
240,Pagado,2022-12-01,1,2548,2223,2022-01-01
240,Pagado,2023-12-01,1,2548,2223,2023-01-01
360,Pagado,2024-12-01,1,2548,2223,2024-01-01
360,Pagado,2025-12-01,1,2548,2223,2025-01-01
260,Pagado,2021-12-01,1,2548,2224,2020-12-01
240,Pagado,2022-12-01,1,2548,2224,2022-01-01
160,Pagado,2023-12-01,1,2548,2224,2023-05-01
360,Pagado,2024-12-01,1,2548,2224,2024-01-01
360,Pagado,2025-12-01,1,2548,2224,2025-01-01
20,Pagado,2021-01-01,1,2548,2226,2021-01-01
100,Pagado,2021-06-01,1,2548,2226,2021-02-01
120,Pagado,2021-12-01,1,2548,2226,2021-06-01
240,Pagado,2022-12-01,1,2548,2226,2022-01-01
120,Pagado,2023-06-01,1,2548,2226,2023-01-01
120,Pagado,2023-12-01,1,2548,2226,2023-07-01
360,Pagado,2024-12-01,1,2548,2226,2024-01-01
360,Pagado,2025-12-01,1,2548,2226,2025-01-01
40,Pagado,2021-04-01,1,2548,2229,2021-03-01
60,Pagado,2021-07-01,1,2548,2229,2021-05-01
40,Pagado,2021-11-01,1,2548,2229,2021-10-01
20,Pagado,2021-12-01,1,2548,2229,2021-12-01
140,Pagado,2022-07-01,1,2548,2229,2022-01-01
40,Pagado,2022-09-01,1,2548,2229,2021-08-01
100,Pagado,2022-12-01,1,2548,2229,2022-08-01
240,Pagado,2023-12-01,1,2548,2229,2023-01-01
270,Pagado,2024-09-01,1,2548,2229,2024-01-01
90,Pagado,2024-12-01,1,2548,2229,2024-10-01
360,Pagado,2025-12-01,1,2548,2229,2025-01-01
40,Pagado,2021-02-01,1,2548,2230,2021-01-01
20,Pagado,2021-03-01,1,2548,2230,2021-03-01
40,Pagado,2021-05-01,1,2548,2230,2021-04-01
40,Pagado,2021-07-01,1,2548,2230,2021-06-01
40,Pagado,2021-09-01,1,2548,2230,2021-08-01
20,Pagado,2021-10-01,1,2548,2230,2021-10-01
40,Pagado,2021-12-01,1,2548,2230,2021-11-01
100,Pagado,2022-05-01,1,2548,2230,2022-01-01
100,Pagado,2022-10-01,1,2548,2230,2022-06-01
40,Pagado,2022-12-01,1,2548,2230,2022-11-01
20,Pagado,2023-01-01,1,2548,2230,2023-01-01
20,Pagado,2023-02-01,1,2548,2230,2023-02-01
60,Pagado,2023-05-01,1,2548,2230,2023-03-01
60,Pagado,2023-08-01,1,2548,2230,2023-06-01
80,Pagado,2023-12-01,1,2548,2230,2023-09-01
60,Pagado,2021-03-01,1,2548,2231,2021-01-01
200,Pagado,2022-01-01,1,2548,2231,2021-04-01
200,Pagado,2022-11-01,1,2548,2231,2022-02-01
40,Pagado,2023-01-01,1,2548,2231,2022-12-01
200,Pagado,2023-11-01,1,2548,2231,2023-02-01
20,Pagado,2023-12-01,1,2548,2231,2023-12-01
360,Pagado,2024-12-01,1,2548,2231,2024-01-01
180,Pagado,2025-06-01,1,2548,2231,2025-01-01
210,Pagado,2026-01-01,1,2548,2231,2025-07-01
120,Pagado,2021-06-01,1,2548,2233,2021-01-01
120,Pagado,2021-12-01,1,2548,2233,2021-07-01
140,Pagado,2022-07-01,1,2548,2233,2022-01-01
140,Pagado,2023-02-01,1,2548,2233,2022-08-01
240,Pagado,2024-02-01,1,2548,2233,2023-03-01
260,Pagado,2025-03-01,1,2548,2233,2024-03-01
360,Pagado,2026-03-01,1,2548,2233,2025-04-01
360,Pagado,2027-03-01,1,2548,2233,2026-04-01
120,Pagado,2021-06-01,1,2548,2234,2021-01-01
140,Pagado,2022-01-01,1,2548,2234,2021-07-01
180,Pagado,2022-10-01,1,2548,2234,2022-02-01
40,Pagado,2022-12-01,1,2548,2234,2022-11-01
140,Pagado,2023-12-01,1,2548,2234,2023-06-01
90,Pagado,2024-03-01,1,2548,2234,2024-01-01
270,Pagado,2024-12-01,1,2548,2234,2024-04-01
150,Pagado,2025-05-01,1,2548,2234,2025-01-01
210,Pagado,2025-12-01,1,2548,2234,2025-06-01
240,Pagado,2021-12-01,1,2548,2235,2021-01-01
240,Pagado,2022-12-01,1,2548,2235,2022-01-01
240,Pagado,2023-12-01,1,2548,2235,2023-01-01
360,Pagado,2024-12-01,1,2548,2235,2024-01-01
60,Pagado,2021-12-01,1,2548,2236,2021-10-01
240,Pagado,2022-12-01,1,2548,2236,2022-01-01
40,Pagado,2023-02-01,1,2548,2236,2023-01-01
100,Pagado,2023-07-01,1,2548,2236,2023-03-01
100,Pagado,2023-12-01,1,2548,2236,2023-08-01
360,Pagado,2024-12-01,1,2548,2236,2024-01-01
360,Pagado,2025-12-01,1,2548,2236,2025-01-01
60,Pagado,2021-12-01,1,2548,2237,2021-10-01
240,Pagado,2022-12-01,1,2548,2237,2022-01-01
40,Pagado,2023-02-01,1,2548,2237,2023-01-01
200,Pagado,2023-12-01,1,2548,2237,2023-03-01
300,Pagado,2024-10-01,1,2548,2237,2024-01-01
60,Pagado,2024-12-01,1,2548,2237,2024-11-01
360,Pagado,2025-12-01,1,2548,2237,2025-01-01
160,Pagado,2022-05-01,1,2548,2238,2021-10-01
140,Pagado,2022-12-01,1,2548,2238,2022-07-01
60,Pagado,2023-03-01,1,2548,2238,2023-01-01
100,Pagado,2023-08-01,1,2548,2238,2023-04-01
200,Pagado,2024-04-01,1,2548,2238,2023-09-01
390,Pagado,2025-05-01,1,2548,2238,2024-05-01
210,Pagado,2025-12-01,1,2548,2238,2025-06-01
240,Pagado,2021-12-01,1,2548,2240,2021-01-01
240,Pagado,2022-12-01,1,2548,2240,2022-01-01
240,Pagado,2023-12-01,1,2548,2240,2023-01-01
360,Pagado,2024-12-01,1,2548,2240,2024-01-01
360,Pagado,2025-12-01,1,2548,2240,2025-01-01
790,Pagado,2025-01-01,1,2548,2241,2022-05-01
90,Pagado,2025-04-01,1,2548,2241,2025-02-01
240,Pagado,2025-12-01,1,2548,2241,2025-05-01
240,Pagado,2022-12-01,1,2548,2242,2022-01-01
240,Pagado,2023-12-01,1,2548,2242,2023-01-01
720,Pagado,2025-12-01,1,2548,2242,2024-01-01
240,Pagado,2022-12-01,1,2548,2243,2022-01-01
200,Pagado,2023-10-01,1,2548,2243,2023-01-01
40,Pagado,2023-12-01,1,2548,2243,2023-11-01
360,Pagado,2024-12-01,1,2548,2243,2024-01-01
150,Pagado,2025-05-01,1,2548,2243,2025-01-01
210,Pagado,2025-12-01,1,2548,2243,2025-06-01
240,Pagado,2022-12-01,1,2548,2244,2022-01-01
480,Pagado,2024-08-01,1,2548,2244,2023-01-01
60,Pagado,2022-03-01,1,2548,2245,2022-01-01
180,Pagado,2022-12-01,1,2548,2245,2022-04-01
240,Pagado,2023-12-01,1,2548,2245,2023-01-01
360,Pagado,2024-12-01,1,2548,2245,2024-01-01
210,Pagado,2025-07-01,1,2548,2245,2025-01-01
150,Pagado,2025-12-01,1,2548,2245,2025-08-01
60,Pagado,2022-03-01,1,2548,2246,2022-01-01
140,Pagado,2022-10-01,1,2548,2246,2022-04-01
40,Pagado,2022-12-01,1,2548,2246,2022-11-01
220,Pagado,2023-02-01,1,2548,2249,2022-04-01
200,Pagado,2023-12-01,1,2548,2249,2023-03-01
510,Pagado,2025-05-01,1,2548,2249,2024-01-01
210,Pagado,2025-12-01,1,2548,2249,2025-06-01
240,Pagado,2022-12-01,1,2548,2250,2022-01-01
60,Pagado,2023-03-01,1,2548,2250,2023-01-01
180,Pagado,2023-12-01,1,2548,2250,2023-04-01
360,Pagado,2024-12-01,1,2548,2250,2024-01-01
180,Pagado,2025-06-01,1,2548,2250,2025-01-01
60,Pagado,2025-08-01,1,2548,2250,2025-07-01
30,Pagado,2025-09-01,1,2548,2250,2025-09-01
90,Pagado,2025-12-01,1,2548,2250,2025-10-01
240,Pagado,2022-12-01,1,2548,2251,2022-01-01
240,Pagado,2023-12-01,1,2548,2251,2023-01-01
360,Pagado,2024-12-01,1,2548,2251,2024-01-01
360,Pagado,2025-12-01,1,2548,2251,2025-01-01
240,Pagado,2022-12-01,1,2548,2252,2022-01-01
240,Pagado,2023-12-01,1,2548,2252,2023-01-01
100,Pagado,2022-12-01,1,2548,2254,2022-08-01
240,Pagado,2023-12-01,1,2548,2254,2023-01-01
360,Pagado,2024-12-01,1,2548,2254,2024-01-01
360,Pagado,2025-12-01,1,2548,2254,2025-01-01
20,Pagado,2022-09-01,1,2548,2255,2022-09-01
260,Pagado,2023-10-01,1,2548,2255,2022-10-01
40,Pagado,2023-12-01,1,2548,2255,2023-11-01
360,Pagado,2024-12-01,1,2548,2255,2024-01-01
360,Pagado,2025-12-01,1,2548,2255,2025-01-01
240,Pagado,2022-12-01,1,2548,2256,2022-01-01
240,Pagado,2023-12-01,1,2548,2256,2023-01-01
360,Pagado,2024-12-01,1,2548,2256,2024-01-01
360,Pagado,2025-12-01,1,2548,2256,2025-01-01
240,Pagado,2022-12-01,1,2548,2257,2022-01-01
240,Pagado,2023-12-01,1,2548,2257,2023-01-01
240,Pagado,2022-12-01,1,2548,2258,2022-01-01
240,Pagado,2023-12-01,1,2548,2258,2023-01-01
360,Pagado,2024-12-01,1,2548,2258,2024-01-01
360,Pagado,2025-12-01,1,2548,2258,2025-01-01
240,Pagado,2023-12-01,1,2548,2261,2023-01-01
510,Pagado,2025-05-01,1,2548,2261,2024-01-01
210,Pagado,2025-12-01,1,2548,2261,2025-06-01
240,Pagado,2023-12-01,1,2548,2262,2023-01-01
360,Pagado,2024-12-01,1,2548,2262,2024-01-01
360,Pagado,2025-12-01,1,2548,2262,2025-01-01
60,Pagado,2023-05-01,1,2548,2263,2023-03-01
560,Pagado,2024-12-01,1,2548,2264,2023-03-01
160,Pagado,2023-08-01,1,2548,2265,2023-01-01
80,Pagado,2023-12-01,1,2548,2265,2023-09-01
360,Pagado,2024-12-01,1,2548,2265,2024-01-01
360,Pagado,2025-12-01,1,2548,2265,2025-01-01
120,Pagado,2023-06-01,1,2548,2267,2023-01-01
120,Pagado,2023-12-01,1,2548,2267,2023-07-01
510,Pagado,2025-05-01,1,2548,2267,2024-01-01
560,Pagado,2024-12-01,1,2548,2273,2023-03-01
360,Pagado,2025-12-01,1,2548,2273,2025-01-01
560,Pagado,2024-12-01,1,2548,2274,2023-03-01
360,Pagado,2025-12-01,1,2548,2274,2025-01-01
100,Pagado,2023-05-01,1,2548,2277,2023-01-01
140,Pagado,2023-12-01,1,2548,2277,2023-06-01
360,Pagado,2024-12-01,1,2548,2277,2024-01-01
360,Pagado,2025-12-01,1,2548,2277,2025-01-01
690,Pagado,2025-05-01,1,2548,2279,2023-04-01
210,Pagado,2025-12-01,1,2548,2279,2025-06-01
240,Pagado,2023-12-01,1,2548,2280,2023-01-01
360,Pagado,2024-12-01,1,2548,2280,2024-01-01
60,Pagado,2023-03-01,1,2548,2281,2023-01-01
20,Pagado,2023-04-01,1,2548,2281,2023-04-01
100,Pagado,2023-09-01,1,2548,2281,2023-05-01
60,Pagado,2023-12-01,1,2548,2281,2023-10-01
240,Pagado,2024-08-01,1,2548,2281,2024-01-01
120,Pagado,2024-12-01,1,2548,2281,2024-09-01
360,Pagado,2025-12-01,1,2548,2281,2025-01-01
60,Pagado,2023-08-01,1,2548,2282,2023-06-01
180,Pagado,2023-12-01,1,2548,2282,2022-04-01
360,Pagado,2024-12-01,1,2548,2282,2024-01-01
180,Pagado,2025-06-01,1,2548,2282,2025-01-01
180,Pagado,2025-12-01,1,2548,2282,2025-07-01
380,Pagado,2024-10-01,1,2548,2283,2023-09-01
60,Pagado,2024-12-01,1,2548,2283,2024-12-01
150,Pagado,2025-05-01,1,2548,2283,2025-01-01
210,Pagado,2025-12-01,1,2548,2283,2025-06-01
240,Pagado,2023-12-01,1,2548,2284,2023-01-01
360,Pagado,2024-12-01,1,2548,2284,2024-01-01
65,Pagado,2025-02-01,1,2548,2284,2025-01-01
300,Pagado,2025-12-01,1,2548,2284,2025-03-01
240,Pagado,2023-12-01,1,2548,2285,2023-01-01
240,Pagado,2023-12-01,1,2548,2286,2023-01-01
360,Pagado,2024-12-01,1,2548,2286,2024-01-01
360,Pagado,2025-12-01,1,2548,2286,2025-01-01
20,Pagado,2023-09-01,1,2548,2288,2023-09-01
240,Pagado,2023-12-01,1,2548,2290,2023-01-01
360,Pagado,2024-12-01,1,2548,2290,2024-01-01
360,Pagado,2025-12-01,1,2548,2290,2025-01-01
240,Pagado,2023-12-01,1,2548,2291,2023-01-01
360,Pagado,2024-12-01,1,2548,2291,2024-01-01
360,Pagado,2025-12-01,1,2548,2291,2025-01-01
240,Pagado,2023-12-01,1,2548,2292,2023-01-01
360,Pagado,2024-12-01,1,2548,2292,2024-01-01
140,Pagado,2023-07-01,1,2548,2294,2023-01-01
360,Pagado,2024-12-01,1,2548,2296,2024-01-01
360,Pagado,2025-12-01,1,2548,2296,2025-01-01
210,Pagado,2024-07-01,1,2548,2297,2024-01-01
150,Pagado,2024-12-01,1,2548,2297,2024-08-01
120,Pagado,2025-04-01,1,2548,2297,2025-01-01
90,Pagado,2025-07-01,1,2548,2297,2025-05-01
150,Pagado,2025-12-01,1,2548,2297,2025-08-01
360,Pagado,2024-12-01,1,2548,2298,2024-01-01
90,Pagado,2025-03-01,1,2548,2298,2025-01-01
90,Pagado,2025-06-01,1,2548,2298,2025-04-01
180,Pagado,2025-12-01,1,2548,2298,2025-07-01
360,Pagado,2024-12-01,1,2548,2299,2024-01-01
90,Pagado,2025-03-01,1,2548,2299,2025-01-01
90,Pagado,2025-06-01,1,2548,2299,2025-04-01
180,Pagado,2025-12-01,1,2548,2299,2025-07-01
90,Pagado,2024-05-01,1,2548,2300,2024-03-01
90,Pagado,2024-08-01,1,2548,2300,2024-06-01
60,Pagado,2024-12-01,1,2548,2300,2024-01-01
120,Pagado,2024-12-01,1,2548,2300,2024-09-01
360,Pagado,2025-12-01,1,2548,2300,2025-01-01
120,Pagado,2026-04-01,1,2548,2300,2026-01-01
360,Pagado,2024-12-01,1,2548,2301,2024-01-01
150,Pagado,2025-05-01,1,2548,2301,2025-01-01
210,Pagado,2025-12-01,1,2548,2301,2025-06-01
60,Pagado,2024-02-01,1,2548,2302,2024-01-01
90,Pagado,2024-05-01,1,2548,2302,2024-03-01
210,Pagado,2024-12-01,1,2548,2302,2024-06-01
360,Pagado,2025-12-01,1,2548,2302,2025-01-01
60,Pagado,2024-02-01,1,2548,2303,2024-01-01
300,Pagado,2024-12-01,1,2548,2303,2024-03-01
180,Pagado,2025-06-01,1,2548,2303,2025-01-01
180,Pagado,2025-12-01,1,2548,2303,2025-07-01
180,Pagado,2026-06-01,1,2548,2303,2026-01-01
360,Pagado,2024-12-01,1,2548,2304,2024-01-01
360,Pagado,2025-12-01,1,2548,2304,2025-01-01
360,Pagado,2024-12-01,1,2548,2305,2024-01-01
90,Pagado,2025-03-01,1,2548,2305,2025-01-01
60,Pagado,2024-02-01,1,2548,2306,2024-01-01
300,Pagado,2024-12-01,1,2548,2306,2024-03-01
180,Pagado,2025-06-01,1,2548,2306,2025-01-01
180,Pagado,2025-12-01,1,2548,2306,2025-07-01
180,Pagado,2026-06-01,1,2548,2306,2026-01-01
60,Pagado,2024-02-01,1,2548,2307,2024-01-01
300,Pagado,2024-12-01,1,2548,2307,2024-03-01
210,Pagado,2025-07-01,1,2548,2307,2025-01-01
150,Pagado,2025-12-01,1,2548,2307,2025-08-01
350,Pagado,2024-12-01,1,2548,2308,2024-01-01
120,Pagado,2025-04-01,1,2548,2308,2025-01-01
360,Pagado,2024-12-01,1,2548,2309,2024-01-01
360,Pagado,2025-12-01,1,2548,2309,2025-01-01
60,Pagado,2024-02-01,1,2548,2310,2024-01-01
60,Pagado,2024-04-01,1,2548,2310,2024-03-01
240,Pagado,2024-12-01,1,2548,2310,2024-05-01
360,Pagado,2025-12-01,1,2548,2310,2025-01-01
210,Pagado,2024-07-01,1,2548,2311,2024-01-01
150,Pagado,2024-12-01,1,2548,2311,2024-08-01
150,Pagado,2025-05-01,1,2548,2311,2025-01-01
210,Pagado,2025-12-01,1,2548,2311,2025-06-01
360,Pagado,2024-12-01,1,2548,2312,2024-01-01
360,Pagado,2025-12-01,1,2548,2312,2025-01-01
300,Pagado,2025-01-01,1,2548,2313,2024-04-01
90,Pagado,2025-04-01,1,2548,2313,2025-02-01
240,Pagado,2025-12-01,1,2548,2313,2025-05-01
360,Pagado,2024-12-01,1,2548,2314,2024-01-01
300,Pagado,2025-10-01,1,2548,2314,2025-01-01
60,Pagado,2025-12-01,1,2548,2314,2025-11-01
360,Pagado,2024-12-01,1,2548,2315,2024-01-01
360,Pagado,2025-12-01,1,2548,2315,2025-01-01
90,Pagado,2024-03-01,1,2548,2316,2024-01-01
90,Pagado,2024-06-01,1,2548,2316,2024-04-01
90,Pagado,2024-09-01,1,2548,2316,2024-07-01
90,Pagado,2024-12-01,1,2548,2316,2024-10-01
360,Pagado,2025-12-01,1,2548,2316,2025-01-01
360,Pagado,2024-12-01,1,2548,2317,2024-01-01
360,Pagado,2025-12-01,1,2548,2317,2025-01-01
90,Pagado,2024-03-01,1,2548,2318,2024-01-01
30,Pagado,2024-04-01,1,2548,2318,2024-04-01
90,Pagado,2024-07-01,1,2548,2318,2024-05-01
90,Pagado,2024-10-01,1,2548,2318,2024-08-01
60,Pagado,2024-12-01,1,2548,2318,2024-11-01
300,Pagado,2025-10-01,1,2548,2318,2025-01-01
60,Pagado,2025-12-01,1,2548,2318,2025-11-01
360,Pagado,2024-12-01,1,2548,2319,2024-01-01
360,Pagado,2025-12-01,1,2548,2319,2025-01-01
90,Pagado,2024-03-01,1,2548,2321,2024-01-01
30,Pagado,2024-04-01,1,2548,2321,2024-04-01
30,Pagado,2024-05-01,1,2548,2321,2024-05-01
30,Pagado,2024-06-01,1,2548,2321,2024-06-01
30,Pagado,2024-07-01,1,2548,2321,2024-07-01
30,Pagado,2024-08-31,1,2548,2321,2024-08-01
30,Pagado,2024-09-01,1,2548,2321,2024-09-01
30,Pagado,2024-10-01,1,2548,2321,2024-10-01
60,Pagado,2024-12-01,1,2548,2321,2024-11-01
90,Pagado,2025-03-01,1,2548,2321,2025-01-01
30,Pagado,2025-04-01,1,2548,2321,2025-04-01
30,Pagado,2025-05-01,1,2548,2321,2025-05-01
30,Pagado,2025-06-01,1,2548,2321,2025-06-01
30,Pagado,2025-07-01,1,2548,2321,2025-07-01
30,Pagado,2025-08-01,1,2548,2321,2025-08-01
30,Pagado,2025-09-01,1,2548,2321,2025-09-01
30,Pagado,2025-10-01,1,2548,2321,2025-10-01
30,Pagado,2025-11-01,1,2548,2321,2025-11-01
30,Pagado,2025-12-01,1,2548,2321,2025-12-01
30,Pagado,2026-01-01,1,2548,2321,2026-01-01
60,Pagado,2026-03-01,1,2548,2321,2026-02-01
360,Pagado,2024-12-01,1,2548,2322,2024-01-01
360,Pagado,2025-12-01,1,2548,2322,2025-01-01
360,Pagado,2024-12-01,1,2548,2323,2024-01-01
360,Pagado,2025-12-01,1,2548,2323,2025-01-01
360,Pagado,2024-12-01,1,2548,2324,2024-01-01
360,Pagado,2025-01-01,1,2548,2324,2025-01-01
630,Pagado,2025-12-01,1,2548,2325,2025-04-01
360,Pagado,2024-12-01,1,2548,2326,2024-01-01
360,Pagado,2025-12-01,1,2548,2326,2025-01-01
360,Pagado,2024-12-01,1,2548,2327,2024-01-01
120,Pagado,2025-04-01,1,2548,2327,2025-01-01
120,Pagado,2025-08-01,1,2548,2327,2025-05-01
120,Pagado,2025-12-01,1,2548,2327,2025-09-01
360,Pagado,2024-12-01,1,2548,2328,2024-01-01
360,Pagado,2025-12-01,1,2548,2328,2025-01-01
90,Pagado,2024-03-01,1,2548,2329,2024-01-01
150,Pagado,2024-08-01,1,2548,2329,2024-04-01
120,Pagado,2024-12-01,1,2548,2329,2024-09-01
420,Pagado,2025-05-01,1,2548,2330,2024-04-01
210,Pagado,2025-12-01,1,2548,2330,2025-06-01
360,Pagado,2024-12-01,1,2548,2331,2024-01-01
360,Pagado,2025-12-01,1,2548,2331,2025-01-01
90,Pagado,2024-03-01,1,2548,2333,2024-01-01
150,Pagado,2024-08-01,1,2548,2333,2024-04-01
120,Pagado,2024-12-01,1,2548,2333,2024-09-01
360,Pagado,2025-12-01,1,2548,2333,2025-01-01
90,Pagado,2024-03-01,1,2548,2334,2024-01-01
150,Pagado,2024-08-01,1,2548,2334,2024-04-01
120,Pagado,2024-12-01,1,2548,2334,2024-09-01
360,Pagado,2025-12-01,1,2548,2334,2025-01-01
240,Pagado,2024-08-01,1,2548,2335,2024-01-01
120,Pagado,2024-12-01,1,2548,2335,2024-09-01
90,Pagado,2025-03-01,1,2548,2335,2025-01-01
270,Pagado,2025-12-01,1,2548,2335,2025-04-01
360,Pagado,2024-12-01,1,2548,2336,2024-01-01
360,Pagado,2025-12-01,1,2548,2336,2025-01-01
360,Pagado,2024-12-01,1,2548,2337,2024-01-01
360,Pagado,2025-12-01,1,2548,2337,2025-01-01
360,Pagado,2024-12-01,1,2548,2338,2024-01-01
360,Pagado,2025-12-01,1,2548,2338,2025-01-01
360,Pagado,2024-12-01,1,2548,2339,2024-01-01
360,Pagado,2025-12-01,1,2548,2339,2025-01-01
360,Pagado,2024-12-01,1,2548,2340,2024-01-01
360,Pagado,2025-12-01,1,2548,2340,2025-01-01
90,Pagado,2024-03-01,1,2548,2341,2024-01-01
120,Pagado,2024-07-01,1,2548,2341,2024-04-01
150,Pagado,2024-12-01,1,2548,2341,2024-08-01
360,Pagado,2025-12-01,1,2548,2341,2025-01-01
360,Pagado,2024-12-01,1,2548,2342,2024-01-01
360,Pagado,2025-12-01,1,2548,2342,2025-01-01
180,Pagado,2024-09-01,1,2548,2343,2024-04-01
90,Pagado,2024-09-01,1,2548,2343,2024-01-01
90,Pagado,2024-12-01,1,2548,2343,2024-10-01
150,Pagado,2025-05-01,1,2548,2343,2025-01-01
210,Pagado,2025-12-01,1,2548,2343,2025-06-01
630,Pagado,2025-12-01,1,2548,2344,2024-04-01
90,Pagado,2024-03-01,1,2548,2345,2024-01-01
30,Pagado,2024-04-01,1,2548,2345,2024-04-01
150,Pagado,2024-09-01,1,2548,2345,2024-05-01
90,Pagado,2024-12-01,1,2548,2345,2024-10-01
180,Pagado,2025-06-01,1,2548,2345,2025-01-01
180,Pagado,2025-12-01,1,2548,2345,2025-07-01
90,Pagado,2024-03-01,1,2548,2346,2024-01-01
120,Pagado,2024-07-01,1,2548,2346,2024-04-01
180,Pagado,2025-01-01,1,2548,2346,2024-08-01
90,Pagado,2024-03-01,1,2548,2347,2024-01-01
90,Pagado,2024-06-01,1,2548,2347,2024-04-01
180,Pagado,2024-12-01,1,2548,2347,2024-07-01
360,Pagado,2025-12-01,1,2548,2347,2025-01-01
360,Pagado,2024-12-01,1,2548,2348,2024-01-01
360,Pagado,2025-12-01,1,2548,2348,2025-01-01
90,Pagado,2024-03-01,1,2548,2349,2024-01-01
270,Pagado,2024-12-01,1,2548,2349,2024-04-01
360,Pagado,2024-12-01,1,2548,2350,2024-01-01
360,Pagado,2025-12-01,1,2548,2350,2025-01-01
360,Pagado,2024-12-01,1,2548,2351,2024-01-01
360,Pagado,2025-12-01,1,2548,2351,2025-01-01
360,Pagado,2024-12-01,1,2548,2352,2024-01-01
360,Pagado,2025-12-01,1,2548,2352,2025-01-01
90,Pagado,2024-03-01,1,2548,2353,2024-01-01
90,Pagado,2024-06-01,1,2548,2353,2024-04-01
180,Pagado,2024-12-01,1,2548,2353,2024-07-01
360,Pagado,2024-12-01,1,2548,2355,2024-01-01
360,Pagado,2025-12-01,1,2548,2355,2025-01-01
360,Pagado,2024-12-01,1,2548,2356,2024-01-01
150,Pagado,2025-05-01,1,2548,2356,2025-01-01
210,Pagado,2025-12-01,1,2548,2356,2025-06-01
360,Pagado,2024-12-01,1,2548,2357,2024-01-01
300,Pagado,2025-10-01,1,2548,2357,2025-01-01
60,Pagado,2025-12-01,1,2548,2357,2025-11-01
360,Pagado,2024-12-01,1,2548,2358,2024-01-01
360,Pagado,2025-12-01,1,2548,2358,2025-01-01
180,Pagado,2024-06-01,1,2548,2360,2024-01-01
180,Pagado,2024-12-01,1,2548,2360,2024-07-01
180,Pagado,2024-06-01,1,2548,2361,2024-01-01
180,Pagado,2024-12-01,1,2548,2361,2024-07-01
360,Pagado,2024-12-01,1,2548,2363,2024-01-01
360,Pagado,2024-12-01,1,2548,2364,2024-01-01
360,Pagado,2024-12-01,1,2548,2365,2024-01-01
360,Pagado,2025-12-01,1,2548,2365,2025-01-01
630,Pagado,2025-12-01,1,2548,2367,2024-04-01
360,Pagado,2024-12-01,1,2548,2368,2024-01-01
360,Pagado,2025-12-01,1,2548,2368,2025-01-01
630,Pagado,2025-12-01,1,2548,2369,2024-04-01
360,Pagado,2024-12-01,1,2548,2370,2024-01-01
360,Pagado,2025-12-01,1,2548,2370,2025-01-01
360,Pagado,2024-12-01,1,2548,2371,2024-01-01
150,Pagado,2025-05-01,1,2548,2371,2025-01-01
210,Pagado,2025-12-01,1,2548,2371,2025-06-01
360,Pagado,2024-12-01,1,2548,2372,2024-01-01
360,Pagado,2024-12-01,1,2548,2373,2024-01-01
150,Pagado,2025-05-01,1,2548,2373,2025-01-01
210,Pagado,2025-12-01,1,2548,2373,2025-06-01
360,Pagado,2024-12-01,1,2548,2375,2024-01-01
360,Pagado,2025-12-01,1,2548,2375,2025-01-01
360,Pagado,2024-12-01,1,2548,2376,2024-01-01
360,Pagado,2025-12-01,1,2548,2376,2025-01-01
360,Pagado,2024-12-01,1,2548,2377,2024-01-01
360,Pagado,2025-12-01,1,2548,2377,2025-01-01
360,Pagado,2025-12-01,1,2548,2378,2025-01-01
100,Pagado,2024-04-01,1,2548,2379,2024-01-01
100,Pagado,2024-07-01,1,2548,2379,2024-04-01
160,Pagado,2024-12-01,1,2548,2379,2024-07-01
180,Pagado,2025-06-01,1,2548,2379,2025-01-01
180,Pagado,2025-12-01,1,2548,2379,2025-07-01
360,Pagado,2024-12-01,1,2548,2380,2024-01-01
360,Pagado,2025-12-01,1,2548,2380,2025-01-01
90,Pagado,2024-03-01,1,2548,2381,2024-01-01
90,Pagado,2024-06-01,1,2548,2381,2024-04-01
180,Pagado,2024-12-01,1,2548,2381,2024-07-01
210,Pagado,2025-07-01,1,2548,2381,2025-01-01
150,Pagado,2025-12-01,1,2548,2381,2025-08-01
420,Pagado,2025-05-01,1,2548,2384,2024-04-01
360,Pagado,2024-12-01,1,2548,2385,2024-01-01
150,Pagado,2025-05-01,1,2548,2385,2025-01-01
90,Pagado,2025-08-01,1,2548,2385,2025-06-01
120,Pagado,2025-12-01,1,2548,2385,2025-09-01
630,Pagado,2025-12-01,1,2548,2386,2024-04-01
360,Pagado,2024-12-01,1,2548,2387,2024-01-01
180,Pagado,2025-06-01,1,2548,2387,2025-01-01
180,Pagado,2025-12-01,1,2548,2387,2025-07-01
360,Pagado,2024-12-01,1,2548,2388,2024-01-01
360,Pagado,2025-12-01,1,2548,2388,2025-01-01
90,Pagado,2024-03-01,1,2548,2389,2024-01-01
60,Pagado,2024-05-01,1,2548,2389,2024-04-01
180,Pagado,2024-11-01,1,2548,2389,2024-06-01
30,Pagado,2024-12-01,1,2548,2389,2024-12-01
90,Pagado,2025-03-01,1,2548,2389,2025-01-01
270,Pagado,2025-12-01,1,2548,2389,2025-04-01
360,Pagado,2024-12-01,1,2548,2390,2024-01-01
360,Pagado,2025-12-01,1,2548,2390,2025-01-01
210,Pagado,2024-07-01,1,2548,2391,2024-01-01
150,Pagado,2024-12-01,1,2548,2391,2024-08-01
300,Pagado,2025-10-01,1,2548,2391,2025-01-01
60,Pagado,2025-12-01,1,2548,2391,2025-11-01
210,Pagado,2024-07-01,1,2548,2392,2024-01-01
150,Pagado,2024-12-01,1,2548,2392,2024-08-01
150,Pagado,2025-05-01,1,2548,2392,2025-01-01
210,Pagado,2025-12-01,1,2548,2392,2025-06-01
360,Pagado,2024-12-01,1,2548,2394,2024-01-01
90,Pagado,2024-03-01,1,2548,2395,2024-01-01
90,Pagado,2024-06-01,1,2548,2395,2024-04-01
180,Pagado,2024-12-01,1,2548,2395,2024-07-01
360,Pagado,2025-12-01,1,2548,2395,2025-01-01
360,Pagado,2024-12-01,1,2548,2396,2024-01-01
360,Pagado,2025-12-01,1,2548,2396,2025-01-01
360,Pagado,2024-12-01,1,2548,2397,2024-01-01
360,Pagado,2025-12-01,1,2548,2397,2025-01-01
90,Pagado,2024-03-01,1,2548,2399,2024-01-01
270,Pagado,2024-12-01,1,2548,2399,2024-04-01
360,Pagado,2025-12-01,1,2548,2399,2025-01-01
360,Pagado,2024-12-01,1,2548,2400,2024-01-01
360,Pagado,2024-12-01,1,2548,2402,2024-01-01
360,Pagado,2025-12-01,1,2548,2402,2025-01-01
360,Pagado,2024-12-01,1,2548,2403,2024-01-01
360,Pagado,2025-12-01,1,2548,2403,2025-01-01
360,Pagado,2024-12-01,1,2548,2404,2024-01-01
240,Pagado,2025-12-01,1,2548,2404,2025-05-01
360,Pagado,2024-12-01,1,2548,2405,2024-01-01
360,Pagado,2025-12-01,1,2548,2405,2025-01-01
360,Pagado,2024-12-01,1,2548,2406,2024-01-01
360,Pagado,2025-12-01,1,2548,2406,2025-01-01
360,Pagado,2024-12-01,1,2548,2407,2024-01-01
360,Pagado,2025-12-01,1,2548,2407,2025-01-01
360,Pagado,2024-12-01,1,2548,2409,2024-01-01
360,Pagado,2024-12-01,1,2548,2410,2024-01-01
90,Pagado,2025-03-01,1,2548,2410,2025-01-01
270,Pagado,2024-12-01,1,2548,2411,2024-04-01
360,Pagado,2025-12-01,1,2548,2411,2025-01-01
360,Pagado,2024-12-01,1,2548,2412,2024-01-01
360,Pagado,2025-12-01,1,2548,2412,2025-01-01
360,Pagado,2024-12-01,1,2548,2416,2024-01-01
360,Pagado,2025-12-01,1,2548,2416,2025-01-01
360,Pagado,2024-12-01,1,2548,2417,2024-01-01
360,Pagado,2024-12-01,1,2548,2418,2024-01-01
360,Pagado,2025-12-01,1,2548,2418,2025-01-01
360,Pagado,2024-12-01,1,2548,2419,2024-01-01
360,Pagado,2025-12-01,1,2548,2419,2025-01-01
360,Pagado,2024-12-01,1,2548,2420,2024-01-01
360,Pagado,2025-12-01,1,2548,2420,2025-01-01
360,Pagado,2024-12-01,1,2548,2421,2024-01-01
360,Pagado,2025-12-01,1,2548,2421,2025-01-01
300,Pagado,2025-01-01,1,2548,2422,2024-04-01
330,Pagado,2025-12-01,1,2548,2422,2025-02-01
360,Pagado,2024-12-01,1,2548,2423,2024-01-01
360,Pagado,2025-12-01,1,2548,2423,2025-01-01
90,Pagado,2024-03-01,1,2548,2424,2024-01-01
120,Pagado,2024-07-01,1,2548,2424,2024-04-01
150,Pagado,2024-12-01,1,2548,2424,2024-08-01
180,Pagado,2025-06-01,1,2548,2424,2025-01-01
180,Pagado,2025-09-12,1,2548,2424,2025-07-01
360,Pagado,2024-12-01,1,2548,2425,2024-01-01
90,Pagado,2024-03-01,1,2548,2426,2024-01-01
60,Pagado,2024-05-01,1,2548,2426,2024-04-01
210,Pagado,2024-12-01,1,2548,2426,2024-06-01
60,Pagado,2025-12-01,1,2548,2426,2025-11-01
360,Pagado,2024-12-01,1,2548,2428,2024-01-01
360,Pagado,2025-12-01,1,2548,2428,2025-01-01
360,Pagado,2024-12-01,1,2548,2429,2024-01-01
360,Pagado,2025-12-01,1,2548,2429,2025-01-01
360,Pagado,2024-12-01,1,2548,2430,2024-01-01
360,Pagado,2025-12-01,1,2548,2430,2025-01-01
120,Pagado,2024-04-01,1,2548,2431,2024-01-01
180,Pagado,2024-10-01,1,2548,2431,2024-05-01
30,Pagado,2024-11-01,1,2548,2431,2024-11-01
30,Pagado,2024-12-01,1,2548,2431,2024-12-01
360,Pagado,2025-12-01,1,2548,2431,2025-01-01
360,Pagado,2024-12-01,1,2548,2432,2024-01-01
150,Pagado,2025-05-01,1,2548,2432,2025-01-01
300,Pagado,2025-01-01,1,2548,2433,2024-04-01
330,Pagado,2025-12-01,1,2548,2433,2025-02-01
360,Pagado,2024-12-01,1,2548,2434,2024-01-01
360,Pagado,2025-12-01,1,2548,2434,2025-01-01
360,Pagado,2024-12-01,1,2548,2436,2024-01-01
360,Pagado,2025-12-01,1,2548,2436,2025-01-01
360,Pagado,2024-12-01,1,2548,2437,2024-01-01
360,Pagado,2025-12-01,1,2548,2437,2025-01-01
360,Pagado,2024-12-01,1,2548,2438,2024-01-01
360,Pagado,2025-12-01,1,2548,2438,2025-01-01
630,Pagado,2025-12-01,1,2548,2439,2024-04-01
420,Pagado,2025-05-01,1,2548,2440,2024-04-01
210,Pagado,2025-12-01,1,2548,2440,2025-06-01
420,Pagado,2025-05-01,1,2548,2441,2024-04-01
120,Pagado,2024-04-01,1,2548,2442,2024-01-01
30,Pagado,2024-05-01,1,2548,2442,2024-05-01
210,Pagado,2024-12-01,1,2548,2442,2024-06-01
360,Pagado,2025-12-01,1,2548,2442,2025-01-01
360,Pagado,2024-12-01,1,2548,2443,2024-01-01
360,Pagado,2024-12-01,1,2548,2444,2024-01-01
360,Pagado,2025-12-01,1,2548,2444,2025-01-01
360,Pagado,2024-12-01,1,2548,2445,2024-01-01
360,Pagado,2025-12-01,1,2548,2445,2025-01-01
120,Pagado,2024-04-01,1,2548,2446,2024-01-01
180,Pagado,2024-10-01,1,2548,2446,2024-05-01
60,Pagado,2024-12-01,1,2548,2446,2024-11-01
120,Pagado,2024-04-01,1,2548,2447,2024-01-01
90,Pagado,2024-07-01,1,2548,2447,2024-05-01
150,Pagado,2024-12-01,1,2548,2447,2024-08-01
120,Pagado,2024-04-01,1,2548,2448,2024-01-01
90,Pagado,2024-07-01,1,2548,2448,2024-05-01
90,Pagado,2024-10-01,1,2548,2448,2024-08-01
60,Pagado,2024-12-01,1,2548,2448,2024-11-01
210,Pagado,2025-07-01,1,2548,2448,2025-01-01
150,Pagado,2025-12-01,1,2548,2448,2025-08-01
120,Pagado,2024-04-01,1,2548,2449,2024-01-01
30,Pagado,2024-05-01,1,2548,2449,2024-05-01
30,Pagado,2024-06-01,1,2548,2449,2024-06-01
180,Pagado,2024-12-01,1,2548,2449,2024-07-01
360,Pagado,2025-12-01,1,2548,2449,2025-01-01
360,Pagado,2024-12-01,1,2548,2450,2024-01-01
360,Pagado,2025-12-01,1,2548,2450,2025-01-01
360,Pagado,2024-12-01,1,2548,2451,2024-01-01
360,Pagado,2025-12-01,1,2548,2451,2025-01-01
360,Pagado,2024-12-01,1,2548,2453,2024-01-01
120,Pagado,2024-04-01,1,2548,2454,2024-01-01
240,Pagado,2024-12-01,1,2548,2454,2024-05-01
90,Pagado,2025-03-01,1,2548,2454,2025-01-01
270,Pagado,2025-12-01,1,2548,2454,2025-04-01
360,Pagado,2024-12-01,1,2548,2455,2024-01-01
360,Pagado,2025-12-01,1,2548,2455,2025-01-01
360,Pagado,2024-12-01,1,2548,2456,2024-01-01
150,Pagado,2025-05-01,1,2548,2456,2025-01-01
210,Pagado,2025-12-01,1,2548,2456,2025-06-01
360,Pagado,2024-12-01,1,2548,2457,2024-01-01
360,Pagado,2024-12-01,1,2548,2458,2024-01-01
360,Pagado,2025-12-01,1,2548,2458,2025-01-01
360,Pagado,2024-12-01,1,2548,2459,2024-01-01
150,Pagado,2024-09-01,1,2548,2460,2024-05-01
90,Pagado,2024-12-01,1,2548,2460,2024-10-01
360,Pagado,2025-12-01,1,2548,2460,2025-01-01
360,Pagado,2024-12-01,1,2548,2462,2024-01-01
360,Pagado,2025-12-01,1,2548,2462,2025-01-01
360,Pagado,2024-12-01,1,2548,2463,2024-01-01
420,Pagado,2025-06-01,1,2548,2464,2024-05-01
180,Pagado,2025-12-01,1,2548,2464,2025-07-01
360,Pagado,2024-12-01,1,2548,2465,2024-01-01
360,Pagado,2024-12-01,1,2548,2466,2024-01-01
360,Pagado,2024-12-01,1,2548,2468,2024-01-01
360,Pagado,2025-12-01,1,2548,2468,2025-01-01
360,Pagado,2024-12-01,1,2548,2469,2024-01-01
360,Pagado,2024-12-01,1,2548,2470,2024-01-01
360,Pagado,2025-12-01,1,2548,2470,2025-01-01
360,Pagado,2024-12-01,1,2548,2471,2024-01-01
360,Pagado,2025-12-01,1,2548,2471,2025-01-01
360,Pagado,2024-12-01,1,2548,2473,2024-01-01
360,Pagado,2024-12-01,1,2548,2474,2024-01-01
360,Pagado,2025-12-01,1,2548,2474,2025-01-01
360,Pagado,2024-12-01,1,2548,2475,2024-01-01
360,Pagado,2025-12-01,1,2548,2475,2025-01-01
300,Pagado,2025-04-01,1,2548,2476,2024-07-01
150,Pagado,2024-05-01,1,2548,2477,2024-01-01
30,Pagado,2024-06-01,1,2548,2477,2024-06-01
180,Pagado,2024-12-01,1,2548,2477,2024-07-01
90,Pagado,2025-03-01,1,2548,2477,2025-01-01
90,Pagado,2025-06-01,1,2548,2477,2025-04-01
90,Pagado,2026-03-01,1,2548,2477,2026-01-01
360,Pagado,2024-12-01,1,2548,2478,2024-01-01
360,Pagado,2024-12-01,1,2548,2479,2024-01-01
360,Pagado,2024-12-01,1,2548,2480,2024-01-01
360,Pagado,2025-12-01,1,2548,2480,2025-01-01
360,Pagado,2024-12-01,1,2548,2481,2024-01-01
360,Pagado,2025-12-01,1,2548,2481,2025-01-01
360,Pagado,2024-12-01,1,2548,2482,2024-01-01
360,Pagado,2025-12-01,1,2548,2482,2025-01-01
360,Pagado,2024-12-01,1,2548,2483,2024-01-01
360,Pagado,2025-12-01,1,2548,2483,2025-01-01
360,Pagado,2024-12-01,1,2548,2484,2024-01-01
360,Pagado,2025-12-01,1,2548,2484,2025-01-01
180,Pagado,2024-06-01,1,2548,2485,2024-01-01
180,Pagado,2024-12-01,1,2548,2485,2024-07-01
360,Pagado,2025-12-01,1,2548,2485,2025-01-01
360,Pagado,2024-12-01,1,2548,2486,2024-01-01
360,Pagado,2024-12-01,1,2548,2487,2024-01-01
360,Pagado,2025-12-01,1,2548,2487,2025-01-01
360,Pagado,2024-12-01,1,2548,2488,2024-01-01
360,Pagado,2025-12-01,1,2548,2488,2025-01-01
210,Pagado,2024-07-01,1,2548,2489,2024-01-01
150,Pagado,2024-12-01,1,2548,2489,2024-08-01
360,Pagado,2025-12-01,1,2548,2489,2025-01-01
360,Pagado,2024-12-01,1,2548,2490,2024-01-01
60,Pagado,2025-02-01,1,2548,2490,2025-01-01
90,Pagado,2025-05-01,1,2548,2490,2025-03-01
90,Pagado,2025-08-01,1,2548,2490,2025-06-01
120,Pagado,2025-12-01,1,2548,2490,2025-09-01
360,Pagado,2024-12-01,1,2548,2491,2024-01-01
360,Pagado,2025-12-01,1,2548,2491,2025-01-01
240,Pagado,2025-05-01,1,2548,2492,2024-10-01
360,Pagado,2024-12-01,1,2548,2493,2024-01-01
360,Pagado,2024-12-01,1,2548,2494,2024-01-01
360,Pagado,2025-12-01,1,2548,2494,2025-01-01
360,Pagado,2024-12-01,1,2548,2496,2024-01-01
390,Pagado,2026-01-01,1,2548,2496,2025-01-01
360,Pagado,2024-12-01,1,2548,2497,2024-01-01
390,Pagado,2026-01-01,1,2548,2497,2025-01-01
360,Pagado,2024-12-01,1,2548,2498,2024-01-01
360,Pagado,2025-12-01,1,2548,2498,2025-01-01
360,Pagado,2024-12-01,1,2548,2499,2024-01-01
360,Pagado,2025-12-01,1,2548,2499,2025-01-01
360,Pagado,2024-12-01,1,2548,2500,2024-01-01
360,Pagado,2024-12-01,1,2548,2501,2024-01-01
360,Pagado,2025-12-01,1,2548,2501,2025-01-01
360,Pagado,2024-12-01,1,2548,2502,2024-01-01
360,Pagado,2025-12-01,1,2548,2502,2025-01-01
450,Pagado,2025-12-01,1,2548,2503,2024-10-01
360,Pagado,2024-12-01,1,2548,2504,2024-01-01
360,Pagado,2025-12-01,1,2548,2504,2025-01-01
450,Pagado,2025-12-01,1,2548,2506,2024-10-01
360,Pagado,2025-12-01,1,2548,2508,2025-01-01
150,Pagado,2025-05-01,1,2548,2509,2025-01-01
210,Pagado,2025-12-01,1,2548,2509,2025-06-01
150,Pagado,2025-05-01,1,2548,2510,2025-01-01
90,Pagado,2025-08-01,1,2548,2510,2025-06-01
120,Pagado,2025-12-01,1,2548,2510,2025-09-01
150,Pagado,2026-05-01,1,2548,2510,2026-01-01
360,Pagado,2025-12-01,1,2548,2511,2025-01-01
360,Pagado,2025-12-01,1,2548,2512,2025-01-01
360,Pagado,2025-12-01,1,2548,2513,2025-01-01
150,Pagado,2025-05-01,1,2548,2519,2025-01-01
210,Pagado,2025-12-01,1,2548,2519,2025-06-01
360,Pagado,2025-12-01,1,2548,2520,2025-01-01
360,Pagado,2025-12-01,1,2548,2521,2025-01-01
360,Pagado,2025-12-01,1,2548,2526,2025-01-01
360,Pagado,2025-12-01,1,2548,2528,2025-01-01
360,Pagado,2025-12-01,1,2548,2529,2025-01-01
210,Pagado,2025-07-01,1,2548,2531,2025-01-01
150,Pagado,2025-12-01,1,2548,2531,2025-08-01
360,Pagado,2025-12-01,1,2548,2533,2025-01-01
360,Pagado,2025-12-01,1,2548,2534,2025-01-01
360,Pagado,2025-12-01,1,2548,2535,2025-01-01
90,Pagado,2025-03-01,1,2548,2537,2025-01-01
90,Pagado,2025-06-01,1,2548,2537,2025-04-01
90,Pagado,2025-09-01,1,2548,2537,2025-07-01
90,Pagado,2025-12-01,1,2548,2537,2025-10-01
90,Pagado,2026-03-01,1,2548,2537,2026-01-01
90,Pagado,2025-03-01,1,2548,2538,2025-01-01
90,Pagado,2025-06-01,1,2548,2538,2025-04-01
90,Pagado,2025-09-01,1,2548,2538,2025-07-01
90,Pagado,2025-12-01,1,2548,2538,2025-10-01
90,Pagado,2026-03-01,1,2548,2538,2026-01-01
360,Pagado,2025-12-01,1,2548,2539,2025-01-01
360,Pagado,2025-12-01,1,2548,2540,2025-01-01
270,Pagado,2025-09-01,1,2548,2543,2025-01-01
90,Pagado,2025-12-01,1,2548,2543,2025-10-01
100,Pagado,2001-05-01,1,2548,1339850,2001-01-01
